Date,Open,High,Low,Close,Adj Close,Volume
01-07-2002,910,910,880,897.599976,811.72522,426
02-07-2002,900,905,895,903.650024,817.196777,310
03-07-2002,910,910,900,906.700012,819.95459,336
04-07-2002,920,925,910,916.799988,829.088379,591
05-07-2002,915,935,910,927.299988,838.58374,1623
08-07-2002,930,933,918,929.049988,840.166382,1595
09-07-2002,934,934,900.150024,904.400024,817.874512,586
10-07-2002,910,917.900024,901,910.700012,823.571899,826
11-07-2002,891,920,885,893.950012,808.4245,1265
12-07-2002,908.900024,909,890.099976,896.5,810.730408,361
15-07-2002,900,910,871.200012,875,791.287292,1265
16-07-2002,890,890,880,883.049988,798.567444,552
17-07-2002,880.099976,883,880,881.650024,797.301453,572
18-07-2002,867,925,867,912.400024,825.109558,1293
19-07-2002,915,915,903,907.450012,820.63269,415
22-07-2002,898,901,880,885.5,800.783081,756
23-07-2002,870,894.900024,870,891.400024,806.118225,271
24-07-2002,864,894.950012,864,888.5,803.495728,423
25-07-2002,900,900,891,892,806.660889,355
26-07-2002,852,884.900024,852,881.700012,797.346313,1101
29-07-2002,884,905,852,897,811.182678,2486
30-07-2002,917,928,890,894.150024,808.605286,1657
31-07-2002,876,898.900024,870,889.75,804.626221,1149
01-08-2002,898,898,883.599976,884.950012,800.285583,659
02-08-2002,876,890,872.25,889.400024,804.309692,666
05-08-2002,850,927,850,914.650024,827.14386,1726
06-08-2002,970,970,893,906.099976,819.411987,691
07-08-2002,906,960.049988,906,949.049988,858.252686,5411
08-08-2002,949.799988,949.799988,894,900.599976,814.438232,1071
09-08-2002,890,920,890,907.200012,823.148804,417
12-08-2002,909,929,909,923.900024,838.301453,587
13-08-2002,922.150024,929.75,910,910.450012,826.097595,450
14-08-2002,891.049988,908.5,891,897.349976,814.211182,409
15-08-2002,897.349976,897.349976,897.349976,897.349976,814.211182,0
16-08-2002,849.900024,919,849.900024,908,823.874756,205
19-08-2002,905,905,894,895.799988,812.805115,349
20-08-2002,889,905,889,901.049988,817.568542,333
21-08-2002,890,913,890,906.25,822.286499,747
22-08-2002,910,925,905.549988,911.150024,826.732849,675
23-08-2002,924,924.700012,902,902.5,818.884338,482
26-08-2002,915,920,902.099976,912,827.503906,156
27-08-2002,910,910,900,901.650024,818.113098,2288
28-08-2002,890.25,900,888.099976,890.200012,807.723694,365
29-08-2002,888,895,888,891.900024,809.266296,252
30-08-2002,899.950012,907.900024,892.200012,901.599976,818.067566,323
02-09-2002,907,911,892,897.400024,814.256897,215
03-09-2002,909.900024,909.900024,890,895,812.079102,141
04-09-2002,899.950012,904,890.049988,894.650024,811.761536,210
05-09-2002,893.150024,914,893.150024,898.150024,814.937134,70
06-09-2002,851,902,851,901.400024,817.886169,453
09-09-2002,840,900,840,896.549988,813.485229,636
10-09-2002,896.549988,896.549988,896.549988,896.549988,813.485229,0
11-09-2002,900,909,900,909,824.782104,255
12-09-2002,900,917,893.5,915.950012,831.088135,348
13-09-2002,906,913.799988,905.049988,906.049988,822.105286,202
16-09-2002,895,912,895,907.549988,823.466125,201
17-09-2002,905,913,905,909.549988,825.280945,353
18-09-2002,905.900024,914,905,910.900024,826.505859,910
19-09-2002,905.049988,914.950012,905.049988,908.299988,824.14679,208
20-09-2002,906,917,906,915.5,830.67981,660
23-09-2002,906,913.5,905,910.25,825.916138,1170
24-09-2002,906,914,906,912.900024,828.320679,1038
25-09-2002,905,914.900024,905,914.25,829.545593,440
26-09-2002,902,915,902,913.200012,828.592834,312
27-09-2002,912,928,912,922.950012,837.439514,757
30-09-2002,920,920,881.549988,899.549988,816.207275,369
01-10-2002,911,911,872.049988,878.150024,796.790283,278
02-10-2002,878.150024,878.150024,878.150024,878.150024,796.790283,0
03-10-2002,890,890,870,875.5,794.38562,319
04-10-2002,876,880,866.099976,871.5,790.756226,133
07-10-2002,875,880,860,880,798.469116,102
08-10-2002,870,887.950012,870,878,796.654114,32
09-10-2002,865,888.700012,865,873.849976,792.888672,161
10-10-2002,870,870,836,837.900024,760.269287,314
11-10-2002,849.950012,852,836.099976,838,760.360352,436
14-10-2002,825,856.950012,825,842.5,764.442993,264
15-10-2002,842.5,842.5,842.5,842.5,764.442993,0
16-10-2002,849.450012,854.950012,840.25,850.25,771.474915,138
17-10-2002,830.099976,853.75,823.400024,840.25,762.401489,231
18-10-2002,779.450012,849.950012,779.450012,841.400024,763.44519,191
21-10-2002,850,851.900024,841,848,769.433655,379
22-10-2002,854,854,848,849.400024,770.704102,192
23-10-2002,844,850,835,850,771.247986,104
24-10-2002,850,860,847,860,780.321655,242
25-10-2002,855,861,848.099976,854.849976,775.648926,317
28-10-2002,850.099976,852,835,837.650024,760.042603,123
29-10-2002,841.900024,841.900024,825,825.099976,748.655212,74
30-10-2002,821,833.900024,815,815,739.491211,422
31-10-2002,816,828,812,814.849976,739.355042,185
01-11-2002,811,840,811,837.5,759.906189,114
04-11-2002,878.900024,878.900024,821.049988,858.5,778.960693,73
05-11-2002,820,844.900024,805,844.900024,766.620789,81
06-11-2002,844.900024,844.900024,844.900024,844.900024,766.620789,0
07-11-2002,845,849.900024,840.049988,841.049988,763.127563,49
08-11-2002,841,852,840.75,843.650024,765.486694,369
11-11-2002,846.950012,846.950012,830,836.299988,758.817627,71
12-11-2002,835,840,832,839.450012,761.675781,140
13-11-2002,840,852.950012,840,841.900024,766.638611,126
14-11-2002,842,844,833,843.650024,768.231873,81
15-11-2002,841,844,837,843,767.640442,38
18-11-2002,879.950012,879.950012,841,844.5,769.006348,366
19-11-2002,844.5,844.5,844.5,844.5,769.006348,0
20-11-2002,850,850,835,842.25,766.957153,183
21-11-2002,838,845,835,844,768.550659,35
22-11-2002,833.25,851,833.25,847.099976,771.373535,112
25-11-2002,850,859.099976,845.200012,848.599976,772.739563,401
26-11-2002,847.150024,853.650024,841,846.450012,770.781616,255
27-11-2002,847.299988,874,847.299988,854.950012,778.521973,316
28-11-2002,856.25,874,856.25,869.75,791.998962,273
29-11-2002,849,869,849,853,776.746155,230
02-12-2002,848.099976,872,848.099976,867.200012,789.67688,126
03-12-2002,870.950012,871,840,843.650024,768.231873,870
04-12-2002,850,850,840,849.049988,773.14917,303
05-12-2002,850.5,878,850.5,873.799988,795.686707,1007
06-12-2002,870,874.900024,863,872.25,794.275574,422
09-12-2002,860,870,850,854.400024,778.021057,1458
10-12-2002,844,864.299988,835,863.099976,785.943359,758
11-12-2002,875,875,855,856.599976,780.024353,188
12-12-2002,857,867,850,864.299988,787.036072,123
13-12-2002,846,865,843.549988,862.700012,785.578857,399
16-12-2002,865,870,862,865,787.673523,575
17-12-2002,872,874,865,871,793.137146,425
18-12-2002,875,887.450012,875,881.799988,802.971741,685
19-12-2002,881.5,914,881.5,904.25,823.414734,1675
20-12-2002,911,941,910,924.900024,842.218872,2299
23-12-2002,940,949,925.150024,934.549988,851.006042,1842
24-12-2002,948.950012,948.950012,910,922.200012,839.760193,730
25-12-2002,922.200012,922.200012,922.200012,922.200012,839.760193,0
26-12-2002,931.950012,931.950012,911,913.950012,832.247864,384
27-12-2002,912,920,880,895,814.991577,906
30-12-2002,900,911.299988,893.049988,895.200012,815.173645,754
31-12-2002,891,910,891,909.099976,827.831299,360
01-01-2003,914.799988,914.849976,900.25,908.150024,826.966003,120
02-01-2003,914.849976,914.849976,895,899.950012,819.49939,343
03-01-2003,897.099976,904.900024,894,895.849976,815.765869,126
06-01-2003,909.75,909.799988,880.150024,890.549988,810.939697,135
07-01-2003,900,900,890,892.25,812.487549,108
08-01-2003,890,901,875,880.299988,801.605652,371
09-01-2003,897.849976,897.849976,878.150024,884.450012,805.384766,147
10-01-2003,881,890,878.25,881.599976,802.789429,188
13-01-2003,880.200012,880.200012,878.25,879.150024,800.558655,32
14-01-2003,881,881,880,880.549988,801.833252,131
15-01-2003,880,888.700012,875,886.799988,807.524719,285
16-01-2003,875,888.650024,875,886.299988,807.069275,215
17-01-2003,884.900024,885,875,875,796.77948,66
20-01-2003,877,880,865,869.700012,791.953308,2148
21-01-2003,880,880,860,872.900024,794.86731,743
22-01-2003,886.900024,889,860,866.700012,789.221436,720
23-01-2003,882.900024,905,864,889.599976,810.074524,703
24-01-2003,865,909,865,888.599976,809.16394,1002
27-01-2003,888,888,850,857.5,780.843933,330
28-01-2003,856,860,856,860,783.120483,191
29-01-2003,861.200012,894.950012,861.200012,881.75,802.926025,522
30-01-2003,899,904,876.150024,888.650024,809.209595,833
31-01-2003,888.450012,896,876,890.700012,811.07605,430
03-02-2003,889,904,886,900.299988,819.818176,477
04-02-2003,900,904,900,900.450012,819.954529,432
05-02-2003,900,902,896,901,820.455383,420
06-02-2003,909.5,910,895,900,819.544861,329
07-02-2003,905,910,883.049988,886,806.795898,490
10-02-2003,870.299988,894.650024,870.099976,879.450012,800.831665,155
11-02-2003,880,884,865,871.799988,793.865662,262
12-02-2003,884,887.099976,870.099976,874.799988,796.597412,176
13-02-2003,874.799988,874.799988,874.799988,874.799988,796.597412,0
14-02-2003,883,888.450012,871,884.400024,805.339539,157
17-02-2003,880,885,872.5,875.349976,797.098206,352
18-02-2003,885,888,862,871.799988,793.865662,494
19-02-2003,879.900024,890,869.099976,869.599976,791.862122,390
20-02-2003,884.900024,889,867.5,874.900024,796.688721,425
21-02-2003,883,883,871,873.299988,795.231628,181
24-02-2003,882,900,880,880.549988,801.833252,347
25-02-2003,893.950012,893.950012,876,890.400024,810.802917,1063
26-02-2003,875,883,875,880.450012,801.74231,549
27-02-2003,875.200012,883.700012,873.099976,875.450012,797.189331,337
28-02-2003,890,900,863,892.5,812.715149,1125
03-03-2003,898.799988,914,886,911.599976,830.107727,2043
04-03-2003,905,909,896,899.75,832.09613,749
05-03-2003,888,904.5,888,900.099976,832.4198,195
06-03-2003,900,922.799988,900,918.650024,849.575073,1513
07-03-2003,910,920,910,911.599976,843.05481,968
10-03-2003,919,938.599976,910,910,841.575439,1255
11-03-2003,900,910,881,888.849976,822.01593,890
12-03-2003,890.049988,904,880,880.5,814.29364,169
13-03-2003,875,882,870,870.049988,804.629456,158
14-03-2003,870.049988,870.049988,870.049988,870.049988,804.629456,0
17-03-2003,863,895,863,893,825.853455,275
18-03-2003,893,893,893,893,825.853455,0
19-03-2003,875.549988,888,875.549988,877,811.056885,98
20-03-2003,854.549988,890,854.549988,890,823.079285,124
21-03-2003,890.049988,907,890.049988,902.299988,834.454224,277
24-03-2003,905,905,900,902.299988,834.454224,195
25-03-2003,890,900,890,894.450012,827.194641,79
26-03-2003,915,920,880,885.849976,819.24115,802
27-03-2003,900,900,863,866.849976,801.6698,500
28-03-2003,896,896.950012,865,872.299988,806.710266,668
31-03-2003,860,872,856.099976,856.75,792.329285,272
01-04-2003,856.549988,882,856.549988,873.700012,808.004639,325
02-04-2003,875.099976,885.849976,871.75,872.75,807.126282,67
03-04-2003,880,880,872.049988,879.950012,813.785034,437
04-04-2003,880,900,875,890.099976,823.17157,677
07-04-2003,898,898,885,891.049988,824.050293,175
08-04-2003,905,905,894.099976,895,827.703186,125
09-04-2003,893,900,890.099976,891,824.004028,477
10-04-2003,899.950012,903.900024,880,896.200012,828.812988,1286
11-04-2003,882,915,881.049988,902.150024,834.315552,893
14-04-2003,null,null,null,null,null,null
15-04-2003,908.900024,969,892,961,888.740601,2536
16-04-2003,935,1057.099976,935,1057.099976,977.614624,4558
17-04-2003,1085,1089.949951,997,1005.849976,930.218201,4659
18-04-2003,1005.849976,1005.849976,1005.849976,1005.849976,930.218201,0
21-04-2003,1005,1015,929.049988,951.400024,879.862427,1656
22-04-2003,964,978.799988,951.5,955.799988,883.931274,1420
23-04-2003,955.049988,964,940,943.849976,872.880371,918
24-04-2003,950,961,942.049988,957.549988,885.549866,492
25-04-2003,937,1053.349976,937,1010,934.056335,5426
28-04-2003,1000,1020,997.200012,1000.5,925.270508,972
29-04-2003,995,1001.950012,979.099976,985.450012,911.352234,539
30-04-2003,990,1039.900024,990,1014.549988,938.263916,1044
01-05-2003,1014.549988,1014.549988,1014.549988,1014.549988,938.263916,0
02-05-2003,1016,1116,1005,1106.75,1023.531677,5464
05-05-2003,1020,1150,1020,1112.849976,1029.172852,4127
06-05-2003,1060.099976,1105,1060.099976,1083.650024,1002.168274,1264
07-05-2003,1140,1140,1041,1053.099976,973.915161,1261
08-05-2003,1088,1088,1039,1048,969.198792,530
09-05-2003,1047,1152.800049,1046,1120.650024,1036.386108,2799
12-05-2003,1110,1180,1110,1163.5,1076.014404,2713
13-05-2003,1180,1200,1164,1172.25,1084.106079,1977
14-05-2003,1180,1240,1150,1198.199951,1108.104614,2645
15-05-2003,1195,1215,1175,1188.699951,1099.31958,1282
16-05-2003,1204,1204,1180,1190.599976,1101.076782,695
19-05-2003,1197,1200,1190,1198.5,1108.382568,1220
20-05-2003,1187,1205,1181,1199.699951,1109.491943,2124
21-05-2003,1200,1225,1191,1206.75,1116.012085,2104
22-05-2003,1183.050049,1220,1180,1191.800049,1102.186279,3793
23-05-2003,1200,1275,1196,1263.550049,1168.541138,3915
26-05-2003,1250,1348,1250,1300.800049,1202.990234,5601
27-05-2003,1338,1338,1280,1285.449951,1188.794556,1886
28-05-2003,1304,1304,1242,1281.050049,1184.725708,3575
29-05-2003,1281,1301,1262,1293.199951,1195.962036,1972
30-05-2003,1275,1315,1272.199951,1299.5,1201.788452,985
02-06-2003,1300,1320,1277,1292.5,1195.313965,3165
03-06-2003,1325,1325,1257.5,1275.300049,1179.407837,854
04-06-2003,1260.050049,1280,1233,1244.599976,1151.015991,994
05-06-2003,1230,1275,1190,1203.300049,1112.821777,3844
06-06-2003,1160.349976,1205,1150,1169.449951,1081.516846,2236
09-06-2003,1190,1190,1151,1168,1080.175659,1226
10-06-2003,1174,1219.800049,1160,1179.75,1091.042236,5050
11-06-2003,1185,1208.050049,1176.099976,1177.949951,1089.377808,4227
12-06-2003,1186.050049,1210,1186.050049,1190.5,1100.984009,1740
13-06-2003,1151,1208,1151,1174.949951,1086.603271,1143
16-06-2003,1160,1190,1154,1157.550049,1070.511353,513
17-06-2003,1168,1200,1166.25,1199.699951,1109.491943,5152
18-06-2003,1195,1219,1195,1205.099976,1114.486206,3469
19-06-2003,1210.050049,1234,1207.099976,1215.050049,1123.688232,1673
20-06-2003,1220,1220,1175,1195.75,1105.839355,1880
23-06-2003,1217.949951,1219.900024,1191,1199.75,1109.538208,1323
24-06-2003,1200,1200,1180.099976,1182.5,1093.585815,290
25-06-2003,1190.550049,1210,1190,1204,1113.46875,1716
26-06-2003,1210,1319,1203.349976,1247.25,1153.467041,4862
27-06-2003,1296.849976,1296.849976,1215,1230.300049,1137.791626,3779
30-06-2003,1237,1259.400024,1221.099976,1234.199951,1141.397217,3523
01-07-2003,1247.5,1268,1240,1255.5,1161.096558,3139
02-07-2003,1250,1381.050049,1250,1349.349976,1247.889771,9126
03-07-2003,1387,1475,1360,1427.849976,1320.486938,5716
04-07-2003,1425,1449.449951,1389,1404.349976,1298.75415,2113
07-07-2003,1454,1475,1435,1447.900024,1339.029785,4120
08-07-2003,1455.099976,1489,1450,1450.699951,1341.619263,6870
09-07-2003,1455,1464.949951,1400,1415.800049,1309.343262,2363
10-07-2003,1415,1430,1375,1381.199951,1277.344849,1206
11-07-2003,1376,1422.949951,1375,1405.099976,1299.447754,5673
14-07-2003,1419,1430,1400,1407.599976,1301.759644,4364
15-07-2003,1390,1420,1390,1405.400024,1299.72522,826
16-07-2003,1449,1459,1405,1447.699951,1338.844604,2291
17-07-2003,1436,1450,1396.300049,1417.949951,1311.331055,4283
18-07-2003,1400,1420,1396,1403.800049,1298.245361,895
21-07-2003,1391,1440,1365,1383.300049,1279.287109,3014
22-07-2003,1400,1414,1377,1401.800049,1296.396362,2089
23-07-2003,1414,1426,1395,1396.550049,1291.540649,1953
24-07-2003,1395,1410,1390,1405.25,1299.586426,574
25-07-2003,1410,1435,1410,1428.949951,1321.504639,2149
28-07-2003,1449,1510,1421,1497.199951,1384.622559,9331
29-07-2003,1512,1515,1349,1369.800049,1266.802368,10367
30-07-2003,1330,1376,1315,1358.199951,1256.073853,4527
31-07-2003,1351,1367.949951,1322,1334.5,1234.156372,2327
01-08-2003,1355,1356,1300,1346.550049,1245.300171,3070
04-08-2003,1360,1481.050049,1340,1441.150024,1332.786743,8339
05-08-2003,1480,1530,1430.25,1441.75,1333.342041,4944
06-08-2003,1440,1469,1370,1398.050049,1295.623901,1466
07-08-2003,1445,1445,1398,1403.099976,1300.303955,2382
08-08-2003,1440,1500,1440,1455.449951,1348.818726,2279
11-08-2003,1400,1499,1400,1489.800049,1380.651733,6122
12-08-2003,1475,1519,1472,1503.550049,1393.394409,7715
13-08-2003,1580,1580,1460,1528.150024,1416.192627,4476
14-08-2003,1575,1575,1505,1512.300049,1401.503174,2750
15-08-2003,1512.300049,1512.300049,1512.300049,1512.300049,1401.503174,0
18-08-2003,1505,1539.949951,1505,1510.050049,1399.418213,1665
19-08-2003,1510,1517,1475,1495.25,1385.702637,1842
20-08-2003,1490,1520,1482.050049,1499.400024,1389.549561,687
21-08-2003,1491,1518.949951,1460,1473.550049,1365.592529,2053
22-08-2003,1480,1514.900024,1460,1495,1385.470703,6026
25-08-2003,1500,1518,1395,1433.75,1328.708496,1742
26-08-2003,1450.050049,1500,1450.050049,1481.5,1372.960449,498
27-08-2003,1520,1520,1351,1418.5,1314.575562,4990
28-08-2003,1433,1464.5,1426,1429.599976,1324.862183,1989
29-08-2003,1450,1450,1425,1431.800049,1326.901489,452
01-09-2003,1401.050049,1439.949951,1401.050049,1426,1321.526001,1309
02-09-2003,1410,1474,1401,1433.400024,1328.384033,2395
03-09-2003,1440,1475,1440,1464.199951,1356.927246,2236
04-09-2003,1467.650024,1467.699951,1421,1425.5,1321.062378,875
05-09-2003,1420,1470,1411.25,1456.300049,1349.606079,2630
08-09-2003,1500,1599,1498,1588.650024,1472.259521,10688
09-09-2003,1556,1625,1556,1568.099976,1453.215332,4161
10-09-2003,1550,1584,1511.050049,1540.5,1427.637695,839
11-09-2003,1526,1599,1525.25,1592.150024,1475.503784,1372
12-09-2003,1550,1597.5,1550,1550.300049,1436.719727,964
15-09-2003,1526,1534.900024,1485,1499.199951,1389.363037,690
16-09-2003,1490,1522,1490,1516.099976,1405.025269,1305
17-09-2003,1549.849976,1559,1505,1516.349976,1405.256592,1143
18-09-2003,1500,1505,1435,1443.25,1337.512329,3031
19-09-2003,1432,1465,1422,1427.400024,1322.823853,2013
22-09-2003,1479.849976,1497,1445,1446.800049,1340.801758,906
23-09-2003,1441,1450,1422,1429.400024,1324.67688,362
24-09-2003,1375,1468,1375,1452.849976,1346.409058,1378
25-09-2003,1460,1477.949951,1426,1458.300049,1351.459351,489
26-09-2003,1465,1480,1455,1472.800049,1364.897705,704
29-09-2003,1470,1470,1450.5,1463.300049,1356.09375,314
30-09-2003,1460,1500,1452.050049,1484.599976,1375.832886,867
01-10-2003,1524,1524,1450,1459.650024,1352.710815,304
02-10-2003,1459.650024,1459.650024,1459.650024,1459.650024,1352.710815,0
03-10-2003,1451,1645,1451,1601.199951,1483.890259,10082
06-10-2003,1617.949951,1794.800049,1617.949951,1732.449951,1605.524414,8714
07-10-2003,1650,1799,1650,1740.550049,1613.031616,1746
08-10-2003,1760,1804,1726.050049,1752.349976,1623.966309,2624
09-10-2003,1825,1825,1749.949951,1751.400024,1623.08606,1852
10-10-2003,1651.150024,1830,1651.150024,1785.800049,1654.965942,1874
13-10-2003,1675,1880,1675,1828.050049,1694.121094,3377
14-10-2003,1776,1900,1740,1753.300049,1624.847046,2146
15-10-2003,1760,1775,1630,1651.400024,1530.412964,3559
16-10-2003,1661,1729,1652,1687.900024,1564.238281,1874
17-10-2003,1688.050049,1790,1672.5,1695.300049,1571.097046,4350
20-10-2003,1770,1770,1655.050049,1675.849976,1553.071289,1482
21-10-2003,1675,1693.900024,1635,1645.349976,1524.80542,1042
22-10-2003,1642.550049,1680,1587,1602.849976,1485.419189,980
23-10-2003,1600,1600,1561.150024,1570.300049,1455.254517,949
24-10-2003,1590,1630,1542,1623.849976,1504.881104,868
27-10-2003,1650,1650,1585,1592.650024,1475.966309,1391
28-10-2003,1563.550049,1600,1563.550049,1574.400024,1459.053833,544
29-10-2003,1588.849976,1617.5,1561,1591.949951,1475.318604,1116
30-10-2003,1625,1650,1591,1596.599976,1479.627075,1088
31-10-2003,1647,1710,1617,1700.550049,1575.96106,2198
03-11-2003,1710,1798.949951,1699.949951,1713.25,1587.730957,5764
04-11-2003,1748,1760,1670,1681.900024,1558.677856,2028
05-11-2003,1690,1724.949951,1665.099976,1679.949951,1556.87085,2448
06-11-2003,1698,1700,1665,1674.949951,1552.236938,894
07-11-2003,1670,1695,1641,1656.550049,1535.185669,1741
10-11-2003,1700,1770,1700,1754.300049,1625.77356,1992
11-11-2003,1770,1948.949951,1760,1896.699951,1757.740723,9567
12-11-2003,1929,1940.400024,1800,1818.25,1685.038574,3818
13-11-2003,1810,1844.949951,1740,1756.550049,1627.858887,2826
14-11-2003,1775,1775,1711.050049,1726.900024,1600.381592,2049
17-11-2003,1775,1800.099976,1761.050049,1792.650024,1661.313721,1487
18-11-2003,1790,1850,1780,1816.800049,1683.694214,1788
19-11-2003,1850,1850,1780,1800.800049,1668.866943,1217
20-11-2003,1800,1850,1784,1809.050049,1676.512573,7345
21-11-2003,1837.300049,1837.300049,1701,1794.900024,1663.399292,4202
24-11-2003,1791,1905,1775,1889.25,1750.837158,3200
25-11-2003,1905,1910,1825.050049,1850.199951,1714.647705,3914
26-11-2003,1850.199951,1850.199951,1850.199951,1850.199951,1714.647705,0
27-11-2003,1935,1940,1852.050049,1863.349976,1726.834595,1328
28-11-2003,1841,1888,1840,1851.449951,1715.805908,981
01-12-2003,1880,1895,1800,1828.849976,1694.861694,2944
02-12-2003,1800,1850,1752,1812.449951,1679.663452,1134
03-12-2003,1845,1845,1782.5,1789.800049,1658.672852,2563
04-12-2003,1803,1830,1790,1804.25,1672.064087,1668
05-12-2003,1838,1840,1780,1791.949951,1660.665527,1526
08-12-2003,1751.050049,1860,1751.050049,1835.349976,1700.885376,3015
09-12-2003,1870,1895,1850,1878.900024,1741.244873,2176
10-12-2003,1875,2160,1875,2086.600098,1933.728271,18301
11-12-2003,2120,2237,2010,2104.199951,1950.038452,5300
12-12-2003,2150,2200,2070,2179.850098,2020.146973,6695
15-12-2003,2200,2275,2200,2246.75,2082.145508,7307
16-12-2003,2262.5,2480,2175,2415.199951,2238.25415,12472
17-12-2003,2450,2550,2430,2462.050049,2281.671143,9818
18-12-2003,2499,2525,2402,2473.949951,2292.699707,7031
19-12-2003,2489.949951,2515,2281,2313.350098,2143.865967,9995
22-12-2003,2280,2440,2201,2353.649902,2181.213623,10015
23-12-2003,2350,2390,2315.050049,2337.350098,2166.106934,4059
24-12-2003,2345,2345,2255.100098,2269.800049,2103.506348,3501
25-12-2003,2269.800049,2269.800049,2269.800049,2269.800049,2103.506348,0
26-12-2003,2300,2448,2275,2412.850098,2236.076172,5067
29-12-2003,2420,2490,2402,2420.199951,2242.887939,5727
30-12-2003,2438.100098,2478.899902,2316.699951,2349.949951,2177.784424,3941
31-12-2003,2300,2377,2285.050049,2296.600098,2128.343018,3119
01-01-2004,2390,2390,2320.75,2359.100098,2186.264404,2186
02-01-2004,2370,2434.850098,2363,2410.949951,2234.314697,3799
05-01-2004,2419,2430,2350,2356.850098,2184.178467,1853
06-01-2004,2365,2395,2301.100098,2310.449951,2141.179199,5941
07-01-2004,2390,2390,2230,2267.949951,2101.79248,3860
08-01-2004,2314,2350,2300,2321.350098,2151.280273,1659
09-01-2004,2300,2400,2265,2300.800049,2132.235352,1993
12-01-2004,2275.25,2304,2230,2245.199951,2080.709717,1743
13-01-2004,2265,2299,2210,2221.699951,2058.930664,1968
14-01-2004,2327,2327,2225.100098,2283.050049,2115.786133,2244
15-01-2004,2280,2297.949951,2181,2206.550049,2044.890503,1717
16-01-2004,2210,2248,2187,2196.5,2035.575928,1536
19-01-2004,2201,2201,2050.5,2131.899902,1975.70874,1693
20-01-2004,2170,2190,2011,2041.400024,1891.839111,2786
21-01-2004,2020,2099,1870,1890.199951,1751.717163,3199
22-01-2004,1890,1980,1801,1817.150024,1684.019409,2677
23-01-2004,1840,1950,1840,1936.199951,1794.34729,1837
26-01-2004,1936.199951,1936.199951,1936.199951,1936.199951,1794.34729,0
27-01-2004,2000,2030,1950,2008.699951,1861.535522,1437
28-01-2004,2060,2060,1890.050049,1906.449951,1766.776611,3780
29-01-2004,1911.25,1930,1886,1904.599976,1765.062256,1712
30-01-2004,1925,1925,1830,1851.550049,1715.899292,1267
02-02-2004,1851.550049,1851.550049,1851.550049,1851.550049,1715.899292,0
03-02-2004,1840,1840,1756,1767.199951,1637.728638,3525
04-02-2004,1780,1848,1780,1829.550049,1695.510864,1586
05-02-2004,1825,1849,1800,1805.349976,1673.083374,3130
06-02-2004,1800,1849.900024,1800,1840,1705.194824,803
09-02-2004,1831,1887.900024,1826,1869.5,1732.53418,711
10-02-2004,1890,1940,1870,1919.449951,1778.824219,1347
11-02-2004,1930,2014,1901.099976,2001.050049,1854.446045,3508
12-02-2004,2000,2079.75,2000,2061.050049,1910.050049,3614
13-02-2004,2074,2210.949951,2074,2153.100098,1995.356201,6087
16-02-2004,2200,2200,2120,2143.350098,1986.321045,2054
17-02-2004,2157,2169.899902,2055,2061.25,1910.235352,1271
18-02-2004,2075.649902,2140,2053.550049,2120.949951,1965.561279,1307
19-02-2004,2100,2110,1990,2000.050049,1853.519165,2078
20-02-2004,1985,2020,1966,1977.400024,1832.528442,2240
23-02-2004,2010,2019.800049,1890,1918.099976,1777.573364,1426
24-02-2004,1877,1925,1853,1877.099976,1739.576782,2402
25-02-2004,1871,1912,1810.099976,1832.150024,1697.919556,1530
26-02-2004,1885,1899,1860.050049,1875.5,1751.477783,1311
27-02-2004,1850,1900,1850,1877.400024,1753.252075,1140
01-03-2004,1890,1910,1890,1905.949951,1779.91394,519
02-03-2004,1905.949951,1905.949951,1905.949951,1905.949951,1779.91394,0
03-03-2004,1940,1940,1880.25,1923.300049,1796.117432,1698
04-03-2004,1930,1974.900024,1920.199951,1960.599976,1830.950195,2016
05-03-2004,1979,1989.949951,1912,1940.650024,1812.31958,817
08-03-2004,1921.099976,1944.900024,1902.099976,1918.550049,1791.680908,707
09-03-2004,1925,1925,1902,1914.5,1787.89856,538
10-03-2004,1920,1938,1880,1893.099976,1767.914429,408
11-03-2004,1900,1917.900024,1835.5,1852.449951,1729.951904,1081
12-03-2004,1870,1870,1807,1828.849976,1707.912476,910
15-03-2004,1840,1859.949951,1789.5,1793.800049,1675.180542,1325
16-03-2004,1785,1797.800049,1740,1755.599976,1639.506958,1036
17-03-2004,1755,1775,1711,1732.75,1618.16748,799
18-03-2004,1702.050049,1750,1700,1708,1595.054443,673
19-03-2004,1720,1720,1575,1605.300049,1499.145386,1731
22-03-2004,1634,1634,1450,1458.400024,1361.959961,2151
23-03-2004,1475,1490,1425,1439.650024,1344.449829,3090
24-03-2004,1469,1469,1382,1396.099976,1303.779175,2276
25-03-2004,1406.050049,1465,1405,1424.349976,1330.160889,2408
26-03-2004,1455,1479,1425,1434.150024,1339.312866,2211
29-03-2004,1450,1480,1450,1474.050049,1376.574707,781
30-03-2004,1470,1490,1450,1452.949951,1356.869751,1710
31-03-2004,1468,1495,1468,1484.599976,1386.427002,804
01-04-2004,1485,1589,1485,1571.300049,1467.393433,1564
02-04-2004,1599,1620,1566,1613.25,1506.569458,1782
05-04-2004,1664,1738.949951,1664,1691.199951,1579.364746,2683
06-04-2004,1710,1710,1680,1688.5,1576.843262,1369
07-04-2004,1680,1685,1650,1668.849976,1558.492676,4964
08-04-2004,1670,1700,1660.150024,1693.5,1581.512939,541
09-04-2004,1693.5,1693.5,1693.5,1693.5,1581.512939,0
12-04-2004,1720,1740,1710,1724.949951,1610.883301,2599
13-04-2004,1750,1750,1685.050049,1721.050049,1607.241089,1260
14-04-2004,1721.050049,1721.050049,1721.050049,1721.050049,1607.241089,0
15-04-2004,1748,1748,1680,1690.949951,1579.130859,1350
16-04-2004,1699,1715,1680,1697.650024,1585.388428,1385
19-04-2004,1681.050049,1690,1650.25,1666.599976,1556.391479,641
20-04-2004,1605,1679,1605,1652.300049,1543.037476,446
21-04-2004,1670,1690,1660,1683.449951,1572.127808,324
22-04-2004,1719,1719,1680,1692.449951,1580.532227,1603
23-04-2004,1700,1725,1700,1709.599976,1596.548218,858
26-04-2004,null,null,null,null,null,null
27-04-2004,1715,1720,1652,1670.599976,1560.127197,1649
28-04-2004,1704,1704,1580.050049,1588.800049,1483.73584,2481
29-04-2004,1560,1617,1560,1594.5,1489.059692,1041
30-04-2004,1600,1600,1550,1556.949951,1453.992676,894
03-05-2004,1588,1630,1555,1600.050049,1494.242676,19180
04-05-2004,1590,1622,1590,1621.199951,1513.993774,403
05-05-2004,1620,1669,1595.050049,1601.900024,1495.970215,436
06-05-2004,1640,1665,1627,1653.099976,1543.784302,6131
07-05-2004,1645,1670,1640,1655.050049,1545.605225,785
10-05-2004,1635,1635,1600,1605.699951,1499.518677,6586
11-05-2004,1606,1650,1565,1625.25,1517.776245,5899
12-05-2004,1602.050049,1648,1595,1627.199951,1519.59668,1752
13-05-2004,1550,1625,1550,1600.300049,1494.475342,1084
14-05-2004,1600,1615,1450,1541.449951,1439.518066,8558
17-05-2004,1525,1525,1387.550049,1387.650024,1295.887939,1109
18-05-2004,1447,1480,1420,1457.599976,1361.212891,1008
19-05-2004,1537,1537,1465,1488,1389.602417,604
20-05-2004,1475,1480,1429.949951,1444,1348.511597,1153
21-05-2004,1450,1457,1380,1417.199951,1323.483765,1121
24-05-2004,1450,1468.699951,1450,1462.199951,1365.508179,2081
25-05-2004,1424,1470,1424,1451.849976,1355.842529,594
26-05-2004,1475,1475,1400,1410.449951,1317.18042,1552
27-05-2004,1430,1450,1416.050049,1434.050049,1339.219727,360
28-05-2004,1425,1425,1351.099976,1369.349976,1278.797729,1022
31-05-2004,1306,1325,1290,1299.050049,1213.146973,1674
01-06-2004,1335,1360,1329,1345.349976,1256.385254,690
02-06-2004,1339.050049,1363.5,1339,1348.449951,1259.280273,375
03-06-2004,1350,1384,1350,1350.949951,1261.614624,813
04-06-2004,1332,1366,1327,1349.650024,1260.401367,619
07-06-2004,1350,1370,1342.099976,1353.400024,1263.903442,425
08-06-2004,1355,1360,1345.099976,1349.900024,1260.634277,386
09-06-2004,1370,1409.900024,1351.050049,1396.849976,1304.479736,570
10-06-2004,1410,1500,1401,1437.599976,1342.534668,6467
11-06-2004,1450,1498,1430.050049,1464.550049,1367.703003,6066
14-06-2004,1460,1460,1390,1429.150024,1334.644409,1388
15-06-2004,1400,1439,1400,1415.300049,1321.709717,414
16-06-2004,1425,1440,1415,1436.25,1341.274292,602
17-06-2004,1441,1454.949951,1426,1450.099976,1354.20813,934
18-06-2004,1450,1474,1440,1464.150024,1367.329102,1047
21-06-2004,1450,1451.900024,1412,1417.150024,1323.437622,328
22-06-2004,1415,1415,1350,1374.650024,1283.747192,708
23-06-2004,1350.050049,1389.900024,1331,1343.699951,1254.844238,613
24-06-2004,1369,1369,1331,1345.050049,1256.105103,502
25-06-2004,1350,1369.949951,1310,1351.849976,1262.4552,640
28-06-2004,1361.25,1388,1361.25,1367.25,1276.837158,423
29-06-2004,1385,1385,1345,1352.099976,1262.688721,821
30-06-2004,1360,1360,1331,1337.800049,1249.334717,436
01-07-2004,1340.050049,1380,1340,1376.199951,1285.195313,389
02-07-2004,1385,1412,1381.099976,1387.800049,1296.027954,900
05-07-2004,1385,1399.949951,1380.099976,1395.050049,1302.79895,1762
06-07-2004,1390,1410,1382.050049,1406.5,1313.491089,2581
07-07-2004,1406,1411,1382,1392.449951,1300.370605,786
08-07-2004,1400,1440,1395.050049,1398.599976,1306.113525,22791
09-07-2004,1323.050049,1420,1323.050049,1401.650024,1308.96228,1103
12-07-2004,1398,1410,1365.099976,1397.949951,1305.506836,1247
13-07-2004,1385,1411.5,1385,1401,1308.355225,1263
14-07-2004,1395,1395,1375,1378.449951,1287.295898,409
15-07-2004,1397.400024,1397.400024,1350,1371.099976,1280.432373,805
16-07-2004,1370,1400,1370,1393.099976,1300.978027,339
19-07-2004,1390,1400,1375.050049,1384.650024,1293.08667,988
20-07-2004,1394,1425,1378,1410.849976,1317.554077,708
21-07-2004,1405,1415,1386,1392.75,1300.651001,564
22-07-2004,1410,1415,1402.150024,1405.300049,1312.371216,311
23-07-2004,1392,1409,1375,1403.099976,1310.316284,645
26-07-2004,1410,1450,1397.050049,1409.75,1316.526489,1188
27-07-2004,1415,1440,1400,1403.349976,1310.549927,580
28-07-2004,1405,1410,1385,1398.800049,1306.301147,691
29-07-2004,1407,1407,1380,1389.599976,1297.708862,246
30-07-2004,1425,1425,1393.25,1397.699951,1305.273315,664
02-08-2004,1410,1426,1401,1413.599976,1320.121826,480
03-08-2004,1421,1421,1404.099976,1405.949951,1312.978027,584
04-08-2004,1440,1445,1392.050049,1407.050049,1316.814697,1771
05-08-2004,1370,1459,1370,1446.25,1353.501099,1274
06-08-2004,1435,1575,1415,1548.5,1449.193604,3635
09-08-2004,1525.050049,1703.349976,1503,1703.349976,1594.112915,4397
10-08-2004,1799,1873.699951,1799,1873.699951,1753.538452,3598
11-08-2004,1997.699951,2044,1845.050049,1880.050049,1759.481445,25011
12-08-2004,1880,1929,1820.099976,1835.550049,1717.835083,11814
13-08-2004,1836,1890,1835,1871.099976,1751.105225,6612
16-08-2004,1857,1915,1845,1902.849976,1780.819214,3686
17-08-2004,1910,2075,1900,2022.949951,1893.217041,16550
18-08-2004,2100,2100,1980,2024.349976,1894.5271,10826
19-08-2004,2020,2050,2000.25,2014.25,1885.074951,7218
20-08-2004,1955,2016,1942.300049,1953,1827.753174,4021
23-08-2004,1942,1980,1901,1908.699951,1786.293579,3433
24-08-2004,1965,1965,1901.300049,1906,1783.76709,2305
25-08-2004,1910,1910,1881,1889.699951,1768.512207,1593
26-08-2004,1935,1984.199951,1899,1984.199951,1856.952148,5425
27-08-2004,2010,2035,1922,1954.099976,1828.782227,4354
30-08-2004,1972.099976,2000,1950,1955.199951,1829.811523,4012
31-08-2004,1969,1975.099976,1941,1954.400024,1829.06311,2156
01-09-2004,1963.099976,1968,1950,1955.300049,1829.905029,1938
02-09-2004,1927.400024,1961.900024,1927.400024,1940.900024,1816.428589,1491
03-09-2004,1959,1980,1935,1954.099976,1828.782227,1615
06-09-2004,1974,2044.699951,1974,1996.75,1868.697021,3735
07-09-2004,2024,2024,1984,1992.050049,1864.298828,2821
08-09-2004,2000,2002,1976,1983.949951,1856.717651,1835
09-09-2004,2000,2015,1986,1999.199951,1870.989624,2451
10-09-2004,2000,2015,1950,1996.75,1868.697021,4067
13-09-2004,2009,2096.600098,1995,2096.600098,1962.143677,6768
14-09-2004,2145,2173,2060,2115.600098,1979.926025,10719
15-09-2004,2140,2140,2051.699951,2066.800049,1934.254761,2605
16-09-2004,2097.300049,2170.149902,2071,2170.149902,2030.977783,8071
17-09-2004,2200,2255,2140,2203.850098,2062.516113,9502
20-09-2004,2229.899902,2245,2200,2202.949951,2061.672852,5073
21-09-2004,2228,2240,2175,2194.5,2053.765625,2536
22-09-2004,2105.399902,2214,2105.399902,2195.149902,2054.373047,1974
23-09-2004,2185,2200,2121,2129.75,1993.168457,2695
24-09-2004,2125,2149.899902,2100,2119.100098,1983.20105,1943
27-09-2004,2149.899902,2149.899902,2080,2097.699951,1963.173218,1773
28-09-2004,2117.899902,2150,2065.050049,2077,1943.800537,975
29-09-2004,2025.099976,2098.949951,2025.099976,2067.25,1934.676514,1942
30-09-2004,2099,2099,2025,2041.800049,1910.858521,3325
01-10-2004,2025,2070,2025,2037.699951,1907.020752,2480
04-10-2004,2124,2124,2032,2039.800049,1908.98645,2911
05-10-2004,2010,2141.800049,2010,2141.800049,2004.444702,6593
06-10-2004,2105,2248.899902,2090,2102.75,1967.898926,11247
07-10-2004,2110,2163.899902,2081.350098,2089.350098,1955.358643,3723
08-10-2004,2174.699951,2174.699951,2076,2094.550049,1960.22522,4315
11-10-2004,2080,2174,2070,2091.550049,1957.417725,4099
12-10-2004,2170,2170,2026.449951,2052,1920.404297,2254
13-10-2004,null,null,null,null,null,null
14-10-2004,2050.050049,2055,2006,2017.349976,1887.976074,1651
15-10-2004,2049.899902,2118.050049,2002,2061,1928.826904,6386
18-10-2004,2150,2160,2032.150024,2047.699951,1916.379395,3117
19-10-2004,2016,2074,2011.099976,2028.800049,1898.69165,1842
20-10-2004,2038,2044,2009.199951,2011.699951,1882.688721,738
21-10-2004,2005,2060,2005,2037.199951,1906.552979,1217
22-10-2004,2037.199951,2037.199951,2037.199951,2037.199951,1906.552979,0
25-10-2004,2049,2049,1980,1996.400024,1868.369385,1196
26-10-2004,2071,2071,1992.300049,2042.300049,1911.326416,1651
27-10-2004,2042,2065.399902,2020,2026.25,1896.305664,715
28-10-2004,2042,2089,2025,2039.050049,1908.28418,1732
29-10-2004,2017.099976,2038.650024,2017.099976,2019.650024,1890.129395,746
01-11-2004,2024.900024,2034.5,2000,2009.150024,1883.098877,1247
02-11-2004,2010,2017,1990,2003.550049,1877.85022,2242
03-11-2004,2019,2019,1999,2005.050049,1879.256104,1358
04-11-2004,2020,2039.699951,1995,1996.699951,1871.430298,1723
05-11-2004,2009.900024,2009.900024,1986,1998.449951,1873.070313,1170
08-11-2004,2000,2018,1981.099976,1987.75,1863.041748,1780
09-11-2004,1995,2000.900024,1960,1973.75,1849.920044,2606
10-11-2004,1990,2000,1965,1987,1862.339111,3821
11-11-2004,2002.900024,2002.900024,1980,1982.949951,1858.542969,1503
12-11-2004,1999,2019,1980.099976,1988.099976,1863.369873,613
15-11-2004,1988.099976,1988.099976,1988.099976,1988.099976,1863.369873,0
16-11-2004,2086,2087.550049,2000,2086.949951,1956.018066,6529
17-11-2004,2080.100098,2100,2070,2077.699951,1947.348145,2686
18-11-2004,2080,2100,2061.300049,2073.800049,1943.693604,2869
19-11-2004,2150,2150,2020,2051.550049,1922.838989,1497
22-11-2004,2045,2067.5,2030,2046.599976,1918.199707,1874
23-11-2004,2050,2095,2035,2054.699951,1925.791016,2629
24-11-2004,2050,2074,2035,2044.050049,1915.809692,2285
25-11-2004,2022,2077,2022,2040.25,1912.248413,1535
26-11-2004,2040.25,2040.25,2040.25,2040.25,1912.248413,0
29-11-2004,2040,2100,2031,2089.899902,1958.782715,2468
30-11-2004,2100,2194.399902,2081,2194.399902,2056.727051,13027
01-12-2004,2235,2304.149902,2200,2277.050049,2134.191162,13377
02-12-2004,2275,2330,2243.050049,2290.399902,2146.703369,7981
03-12-2004,2291,2320,2260,2273.399902,2130.771484,6108
06-12-2004,2325,2387.100098,2321,2387,2237.243408,11272
07-12-2004,2406,2440,2351,2365.800049,2217.373535,4812
08-12-2004,2301,2438,2301,2355.550049,2207.766357,5472
09-12-2004,2348,2375,2335,2345.149902,2198.019775,2395
10-12-2004,2345.149902,2380,2272.550049,2287.949951,2144.408447,2486
13-12-2004,2288,2360,2288,2321.949951,2176.274414,3274
14-12-2004,2334,2438.050049,2334,2438.050049,2285.090332,6577
15-12-2004,2559,2559.949951,2480.100098,2559.949951,2399.342041,4638
16-12-2004,2679,2687.949951,2625,2687.949951,2519.312256,9579
17-12-2004,2789,2822,2581,2609.300049,2445.595947,17754
20-12-2004,2650,2710,2600,2660.649902,2493.724854,6207
21-12-2004,2670,2698,2620.100098,2647.550049,2481.446289,3803
22-12-2004,2634,2690,2611.100098,2632.5,2467.341064,3626
23-12-2004,2564,2764.149902,2563,2697.050049,2527.842041,13609
24-12-2004,2669.949951,2669.949951,2562.199951,2562.199951,2401.451416,6600
27-12-2004,2525,2535,2434.100098,2487.75,2331.671875,9521
28-12-2004,2500,2575,2475,2500.600098,2343.716797,6770
29-12-2004,2520,2550,2436.350098,2454.350098,2300.368408,4591
30-12-2004,2470,2500,2425,2441.949951,2288.74585,3139
31-12-2004,2470,2470,2401.649902,2421.449951,2269.532715,2559
03-01-2005,2450,2542.550049,2431,2542.550049,2383.034912,5572
04-01-2005,2575,2598,2530.300049,2550.050049,2390.063721,3620
05-01-2005,2540,2599,2422.550049,2577.300049,2415.604736,8347
06-01-2005,2535,2560,2470,2512.550049,2354.917725,2831
07-01-2005,2545,2555,2480,2498.949951,2342.168945,5054
10-01-2005,2549,2623.899902,2532,2623.899902,2459.280273,4582
11-01-2005,2660,2660,2510,2530.199951,2371.459473,5758
12-01-2005,2506,2569,2457.149902,2473.050049,2317.894531,4130
13-01-2005,2500,2545,2480,2498.800049,2342.029785,3489
14-01-2005,2500,2505,2440,2452.649902,2298.77417,2452
17-01-2005,2490,2499,2384,2399.850098,2249.287109,3013
18-01-2005,2460,2460,2381,2392.899902,2242.773438,1832
19-01-2005,2405,2437.949951,2380,2389.699951,2239.773193,2763
20-01-2005,2419,2419,2365,2398.199951,2247.741211,1413
24-01-2005,2366.5,2400,2330,2347.699951,2200.40918,1227
25-01-2005,2306,2365,2301,2345.199951,2198.066162,4397
27-01-2005,2315,2340,2295,2321.399902,2175.759033,1556
28-01-2005,2335,2405,2330,2389.800049,2239.867676,2159
31-01-2005,2380,2444,2380,2416.050049,2264.470703,2443
01-02-2005,2440,2487.899902,2399,2431.899902,2279.32666,2805
02-02-2005,2426,2450,2396,2411.800049,2260.487793,2339
03-02-2005,2428,2459,2405,2414.149902,2262.690674,1512
04-02-2005,2425,2643.899902,2425,2514.699951,2356.931396,6922
07-02-2005,2570,2639,2532,2598.050049,2435.05249,6976
08-02-2005,2648,2675,2601,2638.449951,2472.917725,5432
09-02-2005,2650,2760,2650,2725,2554.037842,11789
10-02-2005,2775,2800,2710,2740.100098,2568.190674,7808
11-02-2005,2798.25,2799,2710,2719.550049,2548.93042,10401
14-02-2005,2770,2819.949951,2749,2767.300049,2593.684326,6230
15-02-2005,2730,2785,2675.149902,2690.550049,2521.749756,4551
16-02-2005,2700,2738.75,2600,2616.649902,2452.485596,9392
17-02-2005,2650,2665,2574,2608.949951,2445.269531,5520
18-02-2005,2620,2698.899902,2620,2685.350098,2516.875244,4745
21-02-2005,2670,2710,2625,2683.399902,2515.047852,2437
22-02-2005,2694,2694,2630,2682.25,2513.969727,2178
23-02-2005,2704,2704,2631,2642.800049,2476.995361,3132
24-02-2005,2677,2688,2635,2637.300049,2471.839844,1643
25-02-2005,2675,2750,2660,2696.050049,2526.904297,8661
28-02-2005,2685,2860,2680.100098,2799.449951,2623.816895,19524
01-03-2005,2800,2940,2800,2866.300049,2686.473633,21058
02-03-2005,2924.949951,2925,2830,2853.300049,2674.290039,8230
03-03-2005,2860,2899,2850,2880.300049,2712.905762,3987
04-03-2005,2621.050049,3150,2621.050049,3072.600098,2894.030029,32056
07-03-2005,3150,3157,3075,3099.949951,2919.789795,9799
08-03-2005,3120,3185,3000,3110.5,2929.727539,9068
09-03-2005,3140,3160,3035,3106.449951,2925.911377,7124
10-03-2005,3124,3125,2981.25,2997.800049,2823.576904,6447
11-03-2005,2985,3060,2901.100098,2986.600098,2813.027832,6112
14-03-2005,3050,3050,2960,2966.199951,2793.814453,2945
15-03-2005,2985,3065,2875.199951,3029.600098,2853.529541,8617
16-03-2005,3098.899902,3125,3025,3053.350098,2875.898926,6070
17-03-2005,3037.850098,3060,3000,3022.75,2847.076416,3237
18-03-2005,2980,2999.949951,2905,2945.399902,2774.222656,6197
21-03-2005,3025,3025,2915,2976.399902,2803.420654,5882
22-03-2005,2990,2992,2940.050049,2950.199951,2778.743408,4080
23-03-2005,2905,2948,2905,2929.399902,2759.1521,4826
24-03-2005,2950,2970,2905,2927.350098,2757.221436,3851
28-03-2005,2997.550049,2997.550049,2920,2940.850098,2769.936768,2258
29-03-2005,2931,2950,2753.5,2802.949951,2640.050049,9434
30-03-2005,2820,2930,2820,2898.5,2730.048584,2190
31-03-2005,2930,2955,2900,2948.050049,2776.717773,1363
01-04-2005,2968,2980,2895,2912.75,2743.470215,3471
04-04-2005,2924,2930,2860,2881.399902,2713.941895,2013
05-04-2005,2949,2949.800049,2755,2768.350098,2607.46167,4073
06-04-2005,2775,2880,2775,2827.149902,2662.845215,6770
07-04-2005,2875,2875,2779,2793.100098,2630.773926,1704
08-04-2005,2829,2845,2745,2759.800049,2599.408936,2193
11-04-2005,2760,2776,2725,2735.699951,2576.710693,841
12-04-2005,2749,2801,2749,2767,2606.189697,851
13-04-2005,2775,2800,2721.600098,2761.649902,2601.152344,1839
15-04-2005,2711,2774,2691.050049,2704,2546.852051,4123
18-04-2005,2704,2704,2645,2684.949951,2528.90918,2127
19-04-2005,2745,2745,2686,2705.149902,2547.935059,2213
20-04-2005,2744,2751,2660,2704.449951,2547.275635,2370
21-04-2005,2706,2719.399902,2675,2698.699951,2541.859619,579
22-04-2005,2741,2749,2705.100098,2710.199951,2552.690918,773
25-04-2005,2785,2798.5,2640,2750.800049,2590.931641,866
26-04-2005,2720,2768.25,2720,2743.350098,2583.914551,533
27-04-2005,2740,2750,2701,2716.649902,2558.765869,489
28-04-2005,2740,2760,2705,2746.649902,2587.023438,567
29-04-2005,2740,2770,2602,2649.949951,2495.942871,2090
02-05-2005,2600,2630,2551,2570.100098,2420.734131,1944
03-05-2005,2500.100098,2579.949951,2470,2500.649902,2355.319092,1288
04-05-2005,2475.100098,2530,2475.100098,2501.300049,2355.932373,1513
05-05-2005,2540,2544,2501,2511.25,2365.303955,1978
06-05-2005,2505,2523,2500,2506.899902,2361.206787,565
09-05-2005,2538.800049,2755,2538.800049,2602.699951,2451.438721,1782
10-05-2005,2550,2594.899902,2511,2552.199951,2403.874268,867
11-05-2005,2585,2585,2525,2532.399902,2385.225342,620
12-05-2005,2638.899902,2700,2526.050049,2624.399902,2471.878174,1822
13-05-2005,2614,2614,2530,2546.5,2398.504883,962
16-05-2005,2559,2598.850098,2550,2554.949951,2406.463867,1150
17-05-2005,2587.699951,2587.699951,2525,2534.199951,2386.92041,908
18-05-2005,2550,2553,2505,2531.350098,2384.235596,417
19-05-2005,2550,2554.5,2500,2506.399902,2360.735596,2201
20-05-2005,2500,2549,2500,2512.649902,2366.622559,2997
23-05-2005,2530,2540,2505.25,2530.25,2383.199951,932
24-05-2005,2476,2569,2476,2549.100098,2400.955078,1721
25-05-2005,2559,2560.699951,2520,2529.149902,2382.164307,888
26-05-2005,2548,2550.850098,2520,2532.600098,2385.413574,470
27-05-2005,2544,2565,2500,2522.699951,2376.088623,907
30-05-2005,2461,2548.899902,2461,2491.550049,2346.748779,546
31-05-2005,2538,2538,2490,2505.25,2359.6521,764
01-06-2005,2535,2550,2496.199951,2502.5,2357.062744,1157
02-06-2005,2550,2550,2485.25,2490.399902,2345.664795,289
03-06-2005,2533,2550,2475,2485.850098,2341.380859,1530
06-06-2005,2519.899902,2529.5,2499.850098,2508.449951,2362.666992,677
07-06-2005,2519.949951,2525,2501,2508.149902,2362.384033,1170
08-06-2005,2500,2535,2500,2525.399902,2378.630859,779
09-06-2005,2521,2553.949951,2521,2542,2394.266846,692
10-06-2005,2500.050049,2542.949951,2500.050049,2509.5,2363.655762,719
13-06-2005,2515,2537.800049,2500.5,2506.75,2361.065186,767
14-06-2005,2500.050049,2510,2495,2499,2353.764893,1157
15-06-2005,2510,2519.949951,2475,2481.149902,2336.952881,1319
16-06-2005,2490,2505,2462,2474.050049,2330.266113,1302
17-06-2005,2525,2525,2444,2455.899902,2313.170898,1007
20-06-2005,2425,2460,2420,2432.5,2291.129883,954
21-06-2005,2447.899902,2464.949951,2430,2457.350098,2314.535889,662
22-06-2005,2470,2485,2447,2474.550049,2330.736328,1173
23-06-2005,2464,2480,2462.050049,2475.949951,2332.054932,1029
24-06-2005,2569.899902,2569.899902,2476,2517.949951,2371.615234,2466
27-06-2005,2520.050049,2599.899902,2515,2523.649902,2376.983398,951
28-06-2005,2525,2530,2460,2479.800049,2335.681885,626
29-06-2005,2499,2499,2422,2434.5,2293.014404,1845
30-06-2005,2450,2470,2440,2450.399902,2307.990723,1552
01-07-2005,2473.5,2473.5,2440.050049,2451.5,2309.026367,252
04-07-2005,2434,2495,2434,2479.300049,2335.211426,763
05-07-2005,2472,2500,2460,2462.5,2319.386475,284
06-07-2005,2470,2480,2451,2459.100098,2316.185303,258
07-07-2005,2500,2560,2400,2429.899902,2288.681641,3917
08-07-2005,2479,2479,2435.149902,2442.5,2300.549316,418
11-07-2005,2445.050049,2469,2390.149902,2406.350098,2266.500488,1507
12-07-2005,2410,2415,2362,2386.199951,2247.521484,1955
13-07-2005,2415,2415,2376.050049,2391.75,2252.748047,962
14-07-2005,2415,2415,2351.100098,2367.899902,2230.285156,910
15-07-2005,2400,2400,2360,2392.350098,2253.314697,509
18-07-2005,2400,2434,2387.050049,2394.300049,2255.150146,1013
19-07-2005,2410,2414.850098,2380,2386.850098,2248.134277,836
20-07-2005,2455,2455,2385,2388.399902,2249.593506,564
21-07-2005,2410,2420,2350.100098,2366.899902,2229.343506,1767
22-07-2005,2375,2420,2375,2396.350098,2257.081055,961
25-07-2005,2479,2479,2360,2372.350098,2234.476074,909
26-07-2005,2379,2380,2352,2362.25,2224.963135,1268
27-07-2005,2409,2409,2350,2353.75,2216.95752,332
28-07-2005,2353.75,2353.75,2353.75,2353.75,2216.95752,0
29-07-2005,2360,2368,2330,2336.5,2200.709961,889
01-08-2005,2340,2340,2305,2320.25,2188.213867,666
02-08-2005,2325,2380,2300,2303.449951,2172.369385,1504
03-08-2005,2339,2339,2280,2290.050049,2159.731934,1220
04-08-2005,2328,2328.899902,2270,2277.75,2148.132568,2053
05-08-2005,2315,2320,2282.5,2300.449951,2169.540527,6059
08-08-2005,2321,2331,2295,2304.899902,2173.737305,2375
09-08-2005,2290,2337.899902,2270.050049,2320.600098,2188.543945,1378
10-08-2005,2328.899902,2552.699951,2321,2552.699951,2407.437012,8481
11-08-2005,2600,2808,2560,2651.350098,2500.47168,20847
12-08-2005,2651.350098,2735,2552,2603.600098,2455.440186,6370
16-08-2005,2640,2800,2640,2660.199951,2508.819092,3474
17-08-2005,2670,2710,2655,2664.449951,2512.825928,2598
18-08-2005,2670.100098,2700,2626,2634.699951,2484.769775,3330
19-08-2005,2720,2851,2657,2819.050049,2658.628906,15089
22-08-2005,2901,3050,2899,2986.75,2816.7854,25097
23-08-2005,2995,3180,2995,3136.449951,2957.966553,21997
24-08-2005,3160,3225,2983,3099.149902,2922.790039,20248
25-08-2005,3155,3220,3120,3193.25,3011.534912,22993
26-08-2005,3230,3249,3155,3185.050049,3003.802002,9365
29-08-2005,3200,3200,3125,3152.199951,2972.820313,3339
30-08-2005,3172,3192,3110,3131.149902,2952.968262,2289
31-08-2005,3158.949951,3158.949951,3000,3008.800049,2837.581055,5406
01-09-2005,3100,3100,2975,2982.850098,2813.106689,3212
02-09-2005,2999,3098,2965,2979.449951,2809.901123,2816
05-09-2005,3045,3128,3032.100098,3078,2902.842529,6030
06-09-2005,3119.550049,3150,3041,3073.25,2898.363281,3846
08-09-2005,3080,3116,3040,3066.100098,2891.620605,2919
09-09-2005,3115,3115,2960,3063.899902,2889.544922,2310
12-09-2005,3060,3100,3055,3060.149902,2886.008301,1863
13-09-2005,3010,3145,3010,3119.050049,2941.557129,4848
14-09-2005,3200,3270,3151,3179.550049,2998.614258,8334
15-09-2005,3199.949951,3338.550049,3190.050049,3338.550049,3148.56543,9394
16-09-2005,3499,3500,3359,3368.949951,3177.23584,9289
19-09-2005,3445,3445,3350,3362.25,3170.91748,3262
20-09-2005,3350,3374.649902,3290,3305.100098,3117.020264,3652
21-09-2005,3310,3360,3140,3206.300049,3023.842285,4003
22-09-2005,3249,3249,3050,3069.899902,2895.203857,3897
23-09-2005,3070,3100,2916.399902,2989.050049,2818.956055,4126
26-09-2005,3025,3138.5,3025,3138.5,2959.900391,1464
27-09-2005,3240,3250,3172,3221.300049,3037.987793,5514
28-09-2005,3200.100098,3250,3165.050049,3178.75,2997.859619,1804
29-09-2005,3192,3229.949951,3125,3163.75,2983.713379,3006
30-09-2005,3210,3210,3050,3139.550049,2960.890137,3290
03-10-2005,3197,3197,3160,3187.5,3006.111816,1702
04-10-2005,3152,3214,3150,3184.5,3003.282715,1575
05-10-2005,3160.100098,3235,3155,3214.550049,3031.622559,1543
06-10-2005,3180,3370,3165,3246.600098,3061.849365,3100
07-10-2005,3230,3279,3185.300049,3234.25,3050.201416,1903
10-10-2005,3200,3275,3182.100098,3192.649902,3010.968506,614
11-10-2005,3200,3200,3115,3135.850098,2957.401123,1283
13-10-2005,3010,3208,3006,3152.149902,2972.773438,1975
14-10-2005,3150,3150,3050.050049,3109.600098,2932.644775,1363
17-10-2005,3180,3198,3045,3070.050049,2895.345215,1460
18-10-2005,3000,3099,3000,3029.199951,2856.819824,1688
19-10-2005,3020,3048.899902,2950,2975.699951,2806.365723,3686
20-10-2005,3000,3000,2841,2866.050049,2702.953613,2794
21-10-2005,2866,2866,2720,2772.850098,2615.058594,6728
24-10-2005,2810,2898,2800,2814.399902,2654.24292,1370
25-10-2005,2948,2948,2750,2788.899902,2630.193115,845
26-10-2005,2799,2874,2781.100098,2854.449951,2692.013672,2034
27-10-2005,2939,2939,2770,2790.850098,2632.034424,1727
28-10-2005,2820,2820,2701,2726.399902,2571.250977,2518
31-10-2005,2775,2775,2725,2739.949951,2586.876465,1956
02-11-2005,2770.100098,2825,2734,2788.600098,2632.80835,1078
04-11-2005,2788.600098,2788.600098,2788.600098,2788.600098,2632.80835,0
07-11-2005,2810,2912,2795,2878.300049,2717.498291,6315
08-11-2005,2879.5,2945,2840,2851.600098,2692.289307,2328
09-11-2005,2949,2970,2858.050049,2865.550049,2705.459961,4208
10-11-2005,2939,2939,2800,2812,2654.901123,2856
11-11-2005,3000,3000,2803.399902,2816.600098,2659.244141,1387
14-11-2005,2865,2868,2780,2793.100098,2637.05835,1104
16-11-2005,2830,2849,2791.100098,2807.550049,2650.699951,1841
17-11-2005,2820,2934,2796,2862.649902,2702.722168,2511
18-11-2005,2880,2900,2860,2877,2716.27002,2310
21-11-2005,2801,2880,2801,2841.5,2682.753418,989
22-11-2005,2900,2900,2840.050049,2876.300049,2715.609131,1574
23-11-2005,2885,2905,2825.050049,2894.25,2732.556641,1143
24-11-2005,2890,2909.899902,2861.050049,2880.199951,2719.291504,555
25-11-2005,2960,2960,2870,2876.800049,2716.081543,639
28-11-2005,2890,2935,2875,2880.649902,2719.715332,1821
29-11-2005,2865,2910,2864.100098,2888.449951,2727.080566,779
30-11-2005,2870,2920,2830,2849.350098,2690.165283,1138
01-12-2005,2850,2890,2831,2884.949951,2723.775635,791
02-12-2005,2900,2905,2852,2860.600098,2700.787109,1265
05-12-2005,2915,2915,2805,2833.75,2675.436768,709
06-12-2005,2848,2848,2820,2842.100098,2683.320068,479
07-12-2005,2850,2910,2850,2905.899902,2743.555176,2426
08-12-2005,2880,2893.949951,2840,2872.100098,2711.644287,324
09-12-2005,2885,2900,2876.100098,2898.949951,2736.994141,1524
12-12-2005,2939.899902,2939.899902,2875,2897.350098,2735.483154,1412
13-12-2005,2900,2900,2870,2883.300049,2722.218018,1112
14-12-2005,2875,2893.850098,2851,2863.75,2703.759521,1021
15-12-2005,2875,2890,2800,2821.399902,2663.776855,971
16-12-2005,2900,2939,2800,2829.199951,2671.140625,1238
19-12-2005,2890,2890,2800,2816.699951,2659.338867,2758
20-12-2005,2875,2970,2820,2910.050049,2747.472656,10162
21-12-2005,2925,2988,2912,2959.100098,2793.783203,9506
22-12-2005,2852,2970,2852,2899.850098,2737.843994,2634
23-12-2005,2871,2908.899902,2810,2849.050049,2689.881592,3420
26-12-2005,2776,2850,2761,2783.850098,2628.324219,2224
27-12-2005,2785,2820,2745,2770.25,2615.483887,1984
28-12-2005,2819.300049,2825.5,2750.050049,2763.449951,2609.064209,1407
29-12-2005,2794,2798,2717,2732.899902,2580.220459,1219
30-12-2005,2750,2820,2731,2748.449951,2594.901367,3970
02-01-2006,2705,2794,2705,2738.050049,2585.082764,1376
03-01-2006,2750,2759.449951,2741,2745.300049,2591.92749,2195
04-01-2006,2780,2800,2725,2742,2588.813232,2656
05-01-2006,2742,2770,2701,2761.25,2606.984863,607
06-01-2006,2775,2780,2735,2740.75,2587.631348,1520
09-01-2006,2752,2780,2715,2728,2575.593994,1482
10-01-2006,2744.75,2744.75,2685,2695.300049,2544.721191,1688
12-01-2006,2750,2750,2674,2679.850098,2530.133545,1868
13-01-2006,2710,2725,2680,2690.199951,2539.906494,1662
16-01-2006,2691,2691,2660,2680.449951,2530.700195,908
17-01-2006,2700,2745,2675,2704.350098,2553.266113,1776
18-01-2006,2725,2725,2695,2701.699951,2550.76416,1659
19-01-2006,2749.899902,2782,2718,2775.350098,2620.298584,2403
20-01-2006,2740,2793.949951,2730,2742.300049,2589.096436,1509
23-01-2006,2759,2769.949951,2730,2738,2585.034912,1042
24-01-2006,2790,2790,2705,2715.600098,2563.887695,1069
25-01-2006,2716,2749.949951,2716,2740.850098,2587.726563,789
27-01-2006,2780,2889,2750,2860.699951,2700.880615,8346
30-01-2006,2865,2865,2800,2801.949951,2645.412842,1726
31-01-2006,2730,2825,2725,2803.550049,2646.92334,1169
01-02-2006,2805,2830,2800,2808.800049,2651.880615,1748
02-02-2006,2801,2834.949951,2800,2819.850098,2662.313232,1436
03-02-2006,2801,2829.949951,2800,2800.600098,2644.138428,1468
06-02-2006,2802.100098,2950,2800.050049,2872.050049,2711.596924,4460
07-02-2006,2945,3155,2820.100098,3010.100098,2841.93335,7305
08-02-2006,3120,3297,3052,3260.949951,3078.77002,22215
10-02-2006,3300,3398,3250.100098,3279.949951,3096.70874,14429
13-02-2006,3340,3340,3211,3219.149902,3039.303955,3596
14-02-2006,3270,3279.949951,3090,3108.050049,2934.411377,4975
15-02-2006,3159.949951,3185,3095,3104.649902,2931.20166,2678
16-02-2006,3101,3240,3087,3170.699951,2993.561768,3235
17-02-2006,3185,3199.949951,3081,3117.449951,2943.287354,3847
20-02-2006,3131,3199.899902,3105.100098,3171.399902,2994.22168,1761
21-02-2006,3300,3300,3150.100098,3214.949951,3035.339355,3184
22-02-2006,3160,3214.949951,3080,3097.050049,2924.026611,1747
23-02-2006,3250,3250,3040.199951,3049.800049,2879.416504,2040
24-02-2006,3050,3089,2945,3021.350098,2852.554443,2824
27-02-2006,3060,3090,3041,3057.800049,2886.968994,2202
28-02-2006,3050,3100,3024.25,3059.699951,2888.763672,2157
01-03-2006,3070,3200,3070,3130.699951,2955.795654,3622
02-03-2006,3100,3259.899902,3100,3246.550049,3065.174561,15804
03-03-2006,3200,3246.899902,2925,3160.399902,2983.836182,2686
06-03-2006,3170,3210,3100,3128.600098,2953.813965,1936
07-03-2006,3200,3200,3120,3132.899902,2957.872559,717
08-03-2006,3106,3220,3106,3132.949951,2957.919922,9054
09-03-2006,3160,3160,3106,3138.800049,2963.444336,770
10-03-2006,3139.949951,3154.800049,3103,3116.399902,2955.477295,930
13-03-2006,3240,3265,3154,3174.699951,3010.76709,3081
14-03-2006,3190.050049,3210,3110,3144.850098,2982.45874,814
16-03-2006,3160,3225,3125,3194.550049,3029.592529,3960
17-03-2006,3185,3219,3175,3193.5,3028.596191,1179
20-03-2006,3359,3359,3150,3187.649902,3023.049072,2399
21-03-2006,3199,3280,3199,3225.149902,3058.612061,3967
22-03-2006,3026.149902,3245,3026.149902,3222.850098,3056.431152,2238
23-03-2006,3245,3285,3227.5,3243.199951,3075.72998,2067
24-03-2006,3130,3245,3120,3187.850098,3023.238525,1193
27-03-2006,3175.050049,3252,3090,3130.300049,2968.6604,12845
28-03-2006,3189,3199.949951,3100,3110.600098,2949.978027,2148
29-03-2006,3125,3149.949951,3100,3106.5,2946.087891,1272
30-03-2006,3105,3150,2930,3066.399902,2908.060303,1180
31-03-2006,3110,3124,3090,3101.800049,2941.631592,2083
03-04-2006,3110.050049,3240,3110.050049,3204.149902,3038.696045,2838
04-04-2006,3310,3310,3162,3219.399902,3053.158691,2486
05-04-2006,3285,3541.350098,3250,3541.350098,3358.484375,12209
07-04-2006,3679.850098,3895.5,3605,3874.899902,3674.810791,35309
10-04-2006,3940,4068.649902,3790,3856.449951,3657.312012,21946
12-04-2006,3900,3962.449951,3825.050049,3867.800049,3668.076416,8709
13-04-2006,3845,3845,3674.949951,3704.850098,3513.541992,4357
17-04-2006,3765,3890.100098,3710,3859.199951,3659.921631,4668
18-04-2006,3920,3970,3820,3860.800049,3661.438965,3428
19-04-2006,3850,3904.949951,3751.050049,3782.149902,3586.849609,2702
20-04-2006,3782.149902,3874,3782.149902,3855.550049,3656.460449,2605
21-04-2006,3890,3915,3775,3809,3612.315186,2891
24-04-2006,3885,3999.449951,3689,3716.050049,3524.16333,11076
25-04-2006,3720,3775,3530.25,3535,3352.462891,4862
26-04-2006,3580,3690,3540,3557,3373.326172,2383
27-04-2006,3650,3655,3395,3406.300049,3230.407959,3360
28-04-2006,3371.75,3473,3301,3438.550049,3260.992676,2156
02-05-2006,3500,3660,3500,3562.550049,3378.590576,1402
03-05-2006,3600,3640,3542,3598.149902,3412.351807,4085
04-05-2006,3628,3630,3560,3584.449951,3399.358887,1875
05-05-2006,3629,3629,3515,3552.649902,3369.200684,1367
08-05-2006,3600,3620,3433,3498.5,3317.847412,2351
09-05-2006,3580,3580,3450,3508.300049,3327.141602,1874
10-05-2006,3550,3550,3500,3512.550049,3331.171631,859
11-05-2006,3452,3533.949951,3425,3453.149902,3274.838623,1766
12-05-2006,3570,3570,3380,3393.449951,3218.221436,2823
15-05-2006,3549.949951,3550,3281,3295.699951,3125.519043,2058
16-05-2006,3400,3430,3200,3222.600098,3056.193359,1246
17-05-2006,3270,3383.75,3270,3383.149902,3208.453369,1534
18-05-2006,3300,3332.899902,3214,3228.25,3061.552979,2277
19-05-2006,3235,3298,3080,3127.100098,2965.625488,1348
22-05-2006,3130,3130,2970.75,2976.25,2822.565674,822
23-05-2006,2985,2990,2830,2965.550049,2812.417725,1303
24-05-2006,2999.949951,3100,2855,2890.199951,2740.957275,1171
25-05-2006,2832.350098,2880,2751,2807.550049,2662.575928,1046
26-05-2006,2850,2947.949951,2850,2947.949951,2795.726563,334
29-05-2006,2962,3069,2801,2944.699951,2792.643066,1107
30-05-2006,2980,3010,2800,2821.699951,2675.995605,755
31-05-2006,2865,2865,2750.149902,2819.350098,2673.766602,1103
01-06-2006,2920,2920,2750,2775,2631.707275,857
02-06-2006,2700,2770,2636.25,2744.699951,2602.970947,1394
05-06-2006,2705.199951,2770,2701,2729.199951,2588.271973,1219
06-06-2006,2673,2700,2654,2660.850098,2523.451172,520
07-06-2006,2600,2640,2527.850098,2528.649902,2398.07666,866
08-06-2006,2475,2498,2402.75,2402.949951,2278.868408,559
09-06-2006,2300,2455,2282.800049,2441.399902,2315.33374,1695
12-06-2006,2450,2451.199951,2350,2368.5,2246.197021,713
13-06-2006,2290,2370,2150,2204.199951,2090.381592,1330
14-06-2006,2325,2325,2100,2143.449951,2032.769043,911
15-06-2006,2185,2242,2165,2222.300049,2107.547363,892
16-06-2006,2280.050049,2370,2220,2251.050049,2134.812744,1537
19-06-2006,2300,2320,2236,2304.199951,2185.217285,765
20-06-2006,2253,2399,2204.199951,2343.949951,2222.915039,847
21-06-2006,2251,2477.5,2250.5,2418.149902,2293.283691,1407
22-06-2006,2500,2540,2450.050049,2493.550049,2364.790039,1007
23-06-2006,2525,2525,2385.100098,2479.300049,2351.275635,1013
26-06-2006,2549,2565,2428,2454.550049,2327.803467,1437
27-06-2006,2436,2484,2350,2374.800049,2252.171631,1054
28-06-2006,2400,2400,2350.600098,2375.699951,2253.026123,301
29-06-2006,2400,2499,2400,2421,2295.986816,624
30-06-2006,2490,2490,2380,2411.949951,2287.402344,883
03-07-2006,2500,2500,2400,2416.350098,2291.575684,904
04-07-2006,2479,2479.949951,2401,2440.399902,2314.384277,964
05-07-2006,2440,2470,2401,2423.350098,2298.214111,1453
06-07-2006,2499.100098,2499.100098,2405.050049,2438.899902,2312.961914,321
07-07-2006,2497.100098,2505,2450,2463.550049,2336.339844,1453
10-07-2006,2460,2489.949951,2450,2476.050049,2348.193848,307
11-07-2006,2450,2556,2450,2511.100098,2381.433594,1084
12-07-2006,2450,2552,2450,2532.899902,2402.108643,956
13-07-2006,2510,2560,2460,2513.300049,2383.519043,708
14-07-2006,2475,2546.949951,2474.5,2517.949951,2387.928955,426
17-07-2006,2510,2537.449951,2490,2519.25,2389.162109,1086
18-07-2006,2500,2531,2485,2510.800049,2381.150146,909
19-07-2006,2520,2560,2455.100098,2502.949951,2373.704834,871
20-07-2006,2520,2635,2470,2609.050049,2474.325684,4941
21-07-2006,2600,2648,2600,2615.899902,2480.821777,2030
24-07-2006,2551,2625,2550,2605.550049,2471.007324,916
25-07-2006,2630,2635,2600,2608.550049,2473.852051,507
26-07-2006,2620,2648.899902,2605,2628.649902,2492.913574,346
27-07-2006,2660,2879.949951,2607.5,2794.100098,2649.820801,1046
28-07-2006,2850,2949.800049,2752,2831.399902,2685.195313,1915
31-07-2006,2880,2978,2808,2940.600098,2788.754639,2025
01-08-2006,2935,2950,2900,2923.300049,2772.348877,1677
02-08-2006,2915,2974,2896,2940.800049,2788.945068,805
03-08-2006,2950,3231.600098,2950,3231.600098,3067.858154,6773
04-08-2006,3344.699951,3344.699951,3155,3250.25,3085.563965,5323
07-08-2006,3500,3500,3180,3240.600098,3076.403076,4193
08-08-2006,3260,3309,3250,3286.550049,3120.025391,1756
09-08-2006,3260,3615.25,3260,3615.25,3432.06958,9150
10-08-2006,3700,3748,3435,3446.100098,3271.490967,14664
11-08-2006,3520,3538.899902,3430,3444.25,3269.734131,6367
14-08-2006,3490,3616.5,3460.050049,3616.5,3433.255859,5021
16-08-2006,3750,3770,3600,3606.550049,3423.811523,4953
17-08-2006,3700,3700,3450,3499.899902,3322.564453,4104
18-08-2006,3511,3590,3511,3550.649902,3370.742188,2076
21-08-2006,3405,3580,3405,3517,3338.797852,1435
22-08-2006,3589.649902,3665,3521,3655.25,3470.043213,5523
23-08-2006,3550.050049,3700,3550.050049,3628.800049,3444.93335,4752
24-08-2006,3600,3610,3556,3591.649902,3409.665039,1637
25-08-2006,3694,3694,3560,3640.399902,3455.945068,4775
28-08-2006,3600,3694,3600,3657.050049,3471.751709,1897
29-08-2006,3600,3675,3581,3631.949951,3447.923096,1562
30-08-2006,3649.949951,3695,3620,3660.800049,3475.311035,4445
31-08-2006,3665,3843.850098,3665,3716.699951,3528.37915,6942
01-09-2006,3675,3810,3660.050049,3797.25,3604.847656,5060
04-09-2006,3800,3909.899902,3790,3841.850098,3647.187988,4678
05-09-2006,3840,3875,3820,3866.949951,3671.015381,3793
06-09-2006,3875,3894,3820.050049,3836.449951,3642.062256,1649
07-09-2006,3762.800049,3870,3762.800049,3856.649902,3661.238525,1420
08-09-2006,3860,4040,3840,3967.25,3766.234131,8991
11-09-2006,3915,4019.949951,3768.899902,3791.550049,3599.436768,4443
12-09-2006,3835,3885,3780,3871.25,3675.098633,3654
13-09-2006,3946.800049,3999.949951,3850,3916.649902,3718.197754,3126
14-09-2006,3900,3981.800049,3861.149902,3878.699951,3682.171143,1859
15-09-2006,3875,3899.949951,3790,3857.5,3662.045166,2258
18-09-2006,3920,3937,3809,3850.050049,3654.972168,2090
19-09-2006,3865,3925,3755,3812.899902,3619.704834,2238
20-09-2006,3780,3925,3780,3854.199951,3658.911865,3089
21-09-2006,3880,3880,3810,3819.100098,3625.59082,1063
22-09-2006,3859.949951,3880,3726,3800.449951,3607.885742,1362
25-09-2006,3835,3840,3750,3759.850098,3569.343018,1798
26-09-2006,3800,3870,3769,3799.25,3606.74707,2778
27-09-2006,3860,3875,3840,3851.199951,3656.064209,2297
28-09-2006,3869,3870,3801.149902,3823.5,3629.767578,1307
29-09-2006,3869.949951,3925,3801,3873.550049,3677.281982,2291
03-10-2006,3840,3949.699951,3840,3913.949951,3715.634521,2686
04-10-2006,3885,3930,3852,3861.25,3665.604492,1239
05-10-2006,3876,4054.350098,3876,4054.350098,3848.921143,5537
06-10-2006,4000,4257.100098,4000,4257.100098,4041.398438,16500
09-10-2006,4301,4470,4150,4470,4243.509766,20275
10-10-2006,4688,4800,4551.100098,4586.200195,4353.822266,15472
11-10-2006,4650,4674.950195,4412,4436.549805,4211.755859,6562
12-10-2006,4450,4680,4450,4641.950195,4406.750977,16100
13-10-2006,4749.899902,4800,4513,4567.700195,4336.259277,8330
16-10-2006,4690,4700,4421.100098,4565.950195,4334.600098,7889
17-10-2006,4600,4630.850098,4486,4506.649902,4278.303711,2655
18-10-2006,4510,4544,4465,4472.850098,4246.216797,2458
19-10-2006,4549,4549,4260,4330.700195,4111.269043,4687
20-10-2006,4395.649902,4545,4381,4436.450195,4211.661621,3691
23-10-2006,4620,4620,4410,4441.100098,4216.074219,973
26-10-2006,4488,4528.899902,4271.549805,4316.75,4098.025391,5029
27-10-2006,4416.5,4416.5,4260,4284.200195,4067.124512,3665
30-10-2006,4310,4310,4171,4192.100098,3979.69165,3668
31-10-2006,4200,4287,4175.100098,4186.299805,3974.186035,1965
01-11-2006,4190,4350,4190,4277.799805,4061.049316,8769
02-11-2006,4374.799805,4409,4210,4222.600098,4008.645264,1771
03-11-2006,4231.100098,4282.899902,4175.049805,4212.799805,3999.342285,2245
06-11-2006,4180.100098,4280,4180.100098,4253.049805,4037.55249,9282
07-11-2006,4260.25,4450,4200,4229.049805,4014.769775,1979
08-11-2006,4269.899902,4269.899902,4130,4150.149902,3939.866699,1500
09-11-2006,4219.950195,4220,4125,4150.450195,3940.152588,1133
10-11-2006,4195,4200,4055.199951,4110.950195,3902.652832,880
13-11-2006,4070,4522.049805,4070,4522.049805,4292.925781,8550
14-11-2006,4600,4780,4500,4534,4307.125488,12186
15-11-2006,4550,4600,4440,4489.100098,4264.471191,2901
16-11-2006,4585,4585,4421,4443.850098,4221.483887,1425
17-11-2006,4540,4540,4282.149902,4301.200195,4085.974854,1592
20-11-2006,4242,4510,4115.549805,4415.5,4194.555176,12620
21-11-2006,4490,4575,4360,4383.350098,4164.013184,6169
22-11-2006,4470,4545,4245,4292.450195,4077.66333,2730
23-11-2006,4379,4491.700195,4295,4315.75,4099.797363,2122
24-11-2006,4380,4380,4272.049805,4286,4071.533203,1462
27-11-2006,4350,4600,4291.350098,4482.149902,4257.869141,10381
28-11-2006,4400,4540,4400,4462,4238.728027,4086
29-11-2006,4519,4720,4476,4608.600098,4377.993652,14701
30-11-2006,4560,4685,4410,4579.899902,4350.729004,2848
01-12-2006,4649.899902,4649.899902,4505.5,4539.850098,4312.681641,4449
04-12-2006,4594,4594,4492.149902,4546.799805,4319.282715,4656
05-12-2006,4555,4599.5,4499,4503.149902,4277.819824,1670
06-12-2006,4510,4512,4350,4369,4150.381836,2621
07-12-2006,4390,4469,4361,4378.25,4159.168457,1649
08-12-2006,4380,4405,4300,4313.299805,4097.46875,2352
11-12-2006,4415,4415,4150,4203.950195,3993.590088,4029
12-12-2006,4205,4300,3900,4013.850098,3813.00293,6443
13-12-2006,4198,4199,3950,4123.899902,3917.545166,2901
14-12-2006,4199,4425,4141.25,4307.200195,4091.672119,3475
15-12-2006,4383.899902,4399,4225.25,4249.549805,4036.908936,1524
18-12-2006,4380,4399.899902,4240,4363.399902,4145.061523,3385
19-12-2006,4370,4370,4230,4267.5,4053.958496,2045
20-12-2006,4399,4496,4280,4309.450195,4093.811035,9642
21-12-2006,4399,4399,4301.25,4333.700195,4116.846191,2239
22-12-2006,4331,4360,4262.5,4304.25,4088.87207,817
26-12-2006,4320,4335,4250,4303.200195,4087.875732,983
27-12-2006,4345,4359,4300,4309.200195,4093.572998,2026
28-12-2006,4300,4350,4280,4323.850098,4107.490723,731
29-12-2006,4380,4380,4280,4293.200195,4078.374268,1485
02-01-2007,4388,4388,4302,4339.850098,4122.689453,1611
03-01-2007,4230,4369,4230,4331.049805,4114.329102,791
04-01-2007,4335,4353,4320.149902,4325.450195,4109.01123,581
05-01-2007,4372,4372,4280,4284.899902,4070.48877,441
08-01-2007,4206.100098,4325,4205.200195,4289.450195,4074.811768,621
09-01-2007,4319,4320,4225,4246.350098,4033.868652,731
10-01-2007,4300,4300,4201.200195,4228.850098,4017.244385,485
11-01-2007,4330,4343,4230,4239.5,4027.361084,330
12-01-2007,4322,4322,4230,4233.799805,4021.945801,778
15-01-2007,4265,4349,4250.049805,4297.350098,4082.315186,2357
16-01-2007,4320,4320,4250,4257.350098,4044.317871,435
17-01-2007,4251,4318,4251,4267.100098,4053.580811,775
18-01-2007,4290,4309,4216,4225.700195,4014.25293,8669
19-01-2007,4260,4260,4205,4215.600098,4004.655762,629
22-01-2007,4211,4300,4211,4284,4069.634033,1189
23-01-2007,4350,4350,4225,4235.549805,4023.608887,562
24-01-2007,4270,4299,4160,4187.100098,3977.584473,803
25-01-2007,4299,4410,4150,4193.799805,3983.947998,9498
29-01-2007,4250,4251,4127,4136.5,3929.515137,2286
31-01-2007,4203.850098,4203.850098,4062.100098,4073.550049,3869.715088,1836
01-02-2007,4100,4120,4069,4083.899902,3879.547607,914
02-02-2007,4110,4125,4067,4100.75,3895.553955,3569
05-02-2007,4100,4108.549805,4055,4084.5,3880.11792,837
06-02-2007,4054.100098,4110,4053.100098,4085.050049,3880.640381,682
07-02-2007,4070,4110,4051,4080.149902,3875.985107,430
08-02-2007,4047,4096,4000,4067.899902,3864.347168,1907
09-02-2007,4067.899902,4067.899902,4000.100098,4008.550049,3807.967529,1281
12-02-2007,4010.25,4036.949951,3915,3944.149902,3746.789795,1302
13-02-2007,3915,3962,3900,3905.550049,3710.121826,869
14-02-2007,3990,3990,3850,3884.75,3690.362305,1410
15-02-2007,3970,4120,3910,3930.149902,3733.490967,534
19-02-2007,4000,4010,3825.100098,3855.5,3662.57666,1121
20-02-2007,3870,3895,3830.350098,3845.649902,3653.219971,515
21-02-2007,3865,3895,3830.550049,3838.949951,3646.854248,475
22-02-2007,3852,3875,3795.050049,3805.300049,3614.888428,870
23-02-2007,3750,3839,3720,3737.800049,3550.766113,820
26-02-2007,3752,3838,3711,3739.100098,3552.000732,1201
27-02-2007,3760,3799,3732.350098,3751.100098,3563.400146,757
28-02-2007,3600,3749.850098,3531,3708.850098,3523.264648,865
01-03-2007,3690,3800,3650,3661.699951,3478.473389,680
02-03-2007,3710,3733,3652.800049,3683.699951,3499.373291,993
05-03-2007,3650,3673,3400,3415.25,3244.354736,1208
06-03-2007,3550,3570,3300,3357.350098,3189.352783,1385
07-03-2007,3480,3498.899902,3250,3276.850098,3112.880859,1396
08-03-2007,3325,3389.949951,3301,3353.949951,3186.123535,1433
09-03-2007,3350,3369.75,3251,3282.5,3131.319336,861
12-03-2007,3398,3398,3275,3332.050049,3178.58667,1458
13-03-2007,3375,3385,3300,3371.649902,3216.363037,589
14-03-2007,3370,3370,3303,3314.350098,3161.701904,314
15-03-2007,3360,3390,3314.100098,3360.5,3205.727051,958
16-03-2007,3379,3398,3355,3372.399902,3217.077881,498
19-03-2007,3479,3479,3301,3438,3279.657227,877
20-03-2007,3490,3570,3451.199951,3556.550049,3392.746826,765
21-03-2007,3599,3605,3485.5,3514.649902,3352.777588,1922
22-03-2007,3530,3587.949951,3270.300049,3451,3292.059326,1772
23-03-2007,3451.25,3528.899902,3400,3424.800049,3267.064941,719
26-03-2007,3530,3530,3350,3374.600098,3219.177734,755
28-03-2007,3325,3390,3270,3304.5,3152.306396,662
29-03-2007,3365,3400,3310,3338.550049,3184.787354,1545
30-03-2007,3374.5,3400,3325,3347.100098,3192.944092,506
02-04-2007,3335,3339.850098,3270,3285.050049,3133.750977,219
03-04-2007,3333,3333,3274,3290.100098,3138.568359,411
04-04-2007,3325,3330,3230.050049,3238.300049,3089.154541,930
05-04-2007,3265,3275,3216,3231.800049,3082.953857,367
09-04-2007,3280,3290,3237,3245.199951,3095.736816,726
10-04-2007,3297,3297,3220,3234.399902,3085.434326,479
11-04-2007,3260,3274.949951,3240.050049,3249.199951,3099.552734,297
12-04-2007,3259,3275,3222,3250.25,3100.554199,422
13-04-2007,3270,3289,3225,3252.100098,3102.319092,1123
16-04-2007,3300,3314.75,3250.050049,3257.899902,3107.851807,1710
17-04-2007,3289.899902,3500,3280,3364.600098,3209.637939,1267
18-04-2007,3450,3470,3360,3385.350098,3229.432861,1820
19-04-2007,3400,3650,3400,3621.100098,3454.324951,13237
20-04-2007,3849,3849,3620,3643.050049,3475.263184,4896
23-04-2007,3699,3744,3604.100098,3627.699951,3460.620605,2509
24-04-2007,3610,3660,3526,3643.300049,3475.501709,2208
25-04-2007,3640,3700,3600,3688.25,3518.381592,2609
26-04-2007,3720,3780,3675,3687.050049,3517.236572,2424
27-04-2007,3670,3709.5,3652,3664.350098,3495.583008,645
30-04-2007,3505.100098,3697.449951,3505.100098,3673.350098,3504.167725,471
03-05-2007,3700,3817,3700,3765.550049,3592.121338,1541
04-05-2007,3750.050049,3770,3750,3766,3592.551758,1078
07-05-2007,3799,3840,3751.050049,3804.5,3629.278076,732
08-05-2007,3820,3830,3780,3797.449951,3622.551514,929
09-05-2007,3780,3781,3750,3760.350098,3587.161377,557
10-05-2007,3770,3865,3770,3784.25,3609.959717,624
11-05-2007,3769,3810,3760.050049,3806.800049,3631.471191,587
14-05-2007,3820,3844,3806.5,3835.899902,3659.230957,416
15-05-2007,3848,3865,3816,3850.949951,3673.587158,656
16-05-2007,3869,3920,3835,3854.5,3676.974609,931
17-05-2007,3900.050049,3925,3892,3904.600098,3724.768066,698
18-05-2007,3934,3934,3855,3880.649902,3701.920166,248
21-05-2007,3771,3896.899902,3771,3862.350098,3684.463135,376
22-05-2007,3849,3925,3826.199951,3885.050049,3706.11792,1133
23-05-2007,3862.100098,3899.949951,3830.050049,3854.199951,3676.687012,557
24-05-2007,3841,3850,3800,3803.399902,3628.228027,314
25-05-2007,3820,3828,3787.100098,3807.100098,3631.757568,297
28-05-2007,3810,4050,3800,3952.149902,3770.12793,1589
29-05-2007,4000,4130,3899.949951,4063.699951,3876.540283,2467
30-05-2007,4060,4159,4010,4128.549805,3938.402832,2509
31-05-2007,4200,4220,4125,4141.899902,3951.136963,3358
01-06-2007,4219.950195,4250,4150,4224,4029.45459,2631
04-06-2007,4249,4274.5,4140,4153.5,3962.202881,1245
05-06-2007,4135,4145,4050,4070.300049,3882.836182,509
06-06-2007,3851,4200,3851,3970,3787.155029,1017
07-06-2007,3881.100098,3970,3881.100098,3933.649902,3752.479248,619
08-06-2007,3850,3921.600098,3850,3890.550049,3711.36377,538
11-06-2007,4220,4220,3880,3892.800049,3713.510986,450
12-06-2007,3849.100098,3970,3805.050049,3845.75,3668.627686,520
13-06-2007,3810,3880,3810,3838.449951,3661.663818,774
14-06-2007,3919,4200,3845,3893.100098,3713.796875,922
15-06-2007,3849.100098,3980,3849.100098,3948.949951,3767.073975,1132
18-06-2007,3920,3965,3900,3906.649902,3726.722412,582
19-06-2007,3945,3945,3820,3834.449951,3657.847168,1098
20-06-2007,3879.350098,3885.899902,3815,3825.550049,3649.35791,989
21-06-2007,3890,3890,3819,3832.5,3655.987305,627
22-06-2007,3801.149902,3870,3801.149902,3849.699951,3672.394531,689
25-06-2007,3830,3840,3805.100098,3813.449951,3637.814697,389
26-06-2007,3825,3828.949951,3778.050049,3789.600098,3615.063232,561
27-06-2007,3753,4025,3753,3934.850098,3753.624023,551
28-06-2007,3950,4099.950195,3950,4075.850098,3888.130615,2001
29-06-2007,4075.850098,4149,4020,4037.199951,3851.260254,835
02-07-2007,4200,4200,3980,4004.149902,3819.733154,475
03-07-2007,4045.800049,4047,3970,3979.75,3796.456055,333
04-07-2007,3978,4080,3970,3998.399902,3814.24707,746
05-07-2007,4060,4140,4040,4094.600098,3906.016113,2001
06-07-2007,4075,4110,4075,4082.100098,3894.092285,469
09-07-2007,4050.550049,4089.949951,4050,4053.449951,3866.760742,231
10-07-2007,4042,4125,3982,4002.050049,3817.72876,932
11-07-2007,4005,4080,3916,3941.550049,3760.014893,897
12-07-2007,4050,4200,3955,4028.350098,3842.817871,487
13-07-2007,4115,4250.049805,4036,4123.850098,3933.918945,2946
16-07-2007,4123.850098,4270,4113.25,4237.549805,4042.38208,2695
17-07-2007,4275,4350,4165,4176.25,3983.906494,1984
18-07-2007,4161,4249,4125,4165.700195,3973.841797,999
19-07-2007,4160,4225,4100,4193,3999.88501,1518
20-07-2007,4270,4270,4141,4155.25,3963.872803,417
23-07-2007,4199.899902,4261,4100,4123.600098,3933.680908,626
24-07-2007,4200,4225,3915,4202.350098,4008.804199,3556
25-07-2007,4195,4220,4132.100098,4164.950195,3973.125,850
26-07-2007,4200,4370,4136,4201.649902,4008.13501,9500
27-07-2007,4200,4249.950195,4050.050049,4102.75,3913.791748,3266
30-07-2007,4170,4170,4051,4123.100098,3933.203369,1352
31-07-2007,4150,4179.950195,4011.25,4076.949951,3889.179932,878
01-08-2007,4179.899902,4179.899902,3951,3951,3769.030273,1828
02-08-2007,3968,4025,3950,3977.449951,3794.261475,564
03-08-2007,4098.950195,4100,3927,3935.25,3754.005127,665
06-08-2007,4008.800049,4008.800049,3790,3814,3638.341064,1412
07-08-2007,3900,3900,3850,3868.600098,3690.425049,707
08-08-2007,3865,3900,3840,3856.649902,3679.026123,478
09-08-2007,3880,3915,3801.600098,3821.100098,3645.112061,803
10-08-2007,3611,3809,3611,3796.350098,3624.3479,559
13-08-2007,3888,3969,3808,3905.300049,3728.361816,996
14-08-2007,3908,4048,3908,3965.850098,3786.169434,1194
16-08-2007,3925,3966,3821.100098,3935.050049,3756.764404,2462
17-08-2007,3975,3975,3856.050049,3903.75,3726.881836,1240
20-08-2007,3882,3950,3882,3921.649902,3743.970947,711
21-08-2007,3969,3969,3860,3894.949951,3718.481689,836
22-08-2007,3870,3899,3799.949951,3830.550049,3656.999268,461
23-08-2007,3855,3880,3763.050049,3784.5,3613.035645,279
24-08-2007,3799,3815,3748.5,3791.800049,3620.00415,149
27-08-2007,3830,3835,3756,3783.699951,3612.271973,647
28-08-2007,3790,3850,3790,3824.850098,3651.557373,499
29-08-2007,3805,3870,3800,3810.100098,3637.475342,91
30-08-2007,3855,3855,3762,3802.75,3630.458496,589
31-08-2007,3801,3849.949951,3800,3838.699951,3664.779785,757
03-09-2007,3975,4003,3870,3886.25,3710.175049,1060
04-09-2007,3945,3948,3890,3899.600098,3722.92041,1221
05-09-2007,3999,3999,3881,3884.600098,3708.599609,566
06-09-2007,3760,3890,3760,3851.800049,3677.286621,440
07-09-2007,3850,3850,3810,3824.75,3651.46167,502
10-09-2007,3840,3840,3810,3818.699951,3645.686279,195
11-09-2007,3840,3840,3815,3833.850098,3660.149658,1324
12-09-2007,3840,3849.949951,3818,3834.300049,3660.579102,2044
13-09-2007,3870,3870,3820,3830.100098,3656.56958,4926
14-09-2007,3840,3840,3800,3813.899902,3641.102539,623
17-09-2007,3830,3830,3755,3765.550049,3594.943115,510
18-09-2007,3799.850098,3809.75,3758,3782.800049,3611.411865,393
19-09-2007,3829,3850,3793,3805.149902,3632.749268,11693
20-09-2007,3830,3840,3800,3827.75,3654.326172,695
21-09-2007,3805,3810,3775,3796.800049,3624.777344,1096
24-09-2007,3800,3800,3750,3760.550049,3590.17041,646
25-09-2007,3719,3794.949951,3719,3752,3582.008301,408
26-09-2007,3800,3800,3715.100098,3745.050049,3575.372803,864
27-09-2007,3740,3810,3717,3732.100098,3563.008545,931
28-09-2007,3770,3774,3722,3759.949951,3589.597168,1137
01-10-2007,3800,3805,3701,3753.75,3583.677979,1474
03-10-2007,3799.949951,3805,3700,3727.25,3558.37915,1602
04-10-2007,3790,3800,3685,3697.850098,3530.310791,1487
05-10-2007,3750,3750,3700,3707.149902,3539.189941,761
08-10-2007,3750,3775,3700,3711,3542.865967,1467
09-10-2007,3659,3750,3659,3714.850098,3546.54126,1077
10-10-2007,3750,3750,3660,3684.550049,3517.613281,1390
11-10-2007,3640,4421.5,3640,4342.75,4145.993164,23547
12-10-2007,4351,4351,4030,4062.850098,3878.77417,10646
15-10-2007,4240,4299,4105,4203.549805,4013.099121,2635
16-10-2007,4225,4601,4225,4468,4265.567383,10739
17-10-2007,3950,4490,3910.550049,4395.149902,4196.018066,3983
18-10-2007,4499.899902,5170,4450.100098,4777.399902,4560.948242,20320
19-10-2007,4700,4975,4500,4660.25,4449.106445,7169
22-10-2007,4600,4870,4550,4616.25,4407.100586,5388
23-10-2007,4700,5339,4700,5159.350098,4925.595215,16320
24-10-2007,5340,5398.899902,5050,5195.149902,4959.772949,14076
25-10-2007,5288,5547,5150,5482.700195,5234.29541,19312
26-10-2007,5550,5700,5450,5621.299805,5366.614746,14004
29-10-2007,5774,6745.600098,5774,6745.600098,6439.974609,25144
30-10-2007,7294.399902,7420.200195,7079,7420.200195,7084.012207,5612
31-10-2007,8162.25,8162.25,7610,8152.700195,7783.324219,74852
01-11-2007,8262,8968,7610.149902,8048.450195,7683.79834,64627
02-11-2007,7899,8580,7351,7878.399902,7521.453125,36208
05-11-2007,7998,8199.950195,7625,7683.5,7335.382324,22461
06-11-2007,7750,7900,6930,7008.049805,6690.536133,16495
07-11-2007,7008.049805,7199.850098,6380,6475.75,6185,19110
08-11-2007,6295,7123.350098,6001,7123.350098,6803.524414,17354
12-11-2007,7600,7680,7200,7455.5,7120.76123,21594
13-11-2007,7650,7975,7410.100098,7564.549805,7224.916016,16526
14-11-2007,7850,8000,7570.049805,7625.950195,7283.558105,11137
15-11-2007,7800,7800,7312,7401.299805,7068.993164,6984
16-11-2007,7400,7575,7210,7255.850098,6930.075684,4981
19-11-2007,7460,7500,7260.049805,7307.200195,6979.118652,4972
20-11-2007,7300,7750,7180,7252.299805,6926.685547,7315
21-11-2007,7450,7450,6700,6789.549805,6484.710938,7848
22-11-2007,6900,6998,6335.200195,6617.5,6320.386719,7173
23-11-2007,6900,6900,6601.100098,6676,6376.259277,4431
26-11-2007,7000,7000,6750,6774.25,6470.097656,2980
27-11-2007,6800,7451.700195,6635.049805,7366.549805,7035.804199,16089
28-11-2007,7500,7744.399902,7100,7180.549805,6858.155762,11533
29-11-2007,7400,7470,6920,6976.600098,6663.362793,5429
30-11-2007,7300,7300,7000,7062.399902,6745.311035,3325
03-12-2007,7249.950195,7500,7090,7258,6932.12793,4301
04-12-2007,7100,7500,7090,7279.600098,6952.757813,5249
05-12-2007,7300,7600,7100,7386.399902,7054.762207,8202
06-12-2007,7450,7650,7324,7378.649902,7047.361328,6206
07-12-2007,7500,7599,7150.5,7243.850098,6918.61377,3958
10-12-2007,7484,7585,7171.399902,7286.600098,6959.444336,3322
11-12-2007,7440,7695,7324,7461,7126.012207,9218
12-12-2007,7350,7650,7300,7459.649902,7124.724121,4291
13-12-2007,7500,8205.650391,7400,7930.350098,7574.291016,24662
14-12-2007,8100,8300,7460.049805,7533.649902,7195.401855,41531
17-12-2007,7750,7750,7051,7153.950195,6832.750488,8441
18-12-2007,7200,7400,7020,7100,6781.222168,6244
19-12-2007,7100,7335,7050,7098.149902,6779.456543,4254
20-12-2007,7200,7220,6901,6953.75,6641.539551,4051
24-12-2007,7248,7342,6966,7042.799805,6726.590332,3545
26-12-2007,7099.950195,7198,7001,7021.549805,6706.294922,2702
27-12-2007,6966,7410,6966,7150.149902,6829.120605,8760
28-12-2007,6980,7240,6980,7068.649902,6751.280273,2914
31-12-2007,7101,7400,7100,7196.100098,6873.007324,7911
01-01-2008,7220.049805,7340,7126.149902,7156.450195,6835.140137,2644
02-01-2008,7190,7238,7015,7061.649902,6744.59375,3370
03-01-2008,7075,7150,7000,7047.649902,6731.223145,3365
04-01-2008,7060,7265,7000.049805,7039.25,6723.19873,4584
07-01-2008,7040,7150,6950,7000,6685.711914,3488
08-01-2008,7099.899902,7099.899902,6855.049805,6890.950195,6581.560059,3048
09-01-2008,6801,6980,6769,6810.299805,6504.529297,2440
10-01-2008,6949.899902,6949.899902,6590,6616.600098,6319.526367,3413
11-01-2008,6720,6720,6260,6352.25,6067.044434,4732
14-01-2008,6480,6500,6400,6422.75,6134.379883,2280
15-01-2008,6435,6535,6290,6313.149902,6029.700195,1951
16-01-2008,6175,6300,6175,6268.700195,5987.24707,2259
17-01-2008,6297,6480,6266,6405.75,6118.143555,1900
18-01-2008,6115,6500,6100,6145.149902,5869.243164,2264
21-01-2008,6051,6051,4917,5160.700195,4928.994629,5885
22-01-2008,5000,5160.700195,4129,4414.600098,4216.391602,4408
23-01-2008,4998,5100,4502,4908.700195,4688.309082,3630
24-01-2008,5189,5299.700195,4550,4705.75,4494.467773,5177
25-01-2008,4800,5100,4700,5052.149902,4825.317383,3195
28-01-2008,4850,5038,4773,4987.149902,4763.235352,2009
29-01-2008,5249,5249,4990,5017.049805,4791.792969,1613
30-01-2008,5145,5145,4792.700195,4800,4584.489746,1944
31-01-2008,4701,5092,4701,4875.899902,4656.979004,3505
01-02-2008,4997.799805,4997.799805,4761,4792.899902,4577.708496,5818
04-02-2008,4999.899902,5135,4917,4995,4770.732422,2955
05-02-2008,5000,5050,4900,4985.149902,4761.326172,1896
06-02-2008,4870,5050,4750,4971.799805,4748.575195,1888
07-02-2008,4980,5150,4850,4866.5,4648.001465,1823
08-02-2008,4850,4850,4605,4687.200195,4476.751953,2359
11-02-2008,4700,4700,4450,4503.75,4301.538086,2211
12-02-2008,4510,4529.75,4150,4239.299805,4048.961426,4757
13-02-2008,4245.100098,4370,4213,4263.600098,4072.174316,2286
14-02-2008,4350,4500,4350,4468.649902,4268.013672,2118
15-02-2008,4325,4600,4310.049805,4566.899902,4361.854004,2297
18-02-2008,4800,4989.899902,4610,4693.799805,4483.058105,1999
19-02-2008,4800,4848,4650,4684,4473.696777,1235
20-02-2008,4640,4725,4600.049805,4640.950195,4432.580566,725
21-02-2008,4800,4800,4055,4626.049805,4418.34668,687
22-02-2008,4640,4650,4551,4591.200195,4385.062988,1037
25-02-2008,4649.950195,4749,4452,4543.649902,4339.647461,786
26-02-2008,4699,4699,4505,4656.049805,4447.001953,856
27-02-2008,4725,4748,4650,4664.899902,4455.453613,1217
28-02-2008,4650,4660,4600,4636.25,4428.089355,444
29-02-2008,4624,4634.899902,4560,4598.75,4392.275391,627
03-03-2008,4582.899902,4589,4426.100098,4486.049805,4284.632324,1147
04-03-2008,4486,4486,4310.049805,4404.75,4206.984863,1356
05-03-2008,4460,4460,4350,4370,4187.102539,1245
07-03-2008,4280,4380,4160,4254.200195,4076.149902,2780
10-03-2008,4080,4140,4001,4119.25,3946.847656,2324
11-03-2008,4234,4499.950195,4090,4380.850098,4197.498535,2075
12-03-2008,4590,4590,4215,4269.75,4091.047607,2066
13-03-2008,4105,4200.100098,4050,4068.899902,3898.605469,1627
14-03-2008,4099.899902,4125,3960,4066.100098,3895.921387,1578
17-03-2008,3958,4046,3500,3787.75,3629.222168,2926
18-03-2008,3800,3949,3791,3812.050049,3652.504883,1347
19-03-2008,3909,3998.949951,3720.050049,3751.800049,3594.775879,1756
24-03-2008,3750,3799,3502.199951,3587.600098,3437.447998,1553
25-03-2008,3600,3795,3550,3730.050049,3573.935547,3446
26-03-2008,3730,3880,3730,3811.199951,3651.69043,2030
27-03-2008,3810,3828.850098,3780,3806.800049,3647.473877,1815
28-03-2008,3800,4200,3800,4078.399902,3907.707275,2279
31-03-2008,4001,4149,3961,3989.050049,3822.096436,1672
01-04-2008,3973,4050,3889,3977.350098,3810.886719,1772
02-04-2008,4100,4150,3850,3918.949951,3754.930664,1900
03-04-2008,3980,3980,3850,3901.350098,3738.068115,819
04-04-2008,3840,3940,3835,3900.75,3737.492188,1090
07-04-2008,3901,3950,3880,3906.5,3743.001465,899
08-04-2008,3950,4050,3900,3962.899902,3797.041748,874
09-04-2008,3960,4090,3923.25,4026.100098,3857.595459,1114
10-04-2008,4030,4125,4000,4030.199951,3861.523438,1137
11-04-2008,4070.449951,4085,4000,4007.850098,3840.109863,820
15-04-2008,4023,4040,3977,4013.050049,3845.091553,612
16-04-2008,4093,4322,4039,4208.549805,4032.409912,2610
17-04-2008,4220,4309,4117.649902,4248.350098,4070.545654,1363
21-04-2008,4250,4346.899902,4250,4285.350098,4105.995605,1190
22-04-2008,4299,4334.950195,4235,4278.149902,4099.097656,1218
23-04-2008,4349,4350,4230,4323.649902,4142.691406,1322
24-04-2008,4349,4435,4348,4372.850098,4189.83252,1647
25-04-2008,4400,4689,4386,4607.600098,4414.758301,11841
28-04-2008,4664,4697.399902,4561.5,4576.049805,4384.529297,2201
29-04-2008,4580,4770,4551,4620.450195,4427.068848,2267
30-04-2008,4631,4698.799805,4500,4546.850098,4356.55127,1411
02-05-2008,4649.950195,4779.799805,4520,4593.25,4401.008789,5146
05-05-2008,4670,4750,4600,4718.350098,4520.874023,3536
06-05-2008,4745,4771,4626,4649.600098,4455.00293,1776
07-05-2008,4609,4677,4551,4562.100098,4371.162598,1567
08-05-2008,4510,4605,4411,4492.450195,4304.427734,1241
09-05-2008,4450,4515,4300,4334.649902,4153.231445,1453
12-05-2008,4261.5,4349,4171,4194.700195,4019.138916,2224
13-05-2008,4262,4299,4050.050049,4147.25,3973.675781,1631
14-05-2008,4105.75,4183,4105.75,4133.950195,3960.931641,1255
15-05-2008,4200,4245,4181,4191.100098,4015.691406,1347
16-05-2008,4265,4265,4201,4216.25,4039.787598,697
20-05-2008,4200,4250,4200,4245.549805,4067.860352,1800
21-05-2008,4173,4420,4173,4367.149902,4184.370605,1950
22-05-2008,4350,4350,4226.049805,4285.700195,4106.330566,910
23-05-2008,4339.25,4339.25,4176,4189.399902,4014.0625,797
26-05-2008,4105.600098,4210,4071,4094.25,3922.892822,808
27-05-2008,4053.300049,4200,4053.300049,4062.699951,3892.664551,1266
28-05-2008,4125,4180,3910.050049,4041.100098,3871.96875,1256
29-05-2008,4035,4187.950195,4035,4150.5,3976.789307,1233
30-05-2008,4108.950195,4173,4050,4067.300049,3897.072021,1448
02-06-2008,4098,4138.950195,3980,4010.850098,3842.984863,1073
03-06-2008,3919,4049.899902,3919,4028.449951,3859.846924,1095
04-06-2008,4020,4055,3950,3973,3806.71875,1821
05-06-2008,3970,3995.25,3922,3958.850098,3793.1604,822
06-06-2008,3978,4021.100098,3900,3928.949951,3764.511475,1141
09-06-2008,3900,3915,3750,3898.399902,3735.240479,1520
10-06-2008,3861,3948,3861,3907.550049,3744.007324,793
11-06-2008,3950,3998,3890,3903.550049,3740.175293,603
12-06-2008,3811,3900,3755,3839.649902,3678.949951,1387
13-06-2008,3850,3980,3823,3917.5,3753.541016,6147
16-06-2008,3902,4100.149902,3902,4006.199951,3838.527832,1990
17-06-2008,3966.100098,4018,3966.100098,4006.600098,3838.912109,570
18-06-2008,3966.5,4499.950195,3930.350098,3951.949951,3786.550293,1814
19-06-2008,3910.100098,3970,3850,3868.300049,3706.400635,1277
20-06-2008,3841,3900,3751,3778.600098,3620.453857,3804
23-06-2008,3745,3748,3625,3645.449951,3492.877686,1600
24-06-2008,3650.300049,3680,3520,3548.899902,3400.368408,1349
25-06-2008,3503.300049,3522,3450,3474.550049,3329.129883,1820
26-06-2008,3475,3590,3475,3541.050049,3392.847656,712
27-06-2008,3431,3500,3425,3471.699951,3326.39917,1017
30-06-2008,3420.199951,3490,3363.100098,3417.300049,3274.276123,1578
01-07-2008,3370,3449,3191,3206.649902,3072.442139,1352
02-07-2008,3200,3300,3050,3251.300049,3115.224365,1803
03-07-2008,3249,3251.300049,3131,3164,3031.577393,1019
04-07-2008,3150,3225,3060,3151.600098,3019.696289,1289
07-07-2008,3200,3310,3200,3281.850098,3144.494873,1072
08-07-2008,3250,3305,3140,3273.149902,3136.15918,1697
09-07-2008,3300,3388,3300,3352.449951,3212.139893,906
10-07-2008,3340,3380,3320,3349.649902,3209.456787,742
11-07-2008,3350,3360,3292,3306.399902,3168.017822,684
14-07-2008,3295,3300,3200,3238.050049,3102.527588,558
15-07-2008,3210,3300,3182.050049,3201.600098,3067.603271,1076
16-07-2008,3250,3270,3100,3111.550049,2981.322021,1148
17-07-2008,3243.5,3250,3135.050049,3166.149902,3033.636719,620
18-07-2008,3170,3239,3150,3199.800049,3065.879639,866
21-07-2008,3200,3250,3150,3203.199951,3069.13623,711
22-07-2008,3200,3490,3171,3331.100098,3191.683105,1432
23-07-2008,3400,3670,3400,3562.699951,3413.5896,3063
24-07-2008,3650,3775,3453,3498.25,3351.837158,6069
25-07-2008,3401,3470,3380,3396.899902,3254.729492,1243
28-07-2008,3392,3496.949951,3305,3476.800049,3331.285645,917
29-07-2008,3351.050049,3450,3350,3396.050049,3253.915283,743
30-07-2008,3425,3470,3350,3393.199951,3251.185303,1167
31-07-2008,3455,3455,3360,3400.449951,3258.131592,656
01-08-2008,3309,3384,3309,3345.100098,3205.0979,1290
04-08-2008,3398.5,3471,3315,3341.449951,3201.60083,1077
05-08-2008,3350,3395,3325,3350.699951,3210.463379,1974
06-08-2008,3430,3454,3392,3432.100098,3288.456787,2572
07-08-2008,3401,3435,3380,3388.800049,3246.969238,1316
08-08-2008,3376,3448,3375,3393,3253.873535,1931
11-08-2008,3400,3600,3400,3415.949951,3275.882568,6201
12-08-2008,3475,3475,3355,3367.5,3229.419189,2475
13-08-2008,3452,3670,3452,3531.649902,3386.838379,12251
14-08-2008,3511,3640,3451.5,3590.199951,3442.987549,5267
18-08-2008,3619,3650,3552,3566.399902,3420.163086,2848
19-08-2008,3550,3586.050049,3463,3513.399902,3369.336426,1660
20-08-2008,3550,3722,3513,3678.350098,3527.523193,6966
21-08-2008,3680,3699,3525,3578.699951,3431.959229,4328
22-08-2008,3530,3580,3512,3538.550049,3393.455322,2533
25-08-2008,3600,3609.949951,3463,3494.449951,3351.164307,1612
26-08-2008,3490,3540,3424.550049,3454.300049,3312.660645,2081
27-08-2008,3598.800049,3600,3435.050049,3465.149902,3323.065186,1595
28-08-2008,3475,3519,3440.149902,3489.350098,3346.271729,2367
29-08-2008,3497,3590,3482,3559.550049,3413.594482,1844
01-09-2008,3590,3594.949951,3511.050049,3539.649902,3394.51001,1563
02-09-2008,3525,3625,3504,3575.550049,3428.938232,1476
04-09-2008,3530,3598.800049,3530,3554.300049,3408.55957,885
05-09-2008,3465,3564.899902,3465,3518.949951,3374.659424,663
08-09-2008,3590,3590,3501,3538.350098,3393.262939,1104
09-09-2008,3575,3600,3508,3521.75,3377.343994,854
10-09-2008,3574,3574,3490,3502,3358.403564,827
11-09-2008,3500,3510,3460.050049,3472.800049,3330.401611,462
12-09-2008,3501,3501,3401,3440.649902,3299.56958,1064
15-09-2008,3381.100098,3395,3295.5,3305,3169.481934,1368
16-09-2008,3250,3300,3200.050049,3275.149902,3140.855713,1131
17-09-2008,3300,3380,3218,3239.600098,3106.763428,948
18-09-2008,3160,3161,3061,3123.899902,2995.807129,1683
19-09-2008,3200,3280,3190.050049,3224.600098,3092.378662,1324
22-09-2008,3241,3350,3241,3280.449951,3145.938477,1389
23-09-2008,3241.050049,3300,3150,3212.399902,3080.678711,1147
24-09-2008,3218,3250,3141.050049,3213.699951,3081.925781,1116
25-09-2008,3200,3230,3110,3126.399902,2998.206055,2196
26-09-2008,3170,3170,3020,3041,2916.307617,1863
29-09-2008,3100,3100,2903,2944.600098,2823.859375,2195
30-09-2008,2881.050049,3175,2800,3081.399902,2955.051025,2795
01-10-2008,3140,3140,2925,2935.800049,2815.42041,4073
03-10-2008,2935,2973,2808,2864.100098,2746.661621,3428
06-10-2008,2840,2840,2701,2724.25,2612.544189,2103
07-10-2008,2730,2800,2655,2698.800049,2588.138916,2004
08-10-2008,2655,2660,2480.100098,2534.550049,2430.623779,2657
10-10-2008,2401.149902,2449.800049,2312.25,2360.350098,2263.566162,3535
13-10-2008,2400,2510,2391.050049,2472.149902,2370.781494,1617
14-10-2008,2599,2670,2573.5,2588.649902,2482.505371,2298
15-10-2008,2588,2595,2470,2482.100098,2380.32373,1126
16-10-2008,2437.949951,2437.949951,2315.399902,2415.399902,2316.359131,1766
17-10-2008,2460,2499.800049,2355,2394.899902,2296.700195,1167
20-10-2008,2450,2450,2310,2333.300049,2237.625,1549
21-10-2008,2365,2449,2315,2347.300049,2251.051514,1498
22-10-2008,2300.350098,2387.949951,2300,2338.649902,2242.755615,932
23-10-2008,2301,2316,2250.050049,2263.399902,2170.590332,1133
24-10-2008,2231,2260,2030,2078.350098,1993.129272,2571
27-10-2008,2050,2050,1800,1891.75,1814.180542,2831
29-10-2008,2100,2100,2000,2040.449951,1956.783447,2116
31-10-2008,2020,2110.050049,2014,2020.199951,1937.36377,21261
03-11-2008,2118.949951,2150,2070.050049,2130.149902,2042.80542,2435
04-11-2008,2188,2190,2112,2145.850098,2057.861328,1735
05-11-2008,2200,2249,2050,2100.800049,2014.658325,2202
06-11-2008,2086,2100,1990,2011.800049,1932.067139,1457
07-11-2008,2000,2058,1978,2026.650024,1946.329102,4327
10-11-2008,2052,2080,2000,2006.900024,1927.361572,2330
11-11-2008,2006.900024,2037,1950,1985.800049,1907.097534,2270
12-11-2008,2000,2006.849976,1940.050049,1970.349976,1892.260132,981
14-11-2008,1980,2025,1900,1912.699951,1836.894409,1033
17-11-2008,1899,1915,1785,1797.949951,1726.692261,2676
18-11-2008,1800,1800,1730.050049,1743.349976,1674.256592,2599
19-11-2008,1750,1798.449951,1730,1752.300049,1682.851685,1315
20-11-2008,1700,1735,1651.099976,1705,1637.426514,1670
21-11-2008,1697.800049,1735,1670,1707.400024,1639.731445,1002
24-11-2008,1673.199951,1735,1600,1702.849976,1635.361694,773
25-11-2008,1685.800049,1740,1676,1688.099976,1621.196899,772
26-11-2008,1688,1730,1663,1706.25,1638.626831,728
27-11-2008,1706.25,1706.25,1706.25,1706.25,1638.626831,0
28-11-2008,1689,1720,1680,1692.550049,1625.469971,781
01-12-2008,1676,1750,1676,1688.75,1621.820068,774
02-12-2008,1676,1725,1651,1711.599976,1643.764893,970
03-12-2008,1699,1724,1685,1714.25,1646.310059,534
04-12-2008,1725,1750,1690,1742.75,1673.68042,1073
05-12-2008,1794.949951,1794.949951,1725,1735.599976,1666.813599,500
08-12-2008,1788,1800,1755.5,1762.449951,1692.599487,920
10-12-2008,1780,1798,1760,1777.949951,1707.485596,1327
11-12-2008,1789,1830,1750,1801.550049,1730.150269,1473
12-12-2008,1800,2047,1755,1982.400024,1903.832397,2565
15-12-2008,2044.949951,2150,2044.949951,2085.5,2002.846436,3825
16-12-2008,2098.899902,2100,2025,2057.949951,1976.388428,1996
17-12-2008,2094,2138.949951,2000,2024.599976,1944.359863,2062
18-12-2008,2048,2049.949951,1955,2010.699951,1931.01062,1512
19-12-2008,1990,2065,1961,2001.75,1922.415161,2319
22-12-2008,2018.75,2050,1990,1997,1917.853271,1120
23-12-2008,1999,1999,1926,1958.449951,1880.831665,1122
24-12-2008,1910.300049,1944.449951,1895,1917.75,1841.744995,1399
26-12-2008,1921,1925.849976,1855,1873.599976,1799.343872,1174
29-12-2008,1860.050049,1884.900024,1850,1870.699951,1796.559204,806
30-12-2008,1877.099976,2110,1872.050049,2016.650024,1936.725464,1304
31-12-2008,2000.849976,2069,1990,2003.150024,1923.760132,1493
02-01-2009,2000.099976,2100,2000.099976,2042,1961.069946,1570
05-01-2009,2094.949951,2100,2044.050049,2057.75,1976.196533,894
06-01-2009,2037,2090,2020.050049,2032.150024,1951.610474,1149
07-01-2009,2050,2074.899902,1875.199951,1889.349976,1814.470337,2205
09-01-2009,1889.349976,1900,1813.5,1830.900024,1758.336426,1388
12-01-2009,1830.900024,1879,1800,1812.25,1740.425537,811
13-01-2009,1848,1864,1805.050049,1818,1745.94812,609
14-01-2009,1840,1870,1810.099976,1833.050049,1760.401489,1417
15-01-2009,1780,1839,1726,1801.699951,1730.294312,893
16-01-2009,1800,1829.900024,1751,1793.099976,1722.034912,1515
19-01-2009,1785,1839,1780.849976,1818.25,1746.1875,490
20-01-2009,1780.050049,1810,1780.050049,1796.75,1725.540161,444
21-01-2009,1795,1810.650024,1780,1798.599976,1727.316895,694
22-01-2009,1800,1824.449951,1735,1741.949951,1672.912354,904
23-01-2009,1745,1787.949951,1565,1653.150024,1587.631592,8780
27-01-2009,1650,1650,1605.25,1633.550049,1568.807739,1624
28-01-2009,1630.099976,1690,1630,1658.400024,1592.673584,906
29-01-2009,1680,1698.900024,1642,1676.349976,1609.911743,936
30-01-2009,1650,1699.900024,1650,1688,1621.10022,588
02-02-2009,1660,1689,1621.150024,1654.449951,1588.879517,837
03-02-2009,1678.699951,1679.949951,1628,1643.75,1578.603638,940
04-02-2009,1663,1663,1622,1631.349976,1566.69519,550
05-02-2009,1679,1680,1601.199951,1640.199951,1575.194458,933
06-02-2009,1651,1669,1625,1653.25,1587.727661,599
09-02-2009,1670,1670,1611,1653.599976,1588.063599,844
10-02-2009,1668.900024,1689.949951,1650,1673.349976,1607.031006,1088
11-02-2009,1650,1670,1623.099976,1659.050049,1593.297485,564
12-02-2009,1658,1738,1641.5,1693.150024,1626.046509,1269
13-02-2009,1724.949951,1750,1662.25,1713.449951,1645.54187,1265
16-02-2009,1747.900024,1747.900024,1660.050049,1672.599976,1606.310425,549
17-02-2009,1661.050049,1669.800049,1620,1654,1588.447754,1018
18-02-2009,1650,1695,1625,1644.25,1579.084595,695
19-02-2009,1650,1695,1640,1652.199951,1586.718994,716
20-02-2009,1669.75,1669.75,1620,1632.900024,1568.184204,955
24-02-2009,1650,1650,1600,1620.75,1556.515625,595
25-02-2009,1645,1653,1610,1624.699951,1560.308716,742
26-02-2009,1625,1648,1602.400024,1639.150024,1574.186279,508
27-02-2009,1649.949951,1651,1625,1647.400024,1582.109009,555
02-03-2009,1651,1655,1620.25,1641.25,1576.203247,584
03-03-2009,1625,1630,1610,1614.900024,1550.897339,583
04-03-2009,1611,1647,1590,1595.949951,1532.698242,947
05-03-2009,1619,1620.050049,1535,1541.75,1480.646484,1470
06-03-2009,1525,1549.949951,1470,1535.800049,1488.448608,978
09-03-2009,1550,1550,1525,1535.949951,1488.593628,744
12-03-2009,1525,1549.949951,1525,1529.699951,1482.536499,474
13-03-2009,1549,1550,1500,1536.449951,1489.078003,1172
16-03-2009,1561.949951,1565,1533,1552.75,1504.875488,603
17-03-2009,1574.949951,1624.900024,1555,1595.849976,1546.646729,1146
18-03-2009,1600,1645.849976,1579.849976,1616.900024,1567.047852,1159
19-03-2009,1600.699951,1695,1600.699951,1632.75,1582.409058,1072
20-03-2009,1630,1631.5,1595.300049,1603.849976,1554.400269,284
23-03-2009,1620,1712,1607.5,1678.75,1626.991211,1177
24-03-2009,1700,1738.5,1626,1641.800049,1591.179688,2528
25-03-2009,1650,1665,1615,1637.849976,1587.352417,933
26-03-2009,1655,1685,1650,1678.75,1626.991211,707
27-03-2009,1693,1708,1658,1685,1633.048096,1495
30-03-2009,1695,1695,1650.5,1661.199951,1609.982056,478
31-03-2009,1698,1789,1650,1738.75,1685.140747,1736
01-04-2009,1795.949951,1850,1701,1820.75,1764.612549,2584
02-04-2009,1850,1950,1850,1926,1866.61792,2642
06-04-2009,1930.050049,2050,1910,1990.949951,1929.565063,2610
08-04-2009,1940,2089,1900,2051,1987.763672,2818
09-04-2009,2092,2092,2035,2046.849976,1983.741943,1805
13-04-2009,2097.949951,2350,2071,2240.850098,2171.761475,10757
15-04-2009,2240,2285,2200,2222.149902,2153.636963,3235
16-04-2009,2280,2280,2050,2093.449951,2028.904541,2659
17-04-2009,1990,2196,1990,2057.5,1994.063354,16280
20-04-2009,2134.75,2250,2030,2167.600098,2100.768799,4359
21-04-2009,2120,2350,2120,2264.199951,2194.389404,5606
22-04-2009,2285,2360,2211.149902,2244.399902,2175.200439,5049
23-04-2009,2202,2250,2160,2229.399902,2160.663086,2891
24-04-2009,2285.899902,2303,2210,2252.050049,2182.61499,1875
27-04-2009,2256,2315,2177.050049,2241.949951,2172.826172,3063
28-04-2009,2220,2298.949951,2180,2195.300049,2127.614746,1182
29-04-2009,2200,2315,2152.600098,2234,2165.12085,4061
30-04-2009,2210,2210,2210,2210,2141.861084,0
04-05-2009,2216.199951,2357.75,2216.199951,2301.25,2230.297119,4541
05-05-2009,2256.149902,2320,2256.149902,2279.75,2209.460205,1755
06-05-2009,2255,2379.699951,2210,2263,2193.226807,4871
07-05-2009,2290,2379.800049,2290,2350.449951,2277.980957,2401
08-05-2009,2301.100098,2379.800049,2301.100098,2326.25,2254.527832,1514
11-05-2009,2306,2366.949951,2263.100098,2275.5,2205.341553,1021
12-05-2009,2276.100098,2290,2205.25,2276.800049,2206.601807,1719
13-05-2009,2310,2350,2281.649902,2298.300049,2227.439209,3049
14-05-2009,2216,2395,2216,2359.600098,2286.849365,2216
15-05-2009,2360,2425,2345.050049,2357.050049,2284.378174,1640
18-05-2009,2589.949951,2589.949951,2589.949951,2589.949951,2510.097656,1
19-05-2009,2600,2750,2411,2488.149902,2411.435791,5775
20-05-2009,2360,2550,2360,2536.550049,2458.343018,1941
21-05-2009,2545.199951,2790,2532.050049,2701.300049,2618.013428,5655
22-05-2009,2600,2850,2600,2738.350098,2653.921387,3455
25-05-2009,2850,3497,2850,3280.75,3179.598877,24814
26-05-2009,3380,3500,3050,3105.800049,3010.042725,17111
27-05-2009,3340,3340,3154,3182.949951,3084.814453,4647
28-05-2009,3199,3245,3120,3139.550049,3042.752197,3411
29-05-2009,3200,3240,3100,3161.899902,3064.412109,4067
01-06-2009,3240,3410,3140,3370.199951,3266.290039,7446
02-06-2009,3385,3445,3175.5,3225.5,3126.051514,6626
03-06-2009,3300,3499,3225,3412.75,3307.528564,8510
04-06-2009,3400,3475,3381.050049,3432.300049,3326.474609,4149
05-06-2009,3390,3471,3350,3381.199951,3276.950928,2076
08-06-2009,3550,3675,3410,3465.699951,3358.846191,9592
09-06-2009,3450,3574,3400,3513.050049,3404.735596,5749
10-06-2009,3535,3660,3455,3484.399902,3376.969238,6287
11-06-2009,3598.5,3598.5,3441.050049,3495.899902,3388.114258,5177
12-06-2009,3480.050049,3547.949951,3380,3408.350098,3303.264893,3499
15-06-2009,3441.149902,3460,3301,3307.550049,3205.571777,1432
16-06-2009,3251,3460.5,3250,3409.850098,3304.717773,6339
17-06-2009,3601,3900,3400,3453.75,3347.264404,36864
18-06-2009,3375,3647.949951,3261,3369.949951,3266.047852,8349
19-06-2009,3496,3550,3325,3386.050049,3281.651611,7442
22-06-2009,3395,3449,3300,3319.350098,3217.007813,2883
23-06-2009,3250,3282,3205,3230,3130.413086,2555
24-06-2009,3270,3600,3225,3402.5,3297.594238,5394
25-06-2009,3500,3699.899902,3277,3306.649902,3204.698242,3059
26-06-2009,3305,3400,3300,3364.149902,3260.427002,2342
29-06-2009,3351,3394.699951,3325,3349.100098,3245.841064,1308
30-06-2009,3355,3407.699951,3309.5,3387.899902,3283.444092,3144
01-07-2009,3417.899902,3744.899902,3312,3648.699951,3536.204102,8698
02-07-2009,3801,4374,3588,3678.649902,3565.229492,42126
03-07-2009,3569.449951,3677,3569.449951,3601.050049,3490.022705,5561
06-07-2009,3640,3669,3330.149902,3379.800049,3275.594238,5480
07-07-2009,3433,3433,3311,3346,3242.83667,2721
08-07-2009,3233,3317,3209.699951,3236.699951,3136.905518,2560
09-07-2009,3220,3350,3215,3299.25,3197.52832,3156
10-07-2009,3380,3450,3230,3275.350098,3174.364746,5138
13-07-2009,3200,3247,3100.050049,3121.199951,3024.967285,2028
14-07-2009,3199.949951,3249.949951,3150.050049,3198.699951,3100.077637,2763
15-07-2009,3225,3325,3216.350098,3270.449951,3169.61499,5477
16-07-2009,3384,3384,3220,3245.449951,3145.386475,3180
17-07-2009,3300,3490,3241.050049,3395.800049,3291.101563,6585
20-07-2009,3444,3444,3364,3379.300049,3275.110107,3900
21-07-2009,3350,3439,3323.5,3381.600098,3277.339355,2438
22-07-2009,3425,3487,3378.050049,3395.399902,3290.712402,4173
23-07-2009,3405,3585,3400,3520.149902,3411.617432,7781
24-07-2009,3638,3857,3547,3819.800049,3702.028809,19734
27-07-2009,3850,4583.799805,3700.050049,4461.600098,4324.039551,74573
28-07-2009,4500,4950,4480,4648.600098,4505.273926,42655
29-07-2009,4595,4650,4351,4558.350098,4417.806152,19534
30-07-2009,4725,4958,4693,4721.850098,4576.265625,17940
31-07-2009,4840,4889.950195,4610,4640.799805,4497.715332,8379
03-08-2009,4450,4790,4450,4624.600098,4482.015137,4408
04-08-2009,4640,4895,4580.049805,4662.899902,4519.134277,12469
05-08-2009,4760,4760,4617,4633.049805,4490.203125,3795
06-08-2009,4633.049805,4855,4615,4628.700195,4488.894043,11140
07-08-2009,4595,4641,4412,4455.950195,4321.362793,5736
10-08-2009,4500,4649.399902,4300,4323.350098,4192.766113,5346
11-08-2009,4300,4370,4126,4264.950195,4136.131348,5290
12-08-2009,4200,4315,4180,4224.399902,4096.807617,5462
13-08-2009,4329,4370,4260,4312.600098,4182.34375,4486
14-08-2009,4343,4346,4230,4256.049805,4127.501953,2828
17-08-2009,4250,4345,4205,4234.100098,4106.214844,5625
18-08-2009,4260,4294,4201.899902,4223.799805,4096.224121,3020
19-08-2009,4230,4265,4165.100098,4180.200195,4053.939941,2872
20-08-2009,4210,4450,4181,4302.850098,4172.885742,8567
21-08-2009,4300,4369,4210,4286.200195,4156.73877,4404
24-08-2009,4350,4460.600098,4290,4342.549805,4211.387695,6543
25-08-2009,4240,4360,4240,4307.5,4177.395996,2022
26-08-2009,4358,4358,4285,4312.200195,4181.956055,2660
27-08-2009,4307.700195,4349,4279.5,4292.200195,4162.559082,2798
28-08-2009,4275,4340,4230,4265.75,4136.908691,4433
31-08-2009,4220.049805,4395,4220.049805,4287.799805,4158.29248,5262
01-09-2009,4292,4319,4141,4191.149902,4064.560303,3777
02-09-2009,4230,4275,4151.549805,4240.850098,4112.760254,3144
03-09-2009,4250,4280,4130,4150.799805,4025.428955,4514
04-09-2009,4210,4480,4155,4380.950195,4248.62793,20315
07-09-2009,4450,4480,4282,4312.850098,4182.584961,11438
08-09-2009,4370,4480,4331.100098,4450.25,4315.833008,12981
09-09-2009,4500,5170,4425,4948.200195,4798.745117,54156
10-09-2009,5225.649902,5415,5082,5147.399902,4991.928223,46673
11-09-2009,5200,5360,4900.049805,5279.049805,5119.601563,27153
14-09-2009,5256,5525,5125,5347.200195,5185.692871,24543
15-09-2009,5380,5489.700195,5321,5360.450195,5198.542969,11840
16-09-2009,5400,5420,5250.049805,5283.799805,5124.208496,5390
17-09-2009,5349,5375,5202.049805,5217,5059.425293,7427
18-09-2009,5200.049805,5278,5186,5202.75,5045.605957,4732
22-09-2009,5260,5329.799805,5180,5196.899902,5039.933105,4723
23-09-2009,5255,5289,5160,5178.450195,5022.039063,3674
24-09-2009,5102,5740,4901,5669.350098,5498.114258,61278
25-09-2009,5690,5820,5475,5525,5358.124023,29981
29-09-2009,5565,5918,5540,5640.549805,5470.183105,39206
30-09-2009,5679.950195,5825,5650.100098,5746.450195,5572.884766,19828
01-10-2009,5700,5750,5610,5635.25,5465.044922,9594
05-10-2009,5600,5670,5400,5442.549805,5278.163574,8809
06-10-2009,5529,5793.299805,5420.5,5443.950195,5279.52002,10435
07-10-2009,5500,5729,5450,5484.649902,5318.992188,20647
08-10-2009,5594,5635,5460,5481.950195,5316.373535,7345
09-10-2009,5520,5620,5425,5476.75,5311.329102,10724
12-10-2009,5539,6030.200195,5514.049805,5933.450195,5754.237305,47132
13-10-2009,5962,5962,5962,5962,5781.922852,0
14-10-2009,6144.399902,6270,6033.049805,6089.049805,5905.13623,59036
15-10-2009,6152,6170,5941.100098,6011.399902,5829.832031,24682
16-10-2009,6000,6140,5999,6020.649902,5838.802246,10658
20-10-2009,6129,6370,6015,6302.5,6112.138672,41445
21-10-2009,6320,6349,6077,6106.200195,5921.769043,16594
22-10-2009,6134.399902,6169.899902,5893,5925.100098,5746.137207,12700
23-10-2009,6049.700195,6149,5711,5856.75,5679.851563,11409
26-10-2009,5919,5935,5731,5752.399902,5578.653809,9160
27-10-2009,5810,5810,5500,5511.75,5345.272949,10183
28-10-2009,5520,5550,5351,5425.149902,5261.289551,10307
29-10-2009,5300,5470,5300,5368.799805,5206.641113,8215
30-10-2009,5467.25,5513.799805,5205.350098,5289.850098,5130.075195,7428
03-11-2009,5250,5700,5122.100098,5534.299805,5367.143555,23310
04-11-2009,5599,5799,5440,5583.899902,5415.244629,21838
05-11-2009,5564.299805,5650,5530,5578.100098,5412.525879,19413
06-11-2009,5561.100098,6100,5561.100098,5983.850098,5806.233398,42397
09-11-2009,6114.399902,6168,5861,5995.600098,5817.634277,25716
10-11-2009,6023,6178,5851,5916.100098,5740.494629,14493
11-11-2009,5916.049805,6128.399902,5902,6015,5836.456543,14148
12-11-2009,6015.049805,6112.200195,5900.299805,5929.350098,5753.351074,10390
13-11-2009,5901,6219,5901,6134.399902,5952.31543,26553
16-11-2009,6199,6200,6025,6050.200195,5870.614746,13317
17-11-2009,6093.799805,6145,5960,5998.850098,5820.788086,9111
18-11-2009,6020,6094.950195,5999,6010.600098,5832.188477,6886
19-11-2009,6030,6075,5900,5907.149902,5731.810059,5656
20-11-2009,5920.450195,5980,5834.100098,5915.950195,5740.348633,7786
23-11-2009,5934.399902,6336,5934.399902,6168.149902,5985.062012,45683
24-11-2009,6274.399902,6335,6161,6188.299805,6004.615234,32457
25-11-2009,6244.399902,6244.399902,6035,6055.100098,5875.368652,12159
26-11-2009,6090,6145,6000,6015.950195,5837.380371,10733
27-11-2009,5950,5950,5760,5878.850098,5704.351074,12501
30-11-2009,5959,6015,5925.100098,5960.100098,5783.187012,7013
01-12-2009,6025,6125,5990,6076.75,5896.376953,14826
02-12-2009,6160,6169,6032.200195,6060.899902,5880.996094,8973
03-12-2009,6095,6099.799805,5990,6009.950195,5831.560547,3965
04-12-2009,6000,6085,5961.100098,6029.350098,5850.384277,7310
07-12-2009,6074.799805,6074.799805,5870,5883.149902,5708.521973,6711
08-12-2009,5866.350098,5963.299805,5805,5849.350098,5675.727051,6682
09-12-2009,5850,6050,5830,5899.200195,5724.096191,11094
10-12-2009,5974.399902,5974.399902,5880,5906.899902,5731.565918,5267
11-12-2009,5940,5966.350098,5815,5862.049805,5688.048828,5904
14-12-2009,5874.399902,6020,5840,5891.899902,5717.013184,9442
15-12-2009,5905,5944,5825,5848.799805,5675.191895,5514
16-12-2009,5890,5910,5810.200195,5842.5,5669.07959,5772
17-12-2009,5840,6425,5812,6363.25,6174.369629,71925
18-12-2009,6371.100098,6720,6242,6626.700195,6430.000488,117464
21-12-2009,6701,6890,6105,6168.149902,5985.062012,158414
22-12-2009,6188,6300,5970.049805,6133.950195,5951.878906,98870
23-12-2009,6150,6282,6075,6200.149902,6016.113281,41683
24-12-2009,6248,6295,6100.350098,6173.700195,5990.44873,28866
29-12-2009,6174.799805,6200,6001,6030.799805,5851.790527,20044
30-12-2009,6024,6169,6010,6068.649902,5888.517578,19390
31-12-2009,6098.799805,6170,6013.299805,6045.950195,5866.490723,9819
04-01-2010,6081,6215,6032,6142.950195,5960.612305,18735
05-01-2010,6200,6269,6150,6160.600098,5977.736816,17947
06-01-2010,6180,6198,6055,6090.399902,5909.620605,10735
07-01-2010,6249.899902,6371,6151,6216.200195,6031.686523,42206
08-01-2010,6243.299805,6294.399902,6150,6166.850098,5983.802246,11155
11-01-2010,6199,6252,6150,6158.600098,5975.795898,9387
12-01-2010,6194.399902,6194.399902,6060,6084.350098,5903.750488,7286
13-01-2010,6085,6145,6048,6107.100098,5925.825684,7550
14-01-2010,6167.799805,6485,6131.149902,6440.799805,6249.618652,59564
15-01-2010,6498.700195,6549.5,6380,6406.100098,6215.952148,28721
18-01-2010,6449.399902,6498.950195,6325,6370.450195,6181.359863,14071
19-01-2010,6382,6460,6275,6294.149902,6107.324219,10455
20-01-2010,6351,6352.850098,6150,6185,6001.413086,7790
21-01-2010,6185,6240,6090,6102.25,5921.118652,6884
22-01-2010,6110,6149,6010,6050.149902,5870.56543,10727
25-01-2010,6089.75,6120,6021,6042.350098,5862.996094,4312
27-01-2010,6059.899902,6117.799805,5555,5662.200195,5494.131348,16183
28-01-2010,5757,5919,5685.049805,5762.75,5591.695801,20888
29-01-2010,5705,5839,5700.899902,5802.950195,5630.70459,12640
01-02-2010,5794.399902,6124,5770,6057.25,5877.455078,15389
02-02-2010,6130,6225,5930,5965.149902,5788.089355,14177
03-02-2010,6039.399902,6082,5933.100098,5962.899902,5785.905762,9081
04-02-2010,5999,6068,5789,5813.299805,5640.746582,6897
05-02-2010,5700,5780,5650.5,5720.25,5550.458496,7849
06-02-2010,null,null,null,null,null,null
08-02-2010,5758,5850,5701,5819.149902,5646.421387,6318
09-02-2010,5820,6074,5795,6025.549805,5846.694336,17233
10-02-2010,6070,6080,5852.75,5901.899902,5726.716309,7965
11-02-2010,5950,5993.299805,5851,5876.850098,5702.411133,4374
15-02-2010,5965,5966.950195,5810,5841.799805,5668.398438,3584
16-02-2010,5880,5900,5770,5784.450195,5612.75293,6171
17-02-2010,5847.899902,5900,5810.049805,5829.600098,5656.561523,5082
18-02-2010,5829,5860,5770,5785.149902,5613.429688,3454
19-02-2010,5750,5789.950195,5710.100098,5744.299805,5573.79541,3497
22-02-2010,5799,5839,5715.149902,5745.700195,5575.153809,7669
23-02-2010,5730,5774.799805,5675,5696.200195,5527.122559,4301
24-02-2010,5680,5680,5600,5614.549805,5447.895996,3962
25-02-2010,5630.049805,5657,5600,5614.350098,5466.198242,2910
26-02-2010,5620,5765,5580,5659.600098,5510.255371,6567
02-03-2010,5739.950195,5865,5703,5817.899902,5664.376953,7724
03-03-2010,5850,5925,5830,5855.799805,5701.276855,4800
04-03-2010,5800,6350,5800,6287.350098,6121.438965,46654
05-03-2010,6300.200195,6329,6100,6121.200195,5959.673828,17971
08-03-2010,5297,6276,5297,6237.149902,6072.565918,17520
09-03-2010,6120,6418.700195,6120,6301.5,6135.216797,25306
10-03-2010,6276,6390,6251,6293.899902,6127.815918,11051
11-03-2010,6351,6351,6275,6318.850098,6152.109375,9858
12-03-2010,6338,6435,6290.100098,6358.799805,6191.004395,15994
15-03-2010,6394.399902,6394.399902,6230,6266.899902,6101.530762,7642
16-03-2010,6280,6539.850098,6251.149902,6501.850098,6330.28125,37466
17-03-2010,6535,6549,6338.299805,6369.399902,6201.324707,14127
18-03-2010,6370,7244.850098,6312.049805,7094.899902,6907.679688,140611
19-03-2010,7045,7125.450195,6825,7041.600098,6855.785645,98915
22-03-2010,6950,7298,6915,7184.850098,6995.256348,70534
23-03-2010,7200,7318,7110,7159.299805,6970.380859,29857
25-03-2010,7159.299805,7229,7036.100098,7087,6899.987793,18178
26-03-2010,7101,7160,6910,6964.649902,6780.867676,11594
29-03-2010,7015,7050,6805,6881.549805,6699.960449,10207
30-03-2010,6948,6974,6780,6800.299805,6620.854492,9641
31-03-2010,6845,6862,6760,6784.350098,6605.327637,7766
01-04-2010,6845,6968,6804,6899.5,6717.437012,15001
05-04-2010,6959.399902,7099,6887,6961.799805,6778.092773,19822
06-04-2010,6951,7019.399902,6870,6893,6711.10791,6628
07-04-2010,6939,7249,6900.549805,7209.75,7019.500977,61369
08-04-2010,7189.799805,7273.299805,7032,7068.25,6881.73291,22865
09-04-2010,7100,7199,7060,7086.5,6899.501953,10563
12-04-2010,7134.899902,7148,7011.100098,7045.399902,6859.487793,5539
13-04-2010,7074.399902,7360,7050.049805,7193.950195,7004.117188,28951
15-04-2010,7220,7274.399902,7078,7096.25,6908.995117,13081
16-04-2010,7070,7173,6985,7028.399902,6842.936035,11228
19-04-2010,6990,7060,6892,6999.399902,6814.69873,16621
20-04-2010,7000,7166.799805,7000,7066.700195,6880.225586,13562
21-04-2010,7088,7179,7050,7069.299805,6882.755859,9420
22-04-2010,7058,7149.799805,7020,7054.700195,6868.541992,7302
23-04-2010,7079.399902,7116.850098,7000.049805,7022.850098,6837.532715,5220
26-04-2010,7089.399902,7230.899902,7030,7119.350098,6931.48584,21598
27-04-2010,7135,7274,7126.200195,7194.950195,7005.089355,18797
28-04-2010,7144.399902,7185,7050,7064.149902,6877.741699,8570
29-04-2010,7153.299805,7264,7035.549805,7067.700195,6881.199219,36876
30-04-2010,7148.899902,7175,7065,7086.75,6899.745605,10062
03-05-2010,7049.399902,7123,6961,6979.950195,6795.765625,5694
04-05-2010,7060,7060,6845,6864.799805,6683.651855,8742
05-05-2010,6750.149902,6925,6725,6868.75,6687.496582,9120
06-05-2010,6918,6990.049805,6860,6928.200195,6745.379395,7930
07-05-2010,6899.899902,6920,6723,6762.399902,6583.95459,6642
10-05-2010,6800.049805,7001,6800.049805,6992.549805,6808.032227,6193
11-05-2010,6911.149902,7049,6790,7006.350098,6821.466309,6165
12-05-2010,7000,7138,6995,7003.350098,6818.547363,7026
13-05-2010,7066.100098,7188,7050,7127.299805,6939.225586,7630
14-05-2010,7095,7575,7095,7436.950195,7240.70459,45854
17-05-2010,7394.299805,7398,7200,7326.299805,7132.973633,12510
18-05-2010,7310,7612,7288,7402.350098,7207.017578,25913
19-05-2010,7350,7558,7261,7317.049805,7123.96875,14534
20-05-2010,7386.950195,7490,7307.549805,7325.799805,7132.486816,7889
21-05-2010,7300,7300,7160,7206.950195,7016.773438,6825
24-05-2010,7242,7352.799805,7234.25,7290.149902,7097.777832,5994
25-05-2010,7260,7350,7220,7311.899902,7118.954102,8411
26-05-2010,7330,7474,7280.100098,7321.5,7128.302246,5099
27-05-2010,7340.149902,7417.5,7320,7343.450195,7149.671875,3619
28-05-2010,7399,7431,7313,7378.450195,7183.747559,6308
31-05-2010,7450,7470,7276,7327.25,7133.899414,4348
01-06-2010,7327.5,7410,7190,7221.75,7031.181641,6065
02-06-2010,7265,7300,7202,7233.149902,7042.281738,2273
03-06-2010,7347,7347,7270.100098,7291.25,7098.850098,2837
04-06-2010,7320,7345,7251.100098,7280.899902,7088.773438,2979
07-06-2010,7100,7342,7100,7201.399902,7011.370605,5401
08-06-2010,7210,7424,7100,7306.299805,7113.500977,10943
09-06-2010,7233,7411,7233,7286.899902,7094.61377,4879
10-06-2010,7344,7410,7276,7296.600098,7104.058594,23324
11-06-2010,7370,7374,7240,7263.25,7071.589355,2971
14-06-2010,7349,7375,7285,7339.799805,7146.117676,4772
15-06-2010,7310,7940,7300,7630.049805,7428.709961,47743
16-06-2010,7649,7744,7435.5,7471.200195,7274.050293,12371
17-06-2010,7526,7625,7430,7518.950195,7320.540039,6927
18-06-2010,7578,7609,7385,7419.799805,7224.005859,7270
21-06-2010,7499,7775,7430,7580.799805,7380.757813,24927
22-06-2010,7456.100098,7769,7393.299805,7632.850098,7431.435059,21324
23-06-2010,7625,7830,7561.149902,7749.450195,7544.958984,23291
24-06-2010,7740,7949,7740,7856.299805,7648.986816,21131
25-06-2010,7829,7990,7661,7710.25,7506.791016,14902
28-06-2010,7720,7839.5,7666,7733.350098,7529.28418,7204
29-06-2010,7774.399902,7968,7705,7768.700195,7563.69873,27430
30-06-2010,7676,7820,7668,7748,7543.54541,7986
01-07-2010,7735,7815,7601,7699.950195,7496.76416,4693
02-07-2010,7780.899902,7930,7671,7867,7659.406738,17282
05-07-2010,7820,8040,7796,7838,7631.172363,9978
06-07-2010,7870,7909,7822.100098,7840.600098,7633.703125,4920
07-07-2010,7811,7910,7750,7771,7565.939941,7755
08-07-2010,7838.399902,7960.5,7800,7827.350098,7620.804199,24862
09-07-2010,7864.399902,7898,7760,7793.5,7587.847168,6939
12-07-2010,7835,7880,7775,7798.299805,7592.519531,3492
13-07-2010,7825,7949,7800,7839.350098,7632.48584,12055
14-07-2010,7898,7907.700195,7700,7746.600098,7542.182617,5351
15-07-2010,7755,7840,7750.100098,7758.899902,7554.158691,5322
16-07-2010,7790,7799.799805,7712.350098,7733.299805,7529.235352,2828
19-07-2010,7760,7769.700195,7670.049805,7709.549805,7506.109863,3072
20-07-2010,7720,7820,7681.25,7705.25,7501.924316,5048
21-07-2010,7760,7777,7690.049805,7713.25,7509.714844,3864
22-07-2010,7702,7860,7690,7738,7533.810059,6303
23-07-2010,7776,7797,7690,7710.100098,7506.645996,3765
26-07-2010,7767,7767,7630,7652.450195,7450.51709,2809
27-07-2010,7652,7798,7585,7690.600098,7487.660645,7887
28-07-2010,7749,7787.299805,7480,7505.649902,7307.59082,16021
29-07-2010,7405,7475,7300,7315.950195,7122.896973,6644
30-07-2010,7350,7441,7310.100098,7329.549805,7136.138672,4521
02-08-2010,7313.350098,7412,7286,7346.899902,7153.030762,4998
03-08-2010,7376.700195,7408,7285,7298.399902,7105.810547,3754
04-08-2010,7320,7360,7300.200195,7308.600098,7115.742188,2382
05-08-2010,7333,7769,7300.100098,7511.450195,7313.23877,16590
06-08-2010,7510,7650,7401.049805,7427.549805,7234.441895,9210
09-08-2010,7464.399902,7600,7430,7466.149902,7272.038574,6709
10-08-2010,7520,7540,7340,7380.149902,7188.272949,5005
11-08-2010,7351,7444.950195,7305.200195,7316.399902,7126.182129,2329
12-08-2010,7347.899902,7478,7301.100098,7364.799805,7173.322754,4855
13-08-2010,7366,7440,7334,7353.100098,7161.928711,2352
16-08-2010,7396,7410,7311.200195,7324.5,7134.070313,1867
17-08-2010,7321,7609.200195,7300,7463,7268.969727,12419
18-08-2010,7524,7695,7500.25,7617.25,7419.210449,17214
19-08-2010,7640,7690,7531,7574.549805,7377.620117,4256
20-08-2010,7579,7840,7520,7733.700195,7532.633301,27962
23-08-2010,7775,8300,7725,8162.5,7950.285156,77143
24-08-2010,8163,8220,7890,7941,7734.542969,17619
25-08-2010,7940,7976,7725,7745.700195,7544.321777,6637
26-08-2010,7765,8068,7765,7810.600098,7607.53125,14740
27-08-2010,7849,7945,7605,7682.850098,7483.104492,7440
30-08-2010,7750,7845,7625,7648.549805,7449.695313,6625
31-08-2010,7664.299805,7731,7535,7593.950195,7396.516113,4687
01-09-2010,7658,7740,7608,7649.850098,7450.962402,6279
02-09-2010,7725,8150,7650,8065.299805,7855.612305,40404
03-09-2010,8140,8865,7967,8661.25,8436.06543,106501
06-09-2010,8670,9250,8670,9073,8837.113281,91356
07-09-2010,9050,9218,8900,9012.5,8778.18457,53758
08-09-2010,9005,9420,8951.049805,9221.400391,8981.65625,59509
09-09-2010,9280,9370,9142,9172.5,8934.023438,15791
13-09-2010,9250,9439.799805,9178,9212.299805,8972.789063,19997
14-09-2010,9249.400391,9324,9080,9100.349609,8863.753906,13959
15-09-2010,9177.700195,9280,9050,9075.650391,8839.692383,14289
16-09-2010,9176.700195,9176.700195,8990,9013.549805,8779.208008,10593
17-09-2010,9123.950195,9170,8936,8971.900391,8738.640625,9464
20-09-2010,9047,9140,9001.099609,9016.799805,8782.374023,7280
21-09-2010,9089.700195,9108,8820,8888.200195,8657.118164,9045
22-09-2010,8860,8967.950195,8701.5,8764.549805,8536.680664,7342
23-09-2010,8835,8931,8670,8695.450195,8469.379883,10924
24-09-2010,8730,9020,8710.049805,8958.299805,8725.393555,24505
27-09-2010,8985,9050,8752.200195,8866.549805,8636.029297,13786
28-09-2010,8939,9115,8701,8874.25,8643.530273,18059
29-09-2010,8968.950195,8969,8770,8779.200195,8550.951172,6513
30-09-2010,8840,8840,8690,8759.450195,8531.714844,5262
01-10-2010,8819.950195,9120,8792.099609,9070.400391,8834.581055,17894
04-10-2010,9110.099609,9164,8925,8998.700195,8764.745117,9247
05-10-2010,9000,9065,8950,8961.950195,8728.952148,5348
06-10-2010,9040,9060,8933,8952.099609,8719.357422,2765
07-10-2010,8961,9080,8820,8853.849609,8623.660156,10681
08-10-2010,8907.700195,8907.700195,8750,8786.700195,8558.254883,3449
11-10-2010,8825,8886,8752,8779.900391,8551.634766,3053
12-10-2010,8799.950195,9560,8775,9321.450195,9079.104492,105006
13-10-2010,9315,9739,9290,9322.049805,9079.69043,63497
14-10-2010,9389,9522,9230.5,9285.25,9043.841797,17316
15-10-2010,9330,9450,9240,9304.650391,9062.740234,15086
18-10-2010,9305,9340,9190.200195,9223.5,8983.699219,6868
19-10-2010,9293,9555,9250,9373.200195,9129.507813,17922
20-10-2010,9399.900391,9600.25,9265.099609,9295.549805,9053.876953,9435
21-10-2010,9330,9430,9207,9274.5,9033.373047,8992
22-10-2010,9246,9342,9161,9189.549805,8950.631836,5529
25-10-2010,9319,9338,9156,9186.700195,8947.856445,5534
26-10-2010,9250,9285,9130.099609,9155.950195,8917.90332,6077
27-10-2010,9176,9620,9165,9540.5,9292.459961,40468
28-10-2010,9500,9824,9350.049805,9547.849609,9299.617188,34852
29-10-2010,9575,9575,9230,9304.549805,9062.639648,24224
01-11-2010,9399.900391,9470,9300,9334.299805,9091.619141,8228
02-11-2010,9330,9388.75,9230,9241.400391,9004.030273,6964
03-11-2010,9300,9754,9240,9522.450195,9277.861328,48413
04-11-2010,9540,9666,9495.099609,9516.700195,9272.257813,9617
08-11-2010,9600,9600,9350,9379.200195,9138.289063,5621
09-11-2010,9460,9520,9320,9358.75,9118.364258,6988
10-11-2010,9390,9599,9359.700195,9484,9240.399414,23848
11-11-2010,9439,9559.900391,9345,9362.799805,9122.307617,6526
12-11-2010,9344.599609,9420,8901.049805,8952.950195,8722.991211,12585
15-11-2010,8980,9049.900391,8760,8799.049805,8573.041016,11254
16-11-2010,9001,9057.950195,8656,8674.650391,8451.835938,14996
18-11-2010,8505.049805,8848,8411,8599.200195,8378.321289,7781
19-11-2010,8635,8699.950195,8313,8382.5,8167.189453,7726
22-11-2010,9344,9344,8342.049805,8425.950195,8209.524414,6805
23-11-2010,8400,8599.700195,8210,8359.900391,8145.169922,10732
24-11-2010,8400,8535,8320.049805,8359.75,8145.023438,9794
25-11-2010,8370,8493.5,7780.049805,7961.149902,7756.660645,15812
26-11-2010,8100,8100,7700,7819.100098,7618.261719,17239
29-11-2010,8000,8000,7626.100098,7757.649902,7558.389648,11395
30-11-2010,7650,7970,7650,7853.5,7651.775391,11766
01-12-2010,7900,8100,7775,8028.850098,7822.623047,11565
02-12-2010,8050,8255,8050,8154.350098,7944.900391,14211
03-12-2010,8189,8199.799805,7860,7964.299805,7759.731934,9385
06-12-2010,8045,8215.25,7953,7975.549805,7770.693359,5279
07-12-2010,7981,8025.200195,7850.100098,7867.149902,7665.075684,7214
08-12-2010,7839.950195,7839.950195,7651,7671.149902,7474.111816,5887
09-12-2010,7726.700195,7726.700195,7201.100098,7229.75,7044.047363,10407
10-12-2010,7231.100098,7469.700195,7041.049805,7398.899902,7208.853027,9279
13-12-2010,7499,7532.100098,7359,7450.600098,7259.225586,5302
14-12-2010,7469,7575,7442,7501.899902,7309.208984,5450
15-12-2010,7501.100098,7559.950195,7225.600098,7309.799805,7122.040527,7732
16-12-2010,7347.399902,7349.950195,7150,7246,7059.882324,6991
20-12-2010,7255,7349.899902,7222.049805,7275.100098,7088.234863,3528
21-12-2010,7350,7380,7265,7297.600098,7110.15625,4078
22-12-2010,7218,7350,7210.100098,7217.149902,7031.77002,4485
23-12-2010,7295,7295,7161,7179.149902,6994.747559,3881
24-12-2010,7259.899902,7510.350098,7259.899902,7337.350098,7148.88623,30518
27-12-2010,7390,7395,7267,7285.399902,7098.27002,7057
28-12-2010,7330,7330,7200,7203.450195,7018.425781,6617
29-12-2010,7160,7285,7151.299805,7178.649902,6994.260254,6486
30-12-2010,7249,7261,7170,7181.950195,6997.476074,5301
31-12-2010,7250,7285,7166.5,7202.5,7017.499023,14617
03-01-2011,7252,7450,7252,7356.399902,7167.445313,21367
04-01-2011,7420,7525,7351.100098,7406.799805,7216.55127,15605
05-01-2011,7400.049805,7462,7288,7326.850098,7138.655273,6827
06-01-2011,7332,7384.5,7155,7179.950195,6995.527344,7488
07-01-2011,7270,7270,7025,7059.649902,6878.318359,7208
10-01-2011,7100,7100,6636.200195,6670.5,6499.163086,11355
11-01-2011,6700,6888,6549,6596.850098,6427.404297,12869
12-01-2011,6690,6800,6550,6684.299805,6512.60791,9223
13-01-2011,6665.049805,6919.899902,6620,6675.700195,6504.229492,11491
14-01-2011,6675,6772,6542,6579,6410.01416,6431
17-01-2011,6600,6675,6400,6451.549805,6285.836426,8979
18-01-2011,6547,6562.700195,6460,6514.299805,6346.974609,4683
19-01-2011,6580,6580,6460,6491,6324.273926,3411
20-01-2011,6450.149902,6600,6425,6574.149902,6405.287109,6250
21-01-2011,6599,6675,6551,6616.950195,6446.987793,3953
24-01-2011,6649,6742,6567.049805,6635.149902,6464.722168,8387
25-01-2011,6665,6725,6555,6588.200195,6418.977539,4216
27-01-2011,6641.899902,6700,6600,6651,6480.164063,6826
28-01-2011,6650,6655,6138.899902,6158.700195,6023.150391,13225
31-01-2011,5935.200195,6149.950195,5860.049805,6059.200195,5925.837891,11115
01-02-2011,6100,6100,5866,5898.950195,5769.114746,10465
02-02-2011,6000,6118,5880,5912.649902,5782.513184,5968
03-02-2011,5984,6138,5904,6100.799805,5966.522949,8242
04-02-2011,6101,6175.100098,5900,5920.600098,5790.289551,9005
07-02-2011,6000,6000,5920.049805,5975.700195,5844.177734,4076
08-02-2011,6025,6099,5736.700195,5867.049805,5737.91748,5135
09-02-2011,5850,5870,5501,5544.149902,5422.125488,9426
10-02-2011,5555,5710,5325,5572.100098,5449.460449,23926
11-02-2011,5575,6125,5575,6058.049805,5924.714844,20606
14-02-2011,6110,6279.950195,6090,6199,6062.562988,12802
15-02-2011,6200,6280,6125,6195.049805,6058.69873,10973
16-02-2011,6205,6240,6115,6149.149902,6013.810547,6203
17-02-2011,6140,6199,6075,6087.350098,5953.370605,10554
18-02-2011,6137.799805,6139,5875.100098,5907.850098,5777.821777,7943
21-02-2011,5816,5979,5816,5905.950195,5775.963379,4840
22-02-2011,5821,5919.049805,5750,5809.899902,5682.024414,4647
23-02-2011,5869.950195,5870,5766,5790.350098,5662.908203,4743
24-02-2011,5840,5840,5530.200195,5571.850098,5449.216797,8844
25-02-2011,5603,5689,5540,5560,5437.626953,5807
28-02-2011,5518,5769,5518,5663.5,5538.848145,8726
01-03-2011,5734,6048.899902,5665.100098,5982.299805,5850.631836,14469
03-03-2011,5950,6050,5860,5980.950195,5849.311523,11094
04-03-2011,6070,6098,5910.549805,5973.899902,5842.416504,7172
07-03-2011,5959.850098,5959.850098,5750,5844.299805,5715.669434,5874
08-03-2011,5890,6100,5805,6026.200195,5893.565918,11414
09-03-2011,6052,6180,6052,6132.5,5997.526367,14110
10-03-2011,6075,6200,6025,6171.450195,6035.619629,8974
11-03-2011,6090,6265,6060,6096.950195,5962.758789,11692
14-03-2011,6090,6549,6090,6506.25,6363.050293,33953
15-03-2011,6450,6809.899902,6280,6640.850098,6494.6875,63002
16-03-2011,6722,6865,6690,6723.049805,6575.079102,22254
17-03-2011,6670.950195,6780,6625.149902,6659.600098,6513.023438,13107
18-03-2011,6743.299805,6743.299805,6551.100098,6611.350098,6465.835938,10475
21-03-2011,6647.950195,6647.950195,6435.100098,6461.850098,6319.625977,7253
22-03-2011,6490.049805,6628.899902,6490.049805,6520.850098,6377.328613,8552
23-03-2011,6549.950195,6580,6495.049805,6521.549805,6378.012695,6989
24-03-2011,6521.049805,6689.950195,6521.049805,6553.899902,6409.651367,8340
25-03-2011,6555.049805,6640,6555.049805,6603.649902,6458.306641,6729
28-03-2011,6642,6660,6420,6446.950195,6305.056152,10301
29-03-2011,6451.049805,6500,6290,6314.700195,6175.71582,7215
30-03-2011,6345.049805,6429.899902,6315,6328.649902,6189.358887,6459
31-03-2011,6395,6419.799805,6210,6271.100098,6133.076172,11663
01-04-2011,6374.950195,6521,6310.100098,6495.100098,6352.14502,15641
04-04-2011,6415,6620,6415,6565.200195,6420.703613,8817
05-04-2011,6600.049805,6609.950195,6500,6545.350098,6401.289063,5961
06-04-2011,6567.450195,6675,6500,6539.299805,6395.37207,13700
07-04-2011,6545.049805,6775.049805,6510,6635.100098,6489.0625,31604
08-04-2011,6629.950195,6714,6501,6512.75,6369.407227,13650
11-04-2011,6501.049805,6594,6489.75,6507.200195,6363.979492,6305
13-04-2011,6500.149902,6592,6475,6572.200195,6427.54834,6669
15-04-2011,6600,6600,6500,6517.049805,6373.612305,5754
18-04-2011,6530.149902,6790,6530,6570.649902,6426.032227,15564
19-04-2011,6581.149902,6675,6580,6621.850098,6476.106934,5594
20-04-2011,6596,6831.25,6596,6775.049805,6625.93457,17420
21-04-2011,6792,7504.950195,6775.850098,7449.649902,7285.684082,157893
25-04-2011,7480,7480,7270.200195,7322.100098,7160.943848,45600
26-04-2011,7309.899902,7359.399902,7201,7277.399902,7117.227539,19821
27-04-2011,7230,7319.899902,7170.200195,7195.200195,7036.836914,9696
28-04-2011,7150.649902,7318,7150.649902,7196.100098,7037.718262,15743
29-04-2011,7248,7274.600098,7100.100098,7123.299805,6966.519043,7649
02-05-2011,7125,7185,7001,7033.149902,6878.353516,7943
03-05-2011,7023.950195,7065,6868,6883.149902,6731.654297,9300
04-05-2011,6851.049805,6947.700195,6832.5,6906.950195,6754.932129,8492
05-05-2011,6907.149902,7175,6836,6934.200195,6781.581055,28373
06-05-2011,6960,7120,6960,6993,6839.086914,15780
09-05-2011,7000,7149,7000,7032.850098,6878.060059,9631
10-05-2011,7012,7105,6900,7029.399902,6874.686035,10705
11-05-2011,7037.149902,7148,7010,7056.600098,6901.287598,12797
12-05-2011,7059.950195,7099,6962.399902,6986.950195,6833.169922,4732
13-05-2011,6987.049805,7200,6900,7071,6915.370605,9412
16-05-2011,6980,7090,6980,7042.149902,6887.15332,2869
17-05-2011,7075,7090,6910.700195,6942.5,6789.700195,5589
18-05-2011,6980,7080,6905,6979.200195,6825.59082,10378
19-05-2011,7012,7025,6910,6925.200195,6772.780273,4915
20-05-2011,6931.049805,6994.5,6931.049805,6951.299805,6798.304688,2870
23-05-2011,6935,7009.899902,6820,6850.049805,6699.283691,6182
24-05-2011,6838,6930,6755,6787.700195,6638.304688,7796
25-05-2011,6800,6865,6711,6731.350098,6583.197266,5863
26-05-2011,6780,6800,6502.5,6545.299805,6401.239746,16601
27-05-2011,6749,6749,6560.25,6664.5,6517.817383,5757
30-05-2011,6708.899902,6749.799805,6611,6662.950195,6516.301758,3075
31-05-2011,6690,6822.950195,6680,6787.25,6637.86377,6611
01-06-2011,6780,6944,6780,6885.700195,6734.148438,11017
02-06-2011,6815,6885,6760,6784.850098,6635.519043,6725
03-06-2011,6839.799805,6852,6741.200195,6754.950195,6606.276367,3882
06-06-2011,6787,6841,6601.5,6749.75,6601.190918,5218
07-06-2011,6732,6919,6732,6887.850098,6736.251465,6058
08-06-2011,6886,6975,6857.25,6879.200195,6727.79248,9858
09-06-2011,6919.950195,6924,6825,6859.200195,6708.230957,3268
10-06-2011,6860,6899.950195,6785,6805,6655.223633,5005
13-06-2011,6800,6820,6700,6748.100098,6599.578125,4569
14-06-2011,6748.049805,6915,6741.100098,6846.950195,6696.250488,5239
15-06-2011,6820,6872,6733.25,6773.399902,6624.320313,5036
16-06-2011,6712.049805,6910,6712.049805,6816.950195,6666.912109,11982
17-06-2011,6825,6898,6716,6742.399902,6594.000488,4104
20-06-2011,6777.75,6790,6515,6597.299805,6452.096191,4986
21-06-2011,6670,6699,6525,6572.75,6428.085449,4746
22-06-2011,6593.049805,6659,6225.100098,6310.350098,6171.461914,36463
23-06-2011,6320,6470,6220.049805,6430.450195,6288.918945,19967
24-06-2011,6500,6666,6470,6551.549805,6407.353516,14198
27-06-2011,6535,6635,6510,6575.700195,6430.971191,4677
28-06-2011,6650,6915,6614,6845.100098,6694.440918,27807
29-06-2011,6910,6919,6710.799805,6770.149902,6621.141113,11048
30-06-2011,6775.049805,6873.75,6660,6697.5,6550.09082,14375
01-07-2011,6720,6945.350098,6710,6886.850098,6735.273926,13510
04-07-2011,6850,7023.700195,6801,6971.049805,6817.621094,14179
05-07-2011,6954,7050,6920.899902,6943.549805,6790.727539,16138
06-07-2011,6988,7032.899902,6920.25,6946.350098,6793.462402,7134
07-07-2011,6950,7161,6950,7100.850098,6944.563477,16263
08-07-2011,7121,7324.899902,7101.950195,7240.049805,7080.69873,28841
11-07-2011,7232,7432,7232,7380,7217.569336,20662
12-07-2011,7355,7515,7320,7461.899902,7297.666016,26994
13-07-2011,7525,7536.5,7430,7500.799805,7335.708496,17659
14-07-2011,7388,7532,7311,7506.600098,7341.382324,11534
15-07-2011,7492,7855,7455,7758,7587.249512,38496
18-07-2011,7730,7860,7690,7716.950195,7547.104492,15324
19-07-2011,7729,7950,7631.5,7785.850098,7614.484863,31558
20-07-2011,7800,7898,7702.399902,7738.600098,7568.275391,18884
21-07-2011,7750,7809.850098,7402.25,7430.799805,7267.25,23121
22-07-2011,7460,7573,7430,7545.75,7379.669434,13535
25-07-2011,7555,7681,7535.100098,7605.950195,7438.546387,9690
26-07-2011,7592,7654.850098,7440,7454.299805,7290.233887,7974
27-07-2011,7430,7454,7320.049805,7359.25,7197.276367,6752
28-07-2011,7311,7463.5,7052.25,7101.950195,6945.638672,34861
29-07-2011,7110.049805,7250,7011,7208.850098,7050.186035,15691
01-08-2011,7240.100098,7385,7088.049805,7138.350098,6981.23877,20119
02-08-2011,7150,7172.100098,7032,7068.200195,6912.632813,7122
03-08-2011,7021,7099,6952,7034.100098,6879.283203,8534
04-08-2011,7100,7308.950195,7060.049805,7195.700195,7037.325684,19157
05-08-2011,6998,7215.450195,6891.350098,7179.75,7021.726563,13810
08-08-2011,7009,7238.850098,6950.100098,7182.950195,7024.857422,13762
09-08-2011,7008.700195,7382,7008.700195,7292.049805,7134.53418,14771
10-08-2011,7385,7450.049805,7317.25,7378.649902,7219.263672,20124
11-08-2011,7351.049805,7367,7211,7304,7146.225586,12812
12-08-2011,7305,7348.950195,7100.649902,7141.200195,6986.943359,8209
16-08-2011,7146.049805,7233,6781,6828,6680.508789,13140
17-08-2011,6828,6950,6650,6742.75,6597.100098,8552
18-08-2011,6844,6844,6501,6543.25,6401.908691,6911
19-08-2011,6399.899902,6500,6270,6396.700195,6258.525879,9917
22-08-2011,6400.049805,6650,6316,6577,6434.931641,7961
23-08-2011,6600,6673,6500,6578.5,6436.397461,8561
24-08-2011,6585.049805,6678.600098,6501.549805,6573.350098,6431.359863,5515
25-08-2011,6575,6620,6310,6366.299805,6228.781738,21451
26-08-2011,6366.049805,6480,6190,6228.799805,6094.250977,4941
29-08-2011,6310,6475,6230.100098,6411.450195,6272.955566,9895
30-08-2011,6479.899902,6638.399902,6425.649902,6619.149902,6476.17041,15304
02-09-2011,6630,6899,6590.149902,6846.299805,6698.413086,16175
05-09-2011,6844,6992.5,6767,6957.399902,6807.113281,8320
06-09-2011,6925,7274,6815.100098,7240.549805,7084.145508,18043
07-09-2011,7300,7370,7200,7249.350098,7092.755371,13833
08-09-2011,7250,7315,7172,7246.5,7089.968262,8179
09-09-2011,7319,7319,7053.149902,7095.899902,6942.621094,7405
12-09-2011,7050,7080.299805,6808.799805,6883.5,6734.808594,7511
13-09-2011,6929.950195,7090,6850.049805,6865.049805,6716.759766,11947
14-09-2011,6900,6960,6855,6875.950195,6727.422363,7317
15-09-2011,6949.850098,7065,6915,7030.200195,6878.34082,13869
16-09-2011,7089,7149,7030.049805,7072.75,6919.97168,8387
19-09-2011,7000,7130,6962.149902,7080.700195,6927.750977,8805
20-09-2011,7105,7150,7051.100098,7082.950195,6929.950684,5775
21-09-2011,7115.700195,7145.549805,7005,7032.899902,6880.980469,5245
22-09-2011,6929,6990,6683,6737.200195,6591.668457,12352
23-09-2011,6730,6750,6580,6662.450195,6518.53418,6416
26-09-2011,6709.950195,6725,6505,6563.899902,6422.114258,5262
27-09-2011,6680,6740,6620,6714.399902,6569.361328,5224
28-09-2011,6726.049805,6787,6600,6641.799805,6498.331055,4974
29-09-2011,6550,6684.950195,6500,6650.799805,6507.137207,12395
30-09-2011,6621,6695,6550.200195,6617.700195,6474.752441,4000
03-10-2011,6597.950195,6700,6481.149902,6537.700195,6396.47998,2665
04-10-2011,6600,6644,6450,6472.75,6332.931641,5473
05-10-2011,6510,6575,6410,6445.600098,6306.368652,2519
07-10-2011,6625,6640,6500.049805,6563.899902,6422.114258,2831
10-10-2011,6595.549805,6639.899902,6552,6587.450195,6445.155762,2520
11-10-2011,6666,6787,6573.149902,6605.350098,6462.667969,6285
12-10-2011,6645,6885,6616.049805,6727.149902,6581.835938,4268
13-10-2011,6727,6821.049805,6710,6747.549805,6601.79541,6028
14-10-2011,6790,6790,6725,6749.25,6603.459473,2284
17-10-2011,6795,6830,6721.149902,6748.799805,6603.018066,3267
18-10-2011,6725,6739.950195,6485,6570.200195,6428.276855,7554
19-10-2011,6620,6624,6577.049805,6605.5,6462.813965,5275
20-10-2011,6570,6650,6510,6563.75,6421.966797,5001
21-10-2011,6600,6617.850098,6490,6524.549805,6383.612305,3707
24-10-2011,6551.049805,6598.950195,6448,6468.450195,6328.725586,5105
25-10-2011,6569,6630,6390,6572.049805,6430.087402,6627
28-10-2011,6655,6950,6655,6760.75,6614.710938,6554
31-10-2011,6800,6921,6725,6823.100098,6675.713867,14947
01-11-2011,6819.950195,6873,6680.350098,6714.75,6569.703125,3103
02-11-2011,6685,6811.450195,6625.5,6738.25,6595.64502,2610
03-11-2011,6679.600098,6769.950195,6632,6670.450195,6529.27832,2865
04-11-2011,6750,6790,6711.25,6728.049805,6585.660156,2283
08-11-2011,6750,6850,6686.149902,6805.600098,6661.568848,8310
09-11-2011,6790.049805,6864.950195,6715,6799.649902,6655.744141,7668
11-11-2011,6810,6845,6720,6744.950195,6602.20166,4350
14-11-2011,6770.049805,6856.350098,6690,6744,6601.273438,2807
15-11-2011,6797.899902,6797.899902,6651.600098,6751.950195,6609.053711,4743
16-11-2011,6743.899902,6774.899902,6562.200195,6574.600098,6435.45752,4082
17-11-2011,6579.75,6599.049805,6400,6428.149902,6292.107422,3037
18-11-2011,6425,6425,6325,6383.950195,6248.842285,2421
21-11-2011,6372,6475,6341.5,6457.799805,6321.128906,4620
22-11-2011,6475.049805,6525,6378,6480.399902,6343.250488,2904
23-11-2011,6451.149902,6478,6330,6411.5,6275.808594,3601
24-11-2011,6432,6524.899902,6375,6424.200195,6288.240723,8347
25-11-2011,6424,6769,6400,6729.5,6587.07959,10201
28-11-2011,6755,6949.899902,6730.100098,6878.149902,6732.583008,6260
29-11-2011,6900,7145,6760,6932.049805,6785.34082,35478
30-11-2011,6899.950195,6999,6811.100098,6961.649902,6814.315918,12493
01-12-2011,7025,7199,7001.049805,7057.200195,6907.844727,11789
02-12-2011,7091,7450,7065,7392.149902,7235.705566,26288
05-12-2011,7449.899902,7650,7385,7608.799805,7447.770508,22510
07-12-2011,7610,7734.950195,7456.049805,7559.75,7399.757324,17846
08-12-2011,7572,7598.950195,7306,7328.100098,7173.010254,10264
09-12-2011,7289,7325,7165.100098,7234.399902,7081.292969,7392
12-12-2011,7450,7450,6935,6992.149902,6844.170898,8268
13-12-2011,6989.950195,7019.899902,6872,6970.950195,6823.419434,7289
14-12-2011,7000,7140,6931.049805,6971.200195,6823.664551,6485
15-12-2011,6985.049805,7100,6975,7042.799805,6893.748047,5576
16-12-2011,7099,7198.950195,6961,7007.049805,6858.753418,7661
19-12-2011,6938.049805,7050,6938.049805,7015.75,6867.270508,5364
20-12-2011,7040,7070,6910,6960.950195,6813.630859,5136
21-12-2011,6979.049805,7075.950195,6775,6859,6713.838867,7182
22-12-2011,7080,7080,6820.049805,6961.350098,6814.023438,4536
23-12-2011,7048.950195,7064.950195,6815,6964.350098,6816.960449,5633
26-12-2011,7075,7151,6911.25,6959,6811.720703,1666
27-12-2011,7020,7020,6751,6806.149902,6662.106934,3034
28-12-2011,6847.899902,6860,6590.049805,6613.200195,6473.241699,6095
29-12-2011,6614,6975,6530,6920.25,6773.79248,12546
30-12-2011,6900,7104,6811.299805,6979.200195,6831.493652,14736
02-01-2012,6980,7040,6871.100098,6943.049805,6796.109863,4210
03-01-2012,6950,7130,6950,7069.049805,6919.443359,12459
04-01-2012,7090,7100,6981,7011.5,6863.111816,3368
05-01-2012,7021,7087.549805,6915,6956.850098,6809.617188,15716
06-01-2012,6930,6999,6891,6957.75,6810.499512,2814
07-01-2012,null,null,null,null,null,null
09-01-2012,7001.049805,7005,6920,6974,6826.403809,1586
10-01-2012,7009.049805,7285,7009,7241.649902,7088.391113,25448
11-01-2012,7272.700195,7355,7151.100098,7210.600098,7057.99707,13437
12-01-2012,7215,7346,7159.649902,7297.700195,7143.254395,17888
13-01-2012,7315.049805,7375,7235.5,7261,7107.330566,7293
16-01-2012,7240,7298.450195,7164,7224.450195,7071.554688,10306
17-01-2012,7276.850098,7420,7230,7282.399902,7128.279297,8583
18-01-2012,7295,7360,7141.100098,7159.700195,7008.173828,4065
19-01-2012,7290,7290,7170,7191.799805,7039.594727,10383
20-01-2012,7201,7272.649902,7100.399902,7113.649902,6963.099121,3882
23-01-2012,7215,7250,7105.049805,7179.149902,7027.213867,3678
24-01-2012,7190,7245,7180,7204.399902,7051.929199,3259
25-01-2012,7231.049805,7460,7182.149902,7412.850098,7255.967285,10871
27-01-2012,7447,7489.950195,7338,7391.899902,7235.460938,4568
30-01-2012,7350,7793.049805,7280,7657.450195,7514.706543,21584
31-01-2012,7657,7940,7657,7904.799805,7757.444824,19422
01-02-2012,7910,8350,7880,8280.200195,8125.848633,20715
02-02-2012,8309,8470,8161,8364.549805,8208.623047,19320
03-02-2012,8350,8360,8129,8182.049805,8029.527344,10683
06-02-2012,8248.900391,8516,8248.900391,8349.450195,8193.810547,15276
07-02-2012,8449,8449,8252.5,8283.75,8129.331055,6655
08-02-2012,8295,8547.950195,8270.099609,8481.200195,8323.100586,13440
09-02-2012,8495,8775,8357.299805,8614.099609,8453.522461,37606
10-02-2012,8614.150391,9350,8614.099609,9281.25,9108.237305,51178
13-02-2012,9250,9690,9250,9408.5,9233.113281,46307
14-02-2012,9395,9643,9350,9433.200195,9257.354492,23056
15-02-2012,9539.950195,9975,9441,9836.700195,9653.333008,35401
16-02-2012,9838.049805,10014.79981,9626,9691.150391,9510.498047,23394
17-02-2012,9808.849609,9890,9630,9772.599609,9590.426758,21614
21-02-2012,9800,10155,9670,10045.90039,9858.634766,28699
22-02-2012,10046.9502,10115,9292,9411.200195,9235.762695,29264
23-02-2012,9494,9648,9222,9585.650391,9406.962891,33259
24-02-2012,9678.099609,9680,9310,9430.849609,9255.046875,12790
27-02-2012,9450,9473,9216,9299.599609,9126.244141,20231
28-02-2012,9350.049805,9764.599609,9350.049805,9687.5,9506.916992,15950
29-02-2012,9710,10000,9710,9859.150391,9675.364258,34386
01-03-2012,9850,9918,9671.5,9757.549805,9575.654297,9250
02-03-2012,9782.150391,10175,9720.099609,9924.900391,9739.889648,33568
03-03-2012,null,null,null,null,null,null
05-03-2012,9800,9820,9543.5,9632.75,9453.181641,9291
06-03-2012,9635,9774.799805,9522.299805,9583.099609,9404.459961,7997
07-03-2012,9512.349609,9730,9460,9569.799805,9391.407227,7908
09-03-2012,9800,9928.200195,9600.349609,9818.25,9635.225586,10740
12-03-2012,9949,10075,9810.5,10033.09961,9846.071289,16328
13-03-2012,9999,10299.90039,9999,10231.5,10040.77734,19173
14-03-2012,10291.90039,10344.7002,10040,10088.54981,9900.488281,9726
15-03-2012,9999,10155,9931.049805,10016.54981,9829.829102,10303
16-03-2012,10147,10147,9782.049805,9839.700195,9656.277344,6841
19-03-2012,9870,9940,9621,9704.400391,9523.5,7315
20-03-2012,9610.049805,9839,9610.049805,9699.400391,9518.589844,6511
21-03-2012,9695,10700,9641,10577.9502,10380.76465,29985
22-03-2012,10620,10932,9995,10070.04981,9882.330078,43364
23-03-2012,9998.950195,10355.5,9800,9895.849609,9711.380859,34547
26-03-2012,9894.700195,10030,9601,9681.299805,9500.829102,16613
27-03-2012,9780,9990,9700,9865.200195,9681.303711,18657
28-03-2012,9860,9975,9800,9902.299805,9717.708984,9445
29-03-2012,9800,9921,9575,9673.700195,9493.37207,37317
30-03-2012,9790,9990,9700,9932.650391,9747.494141,12820
02-04-2012,9956.049805,10568.9502,9900,10498.34961,10302.64844,36123
03-04-2012,10550,10600,10307,10343,10150.19531,13049
04-04-2012,10350,10750,10262.09961,10658.2002,10459.51856,32881
09-04-2012,10601,11084,10400,10953.54981,10749.36328,46662
10-04-2012,11000,11009.9502,10682,10764.2002,10563.54492,16660
11-04-2012,10675.04981,11070,10611.04981,10708.79981,10509.17285,25451
12-04-2012,10699,10998.9502,10671,10721.5,10521.6377,15088
13-04-2012,10825.04981,10999.9502,10589.29981,10660.09961,10461.38477,25549
16-04-2012,10661,10860,10600,10756.90039,10556.37988,10528
17-04-2012,10790,11145,10732.5,10982.4502,10777.72754,30844
18-04-2012,11050,11294,10951.15039,11208.59961,10999.66016,33014
19-04-2012,11220,11422,11171.4502,11379.84961,11167.71777,22220
20-04-2012,11313,11500,11300,11385.34961,11173.11426,20805
23-04-2012,11210.29981,11538,11180,11226.04981,11016.78418,16275
24-04-2012,11278.40039,11475.5,10957.04981,11201.5,10992.69336,9868
25-04-2012,11191.59961,11485,11050,11442.90039,11229.58984,17626
26-04-2012,11480.79981,11578.79981,11175,11231.25,11021.8877,48524
27-04-2012,11279.2002,11449,11210.09961,11280.65039,11070.36621,16547
30-04-2012,11341.90039,11520,11280,11477.09961,11263.15039,17781
02-05-2012,11519.90039,11550,11241,11264.79981,11054.80762,18930
03-05-2012,11275,11345,11180,11228.29981,11018.99023,12837
04-05-2012,11206,11260,10250,10351.90039,10158.93066,31541
07-05-2012,10109.2002,10664,9872.200195,10591.75,10394.30762,17273
08-05-2012,10600.04981,10725,10250,10352.84961,10159.86426,15458
09-05-2012,10240,10600,10200,10367.54981,10174.2832,12925
10-05-2012,10443.9502,10700,10401,10593.59961,10396.12305,23943
11-05-2012,10590,10593,10125,10230.25,10039.54785,13240
14-05-2012,10389.2002,10499.79981,10011,10053.5,9866.091797,9162
15-05-2012,10085,10350,10055,10326.9502,10134.44434,7006
16-05-2012,10251.09961,10538,9980.75,10463.15039,10268.10742,9494
17-05-2012,10458.59961,10568.79981,10250,10308.15039,10115.99219,9498
18-05-2012,10207.59961,10440,10050,10360.04981,10166.92871,5138
21-05-2012,10385.09961,10619.2002,10385.09961,10540.65039,10344.16016,6452
22-05-2012,10681.9502,10690,10225.09961,10281.15039,10089.49512,8360
23-05-2012,10259.2002,10350,10185,10280.40039,10088.76074,5301
24-05-2012,10350,10600,10210,10548.54981,10351.91113,10512
25-05-2012,10550.04981,10874,10390.40039,10834,10632.04004,14751
28-05-2012,10973,10973,10801.04981,10905.4502,10702.16016,7935
29-05-2012,10950,11150.25,10801.09961,11044.9502,10839.05762,12199
30-05-2012,11001,11001,10740,10790.15039,10589.00977,7577
31-05-2012,10790.15039,10966.9502,10586.4502,10915.40039,10711.92285,8141
01-06-2012,10700.04981,10901,10555.04981,10604.29981,10406.62305,7469
04-06-2012,10549.9502,10680,10380,10659.09961,10460.40234,10154
05-06-2012,10808.59961,10810.2002,10477.90039,10567.5,10370.51074,7631
06-06-2012,10690,10852.90039,10630,10738.2002,10538.02539,15258
07-06-2012,10850,10877,10720,10792.04981,10590.875,5285
08-06-2012,10777,10777,10600.84961,10716.15039,10516.38672,9244
11-06-2012,10820,10908.34961,10380.09961,10487.90039,10292.39453,10549
12-06-2012,10465.90039,10748.59961,10450,10656.84961,10458.19434,12418
13-06-2012,10661.04981,10709.5,10505.04981,10534.65039,10338.26856,5891
14-06-2012,10547.75,10600,10340,10380.04981,10186.55566,7217
15-06-2012,10400,10545,10400,10452.04981,10257.20996,7060
18-06-2012,10539.9502,10590,10186.29981,10223.4502,10032.87207,7553
19-06-2012,10250.04981,10293.79981,9997.950195,10106.09961,9917.710938,7488
20-06-2012,10200,10225,10051.15039,10178.75,9989.005859,8392
21-06-2012,10190,10308.75,10050,10262.2002,10070.89941,6817
22-06-2012,10299.65039,10320.04981,10120.2002,10167.40039,9977.868164,7889
25-06-2012,10192.15039,10219.9502,9982,10034.54981,9847.492188,9213
26-06-2012,10064.40039,10100.34961,9936,9985.450195,9799.306641,6439
27-06-2012,10052,10140,10000,10116.59961,9928.013672,5540
28-06-2012,10151,10204.90039,9826.650391,9861.349609,9677.522461,9572
29-06-2012,9990,10094.34961,9892.950195,10032.65039,9845.631836,16313
02-07-2012,10066.04981,10286.09961,10020,10142.04981,9952.989258,10334
03-07-2012,10204.75,10240,10075,10145.59961,9956.475586,6082
04-07-2012,10149,10350,10140.04981,10239.90039,10049.0166,10157
05-07-2012,10231.4502,10645,10140.5,10612.75,10414.91797,20720
06-07-2012,10612,10710,10480,10501.25,10305.49512,11641
09-07-2012,10469.9502,10549.9502,10420.09961,10463.25,10268.20508,6748
10-07-2012,10498.9502,10609,10485.09961,10535.54981,10339.15332,6741
11-07-2012,10530.79981,10600,10460,10476.90039,10281.59863,4555
12-07-2012,10421,10480,10220,10273.09961,10081.59668,6812
13-07-2012,10300,10340,10080.04981,10112.15039,9923.645508,5593
16-07-2012,10204.7002,10249,10112,10190.9502,10000.97852,5065
17-07-2012,10199.40039,10250,10035.09961,10078.09961,9890.233398,2908
18-07-2012,10139.9502,10265,10080,10225.7002,10035.07813,3253
19-07-2012,10300,10310,10072,10115.84961,9927.280273,6419
20-07-2012,10061.04981,10180,10001,10053.75,9866.337891,4462
23-07-2012,10039.90039,10040,9901,9934.099609,9748.914063,4128
24-07-2012,9999.950195,10049.79981,9903.049805,9941.650391,9756.326172,7009
25-07-2012,9935.099609,10325,9900.900391,10161.40039,9971.978516,45950
26-07-2012,10258.15039,10296.54981,9860.150391,9923.25,9738.268555,18802
27-07-2012,10125,10125,9580,9664.799805,9484.634766,11090
30-07-2012,9672.900391,9809,9613.700195,9757.650391,9575.75293,9368
31-07-2012,9828,9830,9553.799805,9592.25,9413.44043,13056
01-08-2012,9601.599609,9777,9521.299805,9736.900391,9555.393555,7871
02-08-2012,9734.950195,9843.950195,9715,9806.75,9623.941406,5969
03-08-2012,9808,10439.9502,9711.099609,10358.2002,10165.11426,24033
06-08-2012,10490,10721,10263.15039,10659.84961,10464.16895,20608
07-08-2012,10660.04981,10697.90039,10460,10502.5,10309.70898,9935
08-08-2012,10500,10940,10280.04981,10709.59961,10513.00293,39269
09-08-2012,10711,10869.9502,10616,10683.09961,10486.99219,18093
10-08-2012,10685,10790,10534.04981,10653,10457.44434,10992
13-08-2012,10684.9502,10750.54981,10610.5,10661.09961,10465.39551,6433
14-08-2012,10681,10820.9502,10549.9502,10717.34961,10520.6084,12545
16-08-2012,10715.04981,11015,10635,10850.29981,10651.12207,35262
17-08-2012,10938.84961,11010,10770.04981,10829.75,10630.94727,21128
21-08-2012,10830,11138,10740.09961,11073.9502,10870.66797,26687
22-08-2012,11080,11214,10972.09961,11016.5,10814.27148,15376
23-08-2012,11040,11109.2002,10777,10837.34961,10638.41211,15970
24-08-2012,10837.34961,10871.40039,10681,10713.4502,10516.78418,7265
27-08-2012,10723,10900,10602,10643.2002,10447.82715,13986
28-08-2012,10650,10719,10151.59961,10399.29981,10208.40234,12678
29-08-2012,10426,10444.79981,9866,9974.450195,9791.350586,19048
30-08-2012,9975,10099,9875,10026.59961,9842.543945,12569
31-08-2012,10030,10180.59961,9982,10048.65039,9864.188477,7230
03-09-2012,10080.5,10236,10059.9502,10086.29981,9901.145508,4821
04-09-2012,10124.9502,10138.90039,10020,10086.4502,9901.294922,3977
05-09-2012,10092,10196,10015,10041.09961,9856.776367,6816
06-09-2012,10050,10200.09961,10000,10091.04981,9905.80957,11056
07-09-2012,10399,10399,10131.15039,10206.54981,10019.19141,6173
08-09-2012,null,null,null,null,null,null
10-09-2012,10277,10349.7002,10180,10202.15039,10014.87207,3829
11-09-2012,10194.84961,10219.9502,10110,10138.54981,9952.435547,4210
12-09-2012,10178,10455,10168,10402.04981,10211.10352,17985
13-09-2012,10469.9502,10583.9502,10182,10249.2002,10061.05469,17177
14-09-2012,10675,10675,10181.34961,10230.90039,10043.09473,15772
17-09-2012,10323,10495,10180.09961,10309.9502,10120.69238,14424
18-09-2012,10358,10500,10271.04981,10349.9502,10159.95703,7061
20-09-2012,10299,10384.25,10165.09961,10185.75,9998.770508,6595
21-09-2012,10210.2002,10345,10101.04981,10162.5,9975.946289,8360
24-09-2012,10214.65039,10290,10080.09961,10121.5,9935.702148,6749
25-09-2012,10145.04981,10251.25,10060.09961,10212.79981,10025.32324,6382
26-09-2012,10220.04981,10330,10195,10204.40039,10017.08203,5460
27-09-2012,10280,10410,10100,10273.79981,10085.20215,17286
28-09-2012,10331,10420.09961,10220,10272.75,10084.17383,11685
01-10-2012,10299.9502,10355,10220,10238.9502,10050.99512,8326
03-10-2012,10389.9502,10690,10260.04981,10608.15039,10413.41602,29077
04-10-2012,10590.84961,10674,10451.04981,10477.90039,10285.55859,13905
05-10-2012,10505.04981,10575,10212,10327.5,10137.9209,7645
08-10-2012,10300,10350,10213.34961,10251.4502,10063.2666,6445
09-10-2012,10298.90039,10388,10250,10303.5,10114.36133,8211
10-10-2012,10309.90039,10445.5,10252,10277.4502,10088.78809,7169
11-10-2012,10270.04981,10398.90039,10270.04981,10342.4502,10152.59375,4777
12-10-2012,10272,10482,10200,10225.59961,10037.8877,5722
15-10-2012,10250,10310.34961,10205,10232.7002,10044.86035,3119
16-10-2012,10304.40039,10304.40039,10151,10177.09961,9990.280273,4983
17-10-2012,10298.7002,10450.09961,10125.09961,10162.15039,9975.601563,6258
18-10-2012,10200,10268.9502,10094.9502,10194.2002,10007.06738,6228
19-10-2012,10199.79981,10250,10149.9502,10161.09961,9974.573242,2816
22-10-2012,9710,10265,9710,10206.4502,10019.0918,4059
23-10-2012,10206.4502,10378,10172.29981,10256.34961,10068.07617,5634
25-10-2012,10297.9502,10333,10095.04981,10135.5,9949.441406,7447
29-10-2012,10025,10125.04981,9900,9966.900391,9783.94043,12444
30-10-2012,9998.950195,10300.59961,9865,10174.29981,9987.530273,30187
31-10-2012,10235,10278,10080,10163.90039,9977.321289,18518
01-11-2012,10169.54981,10330,10163.84961,10293,10104.05176,7421
02-11-2012,10305.54981,10420,10232.9502,10250,10061.84375,11439
05-11-2012,10228.59961,10343.9502,10170,10274.09961,10085.49805,5424
06-11-2012,10274.04981,10400,10259,10307.34961,10118.13867,5785
07-11-2012,10349.7002,10397.9502,10260,10282.54981,10096.73535,6092
08-11-2012,10250,10294.9502,10166,10196.15039,10011.89356,5667
09-11-2012,10200.04981,10257.4502,10080.9502,10103,9920.427734,6104
11-11-2012,null,null,null,null,null,null
12-11-2012,10029.04981,10172,10029,10136.59961,9953.418945,3884
15-11-2012,10200.5,10229,10100,10155.15039,9971.635742,4143
16-11-2012,10117.54981,10280.15039,10004.09961,10068.90039,9886.944336,6549
19-11-2012,10100.4502,10159,10005.09961,10037.65039,9856.254883,2471
20-11-2012,10094.90039,10129.90039,9770.049805,9889.299805,9710.591797,7885
21-11-2012,9950,10040,9921.150391,10001.40039,9820.665039,5310
22-11-2012,10050,10135,9990,10070.34961,9888.368164,6516
23-11-2012,10110.34961,10110.34961,9990,10009.75,9828.860352,2580
26-11-2012,10065,10101.5,9990,10000.34961,9819.634766,6196
27-11-2012,10098.75,10130,10025,10046.15039,9864.603516,17490
29-11-2012,10123.84961,10700,10050,10517,10326.94824,36055
30-11-2012,10526.15039,10999.40039,10451,10943.7002,10745.93652,31404
03-12-2012,10901,11138,10860.5,10902.90039,10705.87109,12182
04-12-2012,10907,11250,10801,11180,10977.96777,16748
05-12-2012,11205,11824.9502,11185,11641.59961,11431.22363,47880
06-12-2012,11731.75,11819.90039,11570,11767.15039,11554.50586,19921
07-12-2012,11909,11948,11700,11786.5,11573.50781,20324
10-12-2012,11861.90039,12184.2002,11810.25,12140.34961,11920.95801,24899
11-12-2012,12180,12323,11984.9502,12241.40039,12020.18457,16679
12-12-2012,12300,12480,12250.04981,12319.65039,12097.02246,23038
13-12-2012,12339.9502,12370,12000.15039,12086.75,11868.3291,13982
14-12-2012,12124.9502,12209.25,12005.29981,12142.34961,11922.92481,10045
17-12-2012,12155.79981,12300,12114,12229.04981,12008.05859,8556
18-12-2012,12278,12500.79981,12056.09961,12367.34961,12143.85938,14293
19-12-2012,12472,12589,12202.2002,12491.90039,12266.15723,14373
20-12-2012,12492,12630,12400,12535.54981,12309.02051,14748
21-12-2012,12499.54981,12590,12412.04981,12452.25,12227.22559,6371
24-12-2012,12504,12648,12440,12598.5,12370.83301,8998
26-12-2012,12601.04981,12750,12580,12723.7002,12493.76758,7548
27-12-2012,12749.9502,12818,12490,12507.15039,12281.13184,16265
28-12-2012,12508,12760,12508,12694.75,12465.34277,6582
31-12-2012,12745.25,12850,12700,12818.9502,12587.30078,7164
01-01-2013,12927,13380,12879.84961,13243.25,13003.92969,20619
02-01-2013,13312.40039,13435,13256,13316.2002,13075.5625,12217
03-01-2013,13351,13365.9502,13124.15039,13279.09961,13039.13379,10213
04-01-2013,13240,13418.40039,13221.29981,13361.09961,13119.65332,7307
07-01-2013,13375,13439.9502,13265,13288.79981,13048.65625,7509
08-01-2013,13301,13420,13200,13346.2002,13105.02246,10356
09-01-2013,13400,13849.9502,13380,13786.4502,13537.31348,33042
10-01-2013,13787.79981,13874,13612.59961,13647.29981,13400.68164,13819
11-01-2013,13903.90039,13903.90039,13460,13473.40039,13229.92188,7241
14-01-2013,13488,13585.7002,13225,13509.04981,13264.92871,10982
15-01-2013,13529.84961,13622.79981,13465,13557.84961,13312.8457,10540
16-01-2013,13475,13704.84961,13360,13404.25,13162.02246,9331
17-01-2013,13372,13474.2002,13252.2002,13283.34961,13043.30469,7257
18-01-2013,13399,13450.5,13242.90039,13336.40039,13095.39941,5817
21-01-2013,13394.25,13509.9502,13351,13450,13206.94629,5446
22-01-2013,13460,13570,13350,13419.79981,13177.29102,4692
23-01-2013,13250.04981,13474.04981,13072.15039,13234.04981,12994.89453,5692
24-01-2013,13244,13332.84961,13025,13064.04981,12827.97266,7752
25-01-2013,13075,13351,12930.25,13286.09961,13046.00586,5805
28-01-2013,13372,13419.9502,13230,13260.4502,13020.81836,2870
29-01-2013,13191.54981,13388.79981,13025.04981,13060.5,12824.48145,4938
30-01-2013,13094.65039,13248.79981,13008.9502,13098.75,12880.77637,5011
31-01-2013,13133.9502,13216.84961,13035,13138.84961,12920.21191,4026
01-02-2013,13198,13315,13140,13220.7002,13000.70117,4732
04-02-2013,13228.75,13390,13200,13233.75,13013.53418,5085
05-02-2013,13234.04981,13250,13060,13146.7002,12927.93164,4714
06-02-2013,13372.84961,13372.84961,13187.09961,13245.59961,13025.18555,4631
07-02-2013,13298.84961,13448.9502,13050,13169.75,12950.59961,10910
08-02-2013,13250,13530,13220.2002,13408.90039,13185.76758,16332
11-02-2013,13489.9502,13489.9502,13260.04981,13313.09961,13091.56445,5103
12-02-2013,13251.04981,13400.9502,13115.54981,13206.29981,12986.54102,6593
13-02-2013,13279.75,13296.9502,12865,12907.75,12692.95996,8151
14-02-2013,12900,12902.84961,12246.9502,12313.7002,12108.79395,12818
15-02-2013,12353.4502,12551.7002,12015,12486.79981,12279.0127,14508
18-02-2013,12590.04981,12590.04981,12382,12463.34961,12255.95117,4319
19-02-2013,12695.90039,12695.90039,12412.29981,12620.4502,12410.44043,5316
20-02-2013,12644.04981,12750,12555.4502,12689.5,12478.33984,4809
21-02-2013,12621,12698.5,12301.5,12353.59961,12148.0293,5010
22-02-2013,12365,12505,12160,12388.84961,12182.69434,12339
25-02-2013,12400,12415.2002,12250,12294.90039,12090.30664,5098
26-02-2013,12297.2002,12300.04981,12126.65039,12220.4502,12017.09668,4374
27-02-2013,12338.9502,12550.59961,12060,12200.79981,11997.77246,7171
28-02-2013,12260.90039,12314.54981,11261.09961,11427.75,11237.58691,26188
01-03-2013,11379,11694.65039,11111.65039,11572.7002,11380.12402,6928
04-03-2013,11669,11779.9502,11418,11593,11400.08887,10373
05-03-2013,11684.29981,11970,11625,11902.84961,11704.78223,6343
06-03-2013,11970,12256,11925.09961,12181.29981,11978.59668,7783
07-03-2013,12170,12641.9502,12133.25,12597.2002,12387.57617,10505
08-03-2013,12756.4502,13020,12550.29981,12977.25,12761.29981,15067
11-03-2013,13124.25,13124.25,12851,12909.65039,12694.8291,10582
12-03-2013,12555,12973.75,12480.90039,12785.79981,12573.03711,8673
13-03-2013,12888,12888,12580,12657.54981,12446.9209,5187
14-03-2013,12501.5,12975,12390,12923.90039,12708.83984,11171
15-03-2013,12917,13000,12685.04981,12711.90039,12500.36719,6699
18-03-2013,12650,12680,12500.04981,12602.04981,12392.3457,3817
19-03-2013,12724.79981,12839.9502,12138.29981,12394.59961,12188.34961,9481
20-03-2013,12302,12468,11901,11966.5,11767.37402,9425
21-03-2013,11976,12067.90039,11602.04981,11674,11479.73828,11199
22-03-2013,11799.4502,11799.4502,11510,11610.04981,11416.85059,5198
25-03-2013,11750.04981,11810.04981,11625,11676.15039,11481.85156,6320
26-03-2013,11742,11780.9502,11263,11617.9502,11424.62207,7790
28-03-2013,11776.79981,12238,11581.5,11971.79981,11772.58203,11383
01-04-2013,12140,12140,11900,12073.79981,11872.88379,4792
02-04-2013,12180,12234,11972,12190.84961,11987.98535,5004
03-04-2013,12050,12567.2002,11810.04981,11985.40039,11785.95801,6627
04-04-2013,11935,12028,11750,11772.79981,11576.89453,5789
05-04-2013,11800.9502,11970,11777,11886.59961,11688.79883,3660
08-04-2013,11801,11980,11780.25,11827.79981,11630.97754,2377
09-04-2013,11855,12116.34961,11485,11547.34961,11355.19824,8057
10-04-2013,11512,11799.9502,11432.40039,11694.9502,11500.33984,6489
11-04-2013,11890,12567.2002,11560.09961,11675.84961,11481.55664,5808
12-04-2013,11680,11800,11450,11713.29981,11518.38574,3298
15-04-2013,11813,11979.65039,11650,11865.65039,11668.20117,4344
16-04-2013,11876.4502,12394,11876.4502,12349.75,12144.24219,17019
17-04-2013,12549,12549,12201,12303.59961,12098.85938,11372
18-04-2013,12304,12970,12270,12901.4502,12686.76074,32151
22-04-2013,12930,13270.29981,12801,13224.54981,13004.48535,15037
23-04-2013,13224,13920.04981,13050,13827.7002,13597.60059,30925
25-04-2013,13815.04981,14139.2002,13568.34961,13672.65039,13445.13086,44291
26-04-2013,13700,13890,13450,13592.7002,13366.50879,11391
29-04-2013,13627,13816.54981,13600,13663.4502,13436.08203,11217
30-04-2013,13820,13825.84961,13118,13379.34961,13156.71094,12477
02-05-2013,13450,13640,13305,13395.29981,13172.39453,12963
03-05-2013,13550,13660,13280,13567.5,13341.72754,15379
06-05-2013,13588.34961,14226.90039,13405.04981,14118.79981,13883.85742,24313
07-05-2013,14170,14330,14042.09961,14183.9502,13947.92188,18227
08-05-2013,14210,14705,14016,14616.7002,14373.46875,29703
09-05-2013,14600,14895,14512.29981,14739.9502,14494.66992,19463
10-05-2013,14752,15008.7002,14720.04981,14837.5,14590.59668,14646
13-05-2013,14899.79981,14900,14575.5,14652.84961,14409.0166,8509
14-05-2013,14610.09961,14928.75,14610.09961,14850.15039,14603.03711,13029
15-05-2013,14800,15250,14800,15152.40039,14900.25684,17167
16-05-2013,15030.04981,15329.9502,15030.04981,15178.65039,14926.07031,10937
17-05-2013,15204,15204,14921,14992.40039,14742.91699,9062
20-05-2013,15030,15220,14975,15001.34961,14751.72266,7887
21-05-2013,14986,15250,14986,15182.7002,14930.05371,12352
22-05-2013,15190,15499,15190,15373.40039,15117.58008,12226
23-05-2013,15345,15375,14810,14916.40039,14668.18262,11765
24-05-2013,15140,15380,14823.7002,15267.75,15013.68555,10207
27-05-2013,15297,15450,15218.79981,15397.25,15141.0332,7563
28-05-2013,15350,15450,15235.09961,15382.15039,15126.18262,5521
29-05-2013,15448,15448,14916,15141.04981,14889.09668,9254
30-05-2013,15142,15240,14900,15005.4502,14755.74902,11287
31-05-2013,14960,15180,14871.09961,14895.09961,14647.23828,6501
03-06-2013,14805.40039,15138,14805.40039,15032.79981,14782.64648,6048
04-06-2013,14979.90039,15422,14920.25,15169.34961,14916.92188,11208
05-06-2013,15050,15350,15050,15274.7002,15020.51953,8228
06-06-2013,15150,15310,15108,15200.59961,14947.65332,4986
07-06-2013,15200,15359.90039,14928,14992.34961,14742.86719,8512
10-06-2013,15200,15210,14721,14752.34961,14506.86328,9016
11-06-2013,14700,14719.79981,14355,14460.2002,14219.57617,8600
12-06-2013,14400,14775.4502,14400,14677.7002,14433.45801,5765
13-06-2013,14470,14569,14257.09961,14331.34961,14092.87109,7936
14-06-2013,14325,14568.9502,14213,14311.90039,14073.74414,7422
17-06-2013,14399,14400,14145.34961,14298.09961,14060.17383,5908
18-06-2013,14060,14394.75,14060,14164.75,13929.04395,6162
19-06-2013,14230,14275,14020,14109.15039,13874.36621,8130
20-06-2013,14050,14050,13620,13769.25,13540.12109,8605
21-06-2013,13700,13769.90039,12700.04981,12933.15039,12717.93652,19777
24-06-2013,13000,13308.04981,12180,12305.90039,12101.125,17951
25-06-2013,12598,12908,12251,12652.54981,12442.00684,18072
26-06-2013,12759.90039,12825,12280.79981,12355.29981,12149.70313,6413
27-06-2013,12470,12709.9502,12456.54981,12524.09961,12315.69336,10913
28-06-2013,12700,13019.9502,12605.04981,12926.15039,12711.05273,10404
01-07-2013,12875,12980,12760,12918.4502,12703.47852,8718
02-07-2013,12950,13084,12760,12804.7002,12591.62109,7963
03-07-2013,12750,12750.04981,12253.09961,12305.7002,12100.92773,12296
04-07-2013,12475,12553,12280.04981,12431.90039,12225.02734,9049
05-07-2013,12510,12661.5,12070,12269.9502,12065.77344,14767
08-07-2013,12225,12299.9502,12050,12207.90039,12004.75488,6574
09-07-2013,12498,12528.7002,12260,12475.9502,12268.3418,8145
10-07-2013,12450,12675,12435,12501.15039,12293.125,7639
11-07-2013,12412,12744.59961,12412,12661.40039,12450.70508,6834
12-07-2013,12701,12790,12523.79981,12605.2002,12395.44531,4420
15-07-2013,12650,12908.90039,12462.2002,12837.84961,12624.21875,8679
16-07-2013,12709,12799,12511,12576.84961,12367.56641,5238
17-07-2013,12715,12735,12455.59961,12594.5,12384.91992,11901
18-07-2013,12725,13650,12600.09961,13588.34961,13362.22852,28775
19-07-2013,13650,14278.79981,13611,13819.59961,13589.63184,38653
22-07-2013,13690,14450,13690,14397.25,14157.6709,28065
23-07-2013,14411,14813.9502,14300,14386.5,14147.10059,23879
24-07-2013,14299,14620,13682,13811.34961,13581.52441,20715
25-07-2013,13780,14723.7002,13640.09961,13850.15039,13619.67773,71698
26-07-2013,14149,14187,13702.09961,13793.40039,13563.86914,23941
29-07-2013,13793.40039,13933.2002,13600,13637.2002,13410.26856,10653
30-07-2013,13725,13754.7002,13110.04981,13181.29981,12961.9541,12290
31-07-2013,13197,13325,12770.29981,13217.4502,12997.50488,15135
01-08-2013,13495,13495,12725,12855.79981,12641.87109,13259
02-08-2013,12947,13069,12631,12735.25,12523.32715,11869
05-08-2013,12795,12975,12601,12744.54981,12532.47363,10062
06-08-2013,12745,12745,12311,12504.04981,12298.87207,10813
07-08-2013,12403,12946.2002,12403,12846.4502,12635.65137,8913
08-08-2013,12722,13134.7002,12722,12984.84961,12771.78125,6727
12-08-2013,13220,13500,13002.04981,13450.04981,13229.35059,12389
13-08-2013,13470,14211,13373.09961,14134.75,13902.81055,23485
14-08-2013,14200,14332.9502,14035,14173.9502,13941.37207,10459
16-08-2013,14199,14264.40039,13310.04981,13409.84961,13189.80566,12492
19-08-2013,13400,13400,12800.04981,13114.84961,12899.64746,8885
20-08-2013,13000,13516,12820,13475.2002,13254.08594,13769
21-08-2013,13625,13817.84961,12860.04981,12953.75,12741.19043,12172
22-08-2013,12824,13292,12716.40039,13044.79981,12830.74707,12661
23-08-2013,12951,13319,12950,13202.25,12985.61328,8894
26-08-2013,13205,13375.75,13124,13237.2002,13019.99121,7335
27-08-2013,13250,13250,12851.04981,12901.65039,12689.9502,4267
28-08-2013,12801,12988.79981,12550,12925.09961,12713.01074,7384
29-08-2013,13000,13239.29981,12905.15039,13127.9502,12912.5332,11233
30-08-2013,13070,13230,12780.59961,12893.9502,12682.375,9495
02-09-2013,12940,13668,12940,13582.54981,13359.67578,17007
03-09-2013,13690,13780.04981,13000,13033.25,12819.38672,14466
04-09-2013,13188,13536.15039,13050,13421.54981,13201.31543,10306
05-09-2013,13637,13715,13020.40039,13101.4502,12886.46875,17924
06-09-2013,13200,13280,12950,12985.84961,12772.7666,12822
10-09-2013,13100,13300,13051,13076.29981,12861.73145,12922
11-09-2013,13176.29981,13176.29981,12740,12788.79981,12578.94922,17882
12-09-2013,12900,13130.65039,12711.04981,12893.09961,12681.53711,13541
13-09-2013,12924,13039.90039,12760,12823.79981,12613.37402,7066
16-09-2013,13154,13154,12725.04981,12821.79981,12611.40723,6917
17-09-2013,12872,12925.4502,12735,12824.40039,12613.96582,5343
18-09-2013,12921,12981.90039,12820,12859.15039,12648.14356,3457
19-09-2013,13099,13278,12902.34961,13169.34961,12953.25293,13448
20-09-2013,13180,13369.65039,12670,12990.59961,12777.43848,14535
23-09-2013,12950,12960.29981,12826,12851.04981,12640.17773,4005
24-09-2013,12839.15039,13060,12801,12842.7002,12631.96289,5981
25-09-2013,12845,12980,12800,12833.09961,12622.52148,7020
26-09-2013,12783,12949.90039,12720,12792.04981,12582.14551,7877
27-09-2013,12855,13722,12830,13472.54981,13251.47949,42694
30-09-2013,13311.04981,13580,13301,13385.04981,13165.41504,10736
01-10-2013,13385.04981,13950,13290,13855.65039,13628.29199,24791
03-10-2013,13944.29981,14666,13930,14549.25,14310.50977,33072
04-10-2013,14455,14671,14235.7002,14389.04981,14152.93945,25383
07-10-2013,14400.09961,14899,14300,14824.04981,14580.80273,22347
08-10-2013,14999,15135.65039,14700.5,14991.40039,14745.4043,22885
09-10-2013,14890,14998,14717.04981,14867.4502,14623.49023,10139
10-10-2013,14850,14949,14630,14671.54981,14430.80469,8993
11-10-2013,14800,15300,14760.09961,15184.34961,14935.18945,21395
14-10-2013,15100,15450,15050.09961,15335.75,15084.10547,14462
15-10-2013,15400,15437.9502,15030.40039,15086.90039,14839.34082,8313
17-10-2013,15149,15300,15057.59961,15114.79981,14866.78516,5976
18-10-2013,15149,15339.9502,15024.25,15265.54981,15015.05566,6255
21-10-2013,15201,15385.65039,15150,15297.79981,15046.77832,6679
22-10-2013,15120,15824.79981,15100,15721.90039,15463.92188,18214
23-10-2013,15702,15849,15479.9502,15638.90039,15382.28516,8284
24-10-2013,15674.29981,15950,15526,15643.65039,15386.95313,11473
25-10-2013,15487,15690,15376.15039,15472.65039,15218.76074,6306
28-10-2013,15305,15649.9502,15300,15353.5,15101.56543,3430
29-10-2013,15400,15653.90039,15301.09961,15541.09961,15286.08594,6719
30-10-2013,15594,15787,15510,15645.4502,15388.7207,6114
31-10-2013,15600,15800,15589.9502,15751.09961,15492.63867,11279
01-11-2013,15779,16144,15640.7002,16020.40039,15757.52148,11597
05-11-2013,15962,16744.69922,15852,16646.25,16376.1709,20876
06-11-2013,16663.05078,16840,16422,16466.59961,16199.43262,11521
07-11-2013,16599,16599,16151,16182.84961,15920.28906,5133
08-11-2013,16200,16540,16134.04981,16404,16137.85352,4997
11-11-2013,16211.7002,16770,16211.7002,16591.44922,16322.25,10840
12-11-2013,16501,16700,16340,16417.30078,16150.93457,11747
13-11-2013,16300,16699,16300,16507.19922,16239.37305,8924
14-11-2013,16598.94922,16690.5,16500,16523.40039,16255.31543,3241
18-11-2013,16730,17020,16525.15039,16977.90039,16702.43945,10136
19-11-2013,16950,17210,16900.05078,16982.65039,16707.11328,13077
20-11-2013,17050,17179.65039,16791.84961,16861.90039,16588.32227,8068
21-11-2013,17077,17078,16810.59961,16836.30078,16563.13867,6485
22-11-2013,17034,17085,16723,16851.19922,16577.79492,5579
25-11-2013,17040,17199,16960,17155.34961,16877.00977,5655
26-11-2013,17055,17759,17030,17668.40039,17381.73047,17379
27-11-2013,17700.09961,17930,17594.25,17696.80078,17409.67383,13062
28-11-2013,17725,18025,17480,17552.15039,17267.375,21944
29-11-2013,17499,17500,17070,17348.90039,17067.41797,28894
02-12-2013,17487,17487,17211,17364.5,17082.76367,9107
03-12-2013,17312,17438,17118,17265.05078,16984.92773,8181
04-12-2013,17308,17548.84961,17150,17406.80078,17124.375,14145
05-12-2013,17520,17625,17351,17494.94922,17211.0918,10441
06-12-2013,17500,17885,17422,17830.19922,17540.9043,11593
09-12-2013,17898.90039,17994.94922,17680.05078,17735.09961,17447.34961,8333
10-12-2013,17689.84961,18585,17555.19922,18513.5,18213.11719,24207
11-12-2013,18410,19210,18101.90039,19115.94922,18805.79102,30552
12-12-2013,19012,19770,19012,19567.34961,19249.88086,43211
13-12-2013,19450,19874,19020,19124.19922,18813.91211,47209
16-12-2013,19100,19840,19100,19786.84961,19465.81445,26995
17-12-2013,19813,20199,19620,19744.59961,19424.24023,26880
18-12-2013,19820,20075,19760.09961,19898.05078,19575.20703,17134
19-12-2013,19979,20106.75,19710,19795.34961,19474.17188,10036
20-12-2013,19750,20225,19675.25,19831.25,19509.49414,32238
23-12-2013,19735,19880,19511,19627.09961,19308.6543,14093
24-12-2013,19760,19849.80078,19541.30078,19603.90039,19285.83203,12728
26-12-2013,19623.65039,19779.75,19000.05078,19072.94922,18763.49414,23870
27-12-2013,19149,19449.34961,19120,19408.59961,19093.69531,15268
30-12-2013,19590,19629.94922,19180,19260.59961,18948.10352,15356
31-12-2013,19347,19439.94922,19170.09961,19364.40039,19050.22461,8550
01-01-2014,19399,19499.90039,19216,19276.94922,18964.18555,6371
02-01-2014,19366,19444,18956.30078,19019.84961,18711.25977,10813
03-01-2014,19001,19249,18905.09961,19162.65039,18851.73828,11415
06-01-2014,19174,19439.94922,19046.09961,19287.94922,18975.00391,13030
07-01-2014,19349,19450,19056.05078,19120.34961,18810.12305,7225
08-01-2014,19170,19300,19000,19075.94922,18766.43945,6721
09-01-2014,19150,19249.94922,19023.30078,19153.09961,18842.35156,6314
10-01-2014,19105,19299.90039,19002,19101.5,18791.58008,6476
13-01-2014,19170,19289.94922,18925.5,19124.75,18814.45313,7724
14-01-2014,19170,19420,19103.05078,19264.25,18951.69531,8600
15-01-2014,19519,19519,19210,19271.84961,18959.16602,2863
16-01-2014,19271.84961,19920,19151,19824.80078,19503.15039,18815
17-01-2014,19899,20155,19421,19522.75,19206,17950
20-01-2014,19551,19733.55078,19422,19610.80078,19292.61914,8857
21-01-2014,19612,19769.94922,19560,19624.69922,19306.28906,5115
22-01-2014,19624.69922,20049,19570,19953,19629.26758,9540
23-01-2014,20050,20149,19370,19408.84961,19093.94336,12486
24-01-2014,19549,19550,19211.19922,19249.75,18937.41992,6638
27-01-2014,19175,19244.94922,18740,18804.69922,18499.5918,7680
28-01-2014,18785.75,19148.65039,18645,19034.34961,18725.52734,5420
29-01-2014,19000,19150,18855.30078,18948.65039,18641.21289,3995
30-01-2014,18900,19247.5,18670,19030.09961,18745.08203,4941
31-01-2014,19287,19530,19112.30078,19433.94922,19142.88672,8039
03-02-2014,19450,19850,19350,19676.75,19382.05078,11770
04-02-2014,19470,20020,19305,19895.15039,19597.18359,10185
05-02-2014,19906,20125,19730,19925.44922,19627.02344,12958
06-02-2014,19835,20060,18985,19378.34961,19088.11719,33650
07-02-2014,19050,19250,18686.40039,18807.80078,18526.11523,18591
10-02-2014,18944,19159.94922,18740,18832.65039,18550.5918,10721
11-02-2014,19085,19210,18911.05078,19161.94922,18874.95703,8957
12-02-2014,19250,19250,18900.19922,19182.44922,18895.14844,4156
13-02-2014,19050,19224,18830.55078,18890.30078,18607.37695,5702
14-02-2014,18900,19098.94922,18703,18897.59961,18614.56836,4215
17-02-2014,18850,19089.5,18771.15039,18890.69922,18607.76953,3417
18-02-2014,18710,18999.94922,18701.80078,18850.15039,18567.82617,3788
19-02-2014,18732,19200,18732,19113.25,18826.98633,4301
20-02-2014,18913,19194,18802,18834.30078,18552.21875,6359
21-02-2014,18840,19120.5,18840,18918,18634.66016,7264
24-02-2014,18914,19172.34961,18910,19002.55078,18717.94727,3717
25-02-2014,19002,19175,18991.69922,19085.75,18799.90234,4038
26-02-2014,19091.25,19220,19000,19026.55078,18741.58594,7390
28-02-2014,19045.69922,19198,19020,19086.75,18800.88672,3463
03-03-2014,19010,19200,19000.19922,19098.75,18812.69922,4444
04-03-2014,19190,19699.90039,19075,19633.34961,19339.29883,12180
05-03-2014,19699.90039,19749.94922,19421,19478.55078,19186.81836,6462
06-03-2014,19499,20550.05078,19448,20367.59961,20062.54688,19966
07-03-2014,20460,20625,20240,20412.34961,20106.63477,12453
10-03-2014,20400,20780,20150.05078,20663,20353.52539,9041
11-03-2014,20679.94922,20975,20560.05078,20785.90039,20474.5918,14300
12-03-2014,20605,20950,20605,20844.40039,20532.21094,15839
13-03-2014,20850,20980,20595,20671.05078,20361.46094,7729
14-03-2014,20700,21100,20530,20943.44922,20629.77344,6703
18-03-2014,21095,21650.30078,20760.5,21591.84961,21268.4668,17091
19-03-2014,21670,21790,21450.05078,21583.15039,21259.90039,9292
20-03-2014,21585,21604.90039,21270.59961,21453.80078,21132.48438,4633
21-03-2014,21351,22450,21351,22300.90039,21966.89258,30470
22-03-2014,null,null,null,null,null,null
24-03-2014,22518.90039,22588.94922,22065,22167.05078,21835.05078,11344
25-03-2014,22294,22450,22000,22205.69922,21873.12109,22250
26-03-2014,22239.90039,22320,21770,21863.69922,21536.24414,13012
27-03-2014,21701,22156,20773.34961,21118.34961,20802.05664,21138
28-03-2014,21350,21674,21151,21459.15039,21137.75781,9983
31-03-2014,21685,21988.80078,21459.15039,21788.75,21462.42188,7958
01-04-2014,21810.69922,21974.90039,21610,21669.34961,21344.80273,5416
02-04-2014,21910,22344,21651.25,22276.34961,21942.71289,16004
03-04-2014,22399,22399.19922,21931,22216.94922,21884.20313,10453
04-04-2014,22222,22477.80078,22010,22379.90039,22044.71484,10538
07-04-2014,22326.75,22488,22251,22290.69922,21956.85156,6469
09-04-2014,22305,22525,22180,22388.25,22052.93945,4261
10-04-2014,22599,22749,21969.94922,22146.75,21815.05664,12285
11-04-2014,22200,22998.90039,22140,22837.34961,22495.30859,11515
15-04-2014,22850,23500,22800.05078,23464.19922,23112.7793,16263
16-04-2014,23400,23690,23350,23454.94922,23103.66406,9293
17-04-2014,23450.25,23835,23450.25,23750.05078,23394.34766,12911
21-04-2014,23773.90039,23899,23350,23568.25,23215.26953,9145
22-04-2014,23600,25925.05078,21380,22228.59961,21895.67773,71887
23-04-2014,22088,22483.94922,21511,21697.40039,21372.43359,46676
24-04-2014,21697.40039,21697.40039,21697.40039,21697.40039,21372.43359,0
25-04-2014,21500,22000,20251,20428.5,20122.53906,48382
28-04-2014,20399,20924.94922,19816.09961,20656.34961,20346.97266,40884
29-04-2014,20735,20999,20525,20721.55078,20411.20117,10505
30-04-2014,20678,20890,20375,20528.55078,20221.09375,7578
02-05-2014,20575,20790.05078,20502.5,20714,20403.77148,6697
05-05-2014,20677,20930,20607,20641.05078,20331.90625,3462
06-05-2014,20642,20905,20642,20812.65039,20500.93555,5216
07-05-2014,20605,20925,20604.5,20761.25,20450.30664,7792
08-05-2014,20632,21392,20632,21287.94922,20969.11523,8068
09-05-2014,21290.09961,21498,21052,21417.19922,21096.43164,10443
12-05-2014,21450,21747,21410.05078,21602.25,21278.70898,6906
13-05-2014,21675,21784.94922,21200,21404.80078,21084.21875,6127
14-05-2014,21409,22046.94922,21259,21902.30078,21574.26563,9202
15-05-2014,21902.15039,22029.94922,21510,21584.75,21261.46875,6651
16-05-2014,21950,22670,21715,22222.80078,21889.9707,9590
19-05-2014,22161,23000,22161,22820.19922,22478.41602,4635
20-05-2014,22905,23002.19922,22567.30078,22775.90039,22434.78125,5187
21-05-2014,22769,22975,22401,22445.30078,22109.13477,7873
22-05-2014,22542.94922,23045,22542,22833.44922,22491.47266,5556
23-05-2014,22850,23278.59961,22850,23143.5,22796.87695,5095
26-05-2014,23200,23390,22750.05078,23076.44922,22730.82813,9200
27-05-2014,23098,23100,22550,22731.69922,22391.24219,5540
28-05-2014,23020,23020,22551,22880.94922,22538.26563,10582
29-05-2014,22800,23098.80078,22800,22936.09961,22592.58398,2554
30-05-2014,22710,22920,22653.05078,22733.30078,22392.82422,3759
02-06-2014,22506,23130,22506,23009.15039,22664.54297,5101
03-06-2014,22985,23300,22950,23198.44922,22851.00781,3628
04-06-2014,23189.40039,23300.05078,23055.09961,23142.40039,22795.79688,2060
05-06-2014,23012,23921.65039,23012,23848.40039,23491.2207,7363
06-06-2014,23900.05078,24548,23900.05078,24340.19922,23975.65234,9635
09-06-2014,24150,24635,24122,24585.90039,24217.66992,4142
10-06-2014,24560,24634.65039,24192.94922,24242.75,23879.6582,6130
11-06-2014,24265.05078,24599,23655,23785.30078,23429.06445,7476
12-06-2014,23784,24085,23705.59961,23866.94922,23509.49414,2877
13-06-2014,23800,24079.15039,23200,23279.05078,22930.40039,5082
16-06-2014,23250,23410,22448.94922,22804.59961,22463.05469,6487
17-06-2014,22801.69922,23550,22801.69922,23469.30078,23117.79688,5179
18-06-2014,23400,23888,23400,23483.90039,23132.17773,5118
19-06-2014,23332,23749.94922,23200,23312.15039,22963.00195,2692
20-06-2014,23263,23500,23110.05078,23180.5,22833.32031,1916
23-06-2014,23300,23697.94922,23250,23610.90039,23257.27344,4893
24-06-2014,23601,24048,23601,23798.05078,23441.625,5502
25-06-2014,23521,23950,23406,23490.59961,23138.78125,5333
26-06-2014,23580,23687,22986.94922,23159.09961,22812.24609,10634
27-06-2014,23340,23550,23110.5,23176.30078,22829.18359,5171
30-06-2014,23199.59961,23670,23199.59961,23611.59961,23257.9668,3791
01-07-2014,23699.80078,23775,23500,23649.75,23295.54297,2941
02-07-2014,23750,24034.5,23658.84961,23866.05078,23508.60742,8725
03-07-2014,23875,24049,23550,23732.40039,23376.95508,3469
04-07-2014,23970,23970,23572.59961,23742.44922,23386.85156,3614
07-07-2014,23750,23859.94922,23540,23620.84961,23267.07813,2195
08-07-2014,23750,23750,22766,22957.75,22613.91016,4275
09-07-2014,23001,23250,22651.05078,22833.59961,22491.62305,4559
10-07-2014,22801.25,23132.80078,22050,22445.05078,22108.88867,10259
11-07-2014,22500,22660,21360.05078,21617.09961,21293.33203,7696
14-07-2014,21617.09961,21899,21001,21513.90039,21191.68164,4221
15-07-2014,21655,21988,21610,21906.75,21578.6543,3130
16-07-2014,22460,22924.15039,21625,22821.30078,22479.50195,10086
17-07-2014,22700,23350.09961,22700,23288.55078,22939.75781,7536
18-07-2014,23099,23474.94922,22880,23311.65039,22962.50586,6292
21-07-2014,23335.09961,23549,23130.05078,23211.84961,22864.19727,3476
22-07-2014,23399,23399,22905,22992.05078,22647.69531,4349
23-07-2014,22999,24768.65039,22450,24332.30078,23967.87891,59158
24-07-2014,24499,24680.65039,23701.19922,23858.09961,23500.76758,19603
25-07-2014,24089,24089,23336.59961,23719.69922,23364.44531,5951
28-07-2014,23725,23990,23500,23594.44922,23241.07227,3640
30-07-2014,23551,23749,23312,23584.65039,23231.42383,3682
31-07-2014,23600,23675,23255.75,23337.19922,22987.67969,4987
01-08-2014,23265,23950,22999.94922,23324.15039,22974.82227,9108
04-08-2014,23280.09961,23750,23280.09961,23694.55078,23339.67383,4992
05-08-2014,23626,23899,23500,23788.40039,23432.12305,3552
06-08-2014,23555.19922,23868.94922,23430,23524.25,23174.8457,6894
07-08-2014,23484.25,23685,23350.05078,23585.05078,23234.74805,4190
08-08-2014,23504,23749.84961,23360,23434.34961,23086.2832,2867
11-08-2014,23795,23797.94922,23238,23360.19922,23013.23047,4763
12-08-2014,23336,23599,23336,23399.84961,23052.29102,3665
13-08-2014,23360,23567.80078,23275,23329.65039,22983.14063,3867
14-08-2014,23300,23470,23260,23364.94922,23017.91406,1704
18-08-2014,23300,24150,23275.05078,24097.94922,23740.02539,5525
19-08-2014,24050,24444,23815.15039,24315.55078,23954.39648,5648
20-08-2014,24299,24299,24020.05078,24163.80078,23804.90039,3215
21-08-2014,24165,24345,24025,24214.84961,23855.1875,3649
22-08-2014,24250,24400,24199.25,24325.15039,23963.85352,2579
25-08-2014,24325.15039,24379.94922,24065,24112.90039,23754.75,2870
26-08-2014,24005.05078,24211.94922,23900,24047.30078,23690.12695,3073
27-08-2014,24112.90039,24320,24002.05078,24255.40039,23895.13867,2907
28-08-2014,24013,24270,23953.15039,24030.94922,23674.02344,2561
01-09-2014,24114.44922,25299,24080,25264.15039,24888.9082,14553
02-09-2014,25201,25850,25201,25607.15039,25226.80664,10606
03-09-2014,25600,25797.84961,25151.05078,25605.5,25225.18945,12641
04-09-2014,25578,27104.40039,25325.05078,26721.15039,26324.26563,21789
05-09-2014,26730,27561,26525,27159.69922,26756.30469,18623
08-09-2014,27170,31099,27159.69922,29580.69922,29141.34375,70854
09-09-2014,29735,30299.90039,29625,29907.59961,29463.38672,32100
10-09-2014,29897,31513.84961,29701,31058.80078,30597.48828,47833
11-09-2014,31200,31700,31010,31260.40039,30796.09375,33972
12-09-2014,31001,31774.90039,31001,31184.90039,30721.71289,20476
15-09-2014,31133,31849.84961,31010.05078,31426.75,30959.97461,18237
16-09-2014,31570,32098.69922,30150,30292,29842.07422,32147
17-09-2014,30695,31440,30013,31307,30841.99805,31288
18-09-2014,31101,31739.75,31005,31523.69922,31055.47852,18562
19-09-2014,31570,32120.05078,31450,31748.5,31276.94727,16044
22-09-2014,31599,31950,31337,31601.25,31131.88477,11229
23-09-2014,31660,31850,30900,30977.15039,30517.04883,14425
24-09-2014,31012,31470.05078,30701,31340.59961,30875.09961,11627
25-09-2014,31261,31608,30850,30963.30078,30503.40234,12503
26-09-2014,31050,31400,29848,30745.69922,30289.03711,18567
29-09-2014,30800,31190,30708.25,31036.05078,30575.07813,8361
30-09-2014,30950,32880,30868.55078,32681.94922,32196.52734,37941
01-10-2014,32650.25,32900.05078,31550,31674.25,31203.79492,18459
07-10-2014,31798,32285,31499.65039,31853.30078,31380.18555,15962
08-10-2014,31830,32282,31656,32090.34961,31613.71875,10932
09-10-2014,32220,32397.84961,31935.05078,31977.44922,31502.49609,6864
10-10-2014,31950,32348,31586,31675.84961,31205.36719,9986
13-10-2014,31540,31859.94922,31533.19922,31662.90039,31192.61523,6397
14-10-2014,31899,32000,31011.09961,31217.44922,30753.77734,9998
15-10-2014,31217.44922,31217.44922,31217.44922,31217.44922,30753.77734,0
16-10-2014,31209,31575,30132.75,30482.90039,30030.14063,12136
17-10-2014,30301,30900,30113,30323.19922,29872.81445,6907
20-10-2014,30933,30933,30135,30240.05078,29790.90234,5422
21-10-2014,30266.05078,30960,30222,30634.15039,30179.14648,12106
22-10-2014,30840,30900,30633.94922,30747.80078,30291.10742,4148
27-10-2014,30949,31000,30610,30742.5,30285.88477,5710
28-10-2014,30712,31239.90039,30674,31067.25,30605.8125,6874
29-10-2014,31151.09961,31258,30922.19922,31071.44922,30609.94141,5193
30-10-2014,31100,31298,30775,30897.19922,30438.28516,26326
31-10-2014,30999,31774,30952,31315.65039,30850.52148,8708
03-11-2014,31450,32029.94922,31320.05078,31828.25,31355.50977,9882
05-11-2014,31555,32720,31555,32428.80078,31947.14258,13324
07-11-2014,32590,32667,32101,32336.30078,31856.00781,5103
10-11-2014,32299,32741,32203.19922,32380.84961,31899.90039,6451
11-11-2014,32450,32700,32245,32634.55078,32149.83398,6156
12-11-2014,32675,33390,32145.34961,32286.09961,31806.55469,31378
13-11-2014,32499.90039,32500,32050.5,32244.75,31768.77148,5315
14-11-2014,32260,32606.40039,32215.65039,32355.25,31877.64648,7441
17-11-2014,32679.80078,32770,32210,32621.19922,32139.66602,6337
18-11-2014,32663,33400,32440,32618,32136.51953,6945
19-11-2014,32798.85156,33049.80078,31666,32095.80078,31622.02148,11759
20-11-2014,32271.55078,32300,31700.05078,32044.90039,31571.87305,5399
21-11-2014,31950,32050,31600,31676.05078,31208.4707,7480
24-11-2014,31700.09961,32222.05078,31700.09961,31921.69922,31450.49805,6207
25-11-2014,31990,32178.90039,31520,31714.25,31246.10352,7214
26-11-2014,31860,33379.94922,31725,32989.69922,32502.72852,47448
27-11-2014,33400,33675,32880,33151.19922,32661.8457,24604
28-11-2014,33298,33980,33200.05078,33543.69922,33048.53906,15032
01-12-2014,33601.10156,33849.94922,33470,33532.75,33037.75781,7839
02-12-2014,33699,34400,33450,34281.44922,33775.39844,17395
03-12-2014,34330,37697,34225.10156,37496,36942.51172,60690
04-12-2014,37780,39499,37250.19922,37615.25,37059.99219,73538
05-12-2014,37900,38623.05078,37719.05078,38051.89844,37490.19922,21190
08-12-2014,38150,38640,37400,37831.64844,37273.20703,19849
09-12-2014,37879.89844,38180,36418,37073.25,36526.00391,23160
10-12-2014,37070,37568,36798.25,37224.19922,36674.72266,13632
11-12-2014,37453,38024.94922,36535.05078,37674.80078,37118.67578,21434
12-12-2014,37900,38176,37399.94922,37747.39844,37190.19141,12657
15-12-2014,37400,38062.69922,37369.89844,37880.14844,37320.98047,11312
16-12-2014,37514,37899,37025,37210.94922,36661.67188,12109
17-12-2014,37000.10156,37300,34565.10156,35561.25,35036.32031,27540
18-12-2014,35940,37351,35653.44922,37146.19922,36597.86719,21610
19-12-2014,37599,38314,36700,37871.14844,37312.12109,18894
22-12-2014,38005,38196.94922,37223.94922,37472.64844,36919.50391,12180
23-12-2014,37540,37698,36820.19922,36935.64844,36390.43359,11739
24-12-2014,36999,37250,35786,36186.44922,35652.29688,27999
26-12-2014,36499,37271.35156,36210,36442.94922,35905.00391,7358
29-12-2014,36719.89844,38490,36501,38414.44922,37847.39844,30912
30-12-2014,38411,38650,37800,37923.80078,37364.00391,16378
31-12-2014,37923.80078,38455.10156,37531.89844,37918.55078,37358.82422,14571
01-01-2015,37950,38320,37848.35156,37981.35156,37420.69141,9595
02-01-2015,38150,38400,37981,38192.25,37628.47266,11099
05-01-2015,38299,39390,38000,38477.30078,37909.33594,38178
06-01-2015,38350,38350,37350,37460,36907.03906,15734
07-01-2015,37499,37724.94922,37011,37381.05078,36829.25,10795
08-01-2015,37790,38200,37712.55078,38076.5,37514.44531,13462
09-01-2015,38400,38489.5,37500,37707.25,37150.64844,11069
12-01-2015,37799,38300,37611,38094.44922,37532.10938,11590
13-01-2015,38150,38400,38002.35156,38170.10156,37606.66406,9242
14-01-2015,38180,38388,37925.85156,38235.35156,37670.95313,8681
15-01-2015,38460.35156,38798,38011.14844,38321.39844,37755.73047,11451
16-01-2015,38400,39874.05078,38140,39161.75,38583.67188,24081
19-01-2015,38925,39950,38925,39496.10156,38913.09766,17565
20-01-2015,39700,39980,39400.10156,39513.19922,38929.9375,15524
21-01-2015,39540,39679.94922,38800.05078,38902.64844,38328.39063,8900
22-01-2015,38999,39485.55078,38959,39146.55078,38568.69531,10228
23-01-2015,39550,39599,38420,38728.14844,38156.47266,10573
27-01-2015,39005,40250,38801.44922,39944.60156,39354.96875,20521
28-01-2015,40049,40307,39501.5,39729.55078,39143.08203,9457
29-01-2015,39900,40100,39599,39901.5,39312.5,8400
30-01-2015,40000,40290,39651,40036.89844,39445.89844,7726
02-02-2015,40000,40480,39900.05078,40218.25,39624.57422,7555
03-02-2015,40397,41150,40253.55078,40623.39844,40023.73828,16966
04-02-2015,40674,40850,39700,40056.30078,39507.80469,8193
05-02-2015,40150,40268,39650,39729.10156,39185.08203,4235
06-02-2015,39850,39974,38500,38837.39844,38305.60547,7886
09-02-2015,38849.89844,38849.89844,37111,37290.10156,36779.48828,9430
10-02-2015,37496,38299,35520,36648.94922,36147.125,17124
11-02-2015,37199,38048,37000,37877.25,37358.59766,15305
12-02-2015,38290,41664.94922,38000,40755.25,40197.1875,59601
13-02-2015,41540,41782,40250.10156,40585.5,40029.75391,26119
16-02-2015,40750,41470,40566,40994.64844,40433.30469,15540
18-02-2015,41199,41700,40670.35156,41445.94922,40878.4375,10466
19-02-2015,41687,41687,40330,41119,40555.94922,9764
20-02-2015,41349,41349,40638.64844,40945.75,40385.07813,7555
23-02-2015,40949,41158,40420,40550.75,39995.48438,5923
24-02-2015,40640,41180,40488.89844,40874.69922,40314.99609,6536
25-02-2015,40800,41130.10156,40710.64844,40912.30078,40352.08984,7821
26-02-2015,40950,40998,39551.19922,39833.80078,39288.35547,18102
27-02-2015,40048,41450,40000,41200.75,40636.58984,13165
28-02-2015,null,null,null,null,null,null
02-03-2015,41305,42474.89844,40787.05078,42286.19922,41707.16797,17509
03-03-2015,42300,42365.85156,41750.60156,41975.19922,41400.4375,10024
04-03-2015,41474.89844,42149,41160,41323.89844,40758.05469,9595
05-03-2015,41448,41940,41204.35156,41634.19922,41064.10156,7062
09-03-2015,41500,41500,40912.35156,41065.35156,40503.04688,4418
10-03-2015,41423.94922,41547.69922,41149.05078,41262.25,40697.23828,7050
11-03-2015,41350,41924,41201.80078,41451.75,40884.15234,6071
12-03-2015,41550,41850,41429,41651.25,41080.91797,6049
13-03-2015,41784,41840,40100,40241.44922,39690.42578,10038
16-03-2015,40300,40499.35156,39698.10156,40160.94922,39611.02734,10671
17-03-2015,40299,40700,40003,40459.69922,39905.68359,5397
18-03-2015,40695,40763.94922,40313,40555.10156,39999.77734,4375
19-03-2015,41178.60156,41178.60156,40150,40298.30078,39746.48438,6393
20-03-2015,40400,40594.75,39697.05078,39891.05078,39344.81641,5935
23-03-2015,40000,40196.14844,38065.05078,38471.89844,37945.10156,10310
24-03-2015,38510,38999,37586.89844,37714,37197.58594,9230
25-03-2015,38010,38010,37350,37610.94922,37095.94531,12640
26-03-2015,37400,37549,37003.30078,37150.5,36641.79297,10750
27-03-2015,38000,38000,36908.30078,37661.89844,37146.19922,7681
30-03-2015,37965,39134.89844,37850,38829.60156,38297.90625,8712
31-03-2015,38999,39450,38551.5,38750.64844,38220.03516,9714
01-04-2015,38850,39660.39844,38405.30078,39557,39015.34766,7711
06-04-2015,39986,40080,39516.10156,39891.35156,39345.11328,4780
07-04-2015,39850,40753.69922,39547.30078,40612.19922,40056.08984,9166
08-04-2015,40924,41093,40550,40865.14844,40305.58984,7299
09-04-2015,40940,41109.89844,40500.05078,40831.25,40272.15234,6553
10-04-2015,40900,41450,40450.14844,41326.89844,40761,8441
13-04-2015,41499,41990,41300,41856.10156,41282.95313,8456
15-04-2015,41950,41979.94922,41405.05078,41561.05078,40991.95703,4894
16-04-2015,41501,41740,41009.64844,41559.55078,40990.47266,5894
17-04-2015,41684.25,41884.60156,40700.05078,41014.44922,40452.84375,6622
20-04-2015,41390,41390,39753.05078,39911.55078,39365.04297,8571
21-04-2015,40000,40332.94922,38925.10156,39068.39844,38533.43359,10453
22-04-2015,39389,39499,38201.5,38739.89844,38209.4375,13941
23-04-2015,38980,40609,38950.5,40014.25,39466.32422,49516
24-04-2015,40255,40388,38701.05078,38944.55078,38411.28125,20820
27-04-2015,38900,39199.89844,37000,37148.25,36639.57422,13346
28-04-2015,37185.55078,38049.94922,36675.05078,37315.14844,36804.18359,18750
29-04-2015,37350,37625,36880,37025.60156,36518.60938,9515
30-04-2015,36924,37089,36402.14844,36664.14844,36162.11328,16100
04-05-2015,37000,37950,36801,37813.30078,37295.53516,11178
05-05-2015,37813,38098.89844,37640.44922,37881.80078,37363.08203,4729
06-05-2015,37690,37850,36160.89844,36345.69922,35848.01953,10909
07-05-2015,36299.85156,36300.05078,34702,35003.10156,34523.8125,18142
08-05-2015,35288,36150,35286.94922,35902.44922,35410.83594,7340
11-05-2015,36102,36873.44922,36011.14844,36715.5,36212.75391,8453
12-05-2015,36705,36848.94922,35205.55078,35402.64844,34917.86719,7855
13-05-2015,35550,36330,35261,36140.55078,35645.67578,11067
14-05-2015,36589,36589,35400,36452.25,35953.10547,8303
15-05-2015,36687,36800,36300,36513.55078,36013.55859,5527
18-05-2015,36450,37350,36450,37187.25,36678.03906,10926
19-05-2015,37100,37277.55078,36001.10156,36219.69922,35723.73828,11900
20-05-2015,36351,36534.94922,35656,35922,35430.125,10331
21-05-2015,36090,36270,35645,35762.85156,35273.14844,6130
22-05-2015,35991,36001,35580.05078,35675.5,35186.98828,5129
25-05-2015,35675,36100,35500,35572.25,35085.15234,6353
26-05-2015,35800,35980,35501,35559.10156,35072.1875,4581
27-05-2015,35590,35946.94922,35118.35156,35740.94922,35251.55078,7335
28-05-2015,35750,36000,35280,35381.69922,34897.21094,6443
29-05-2015,35310,36002,35310,35874.30078,35383.07422,7513
01-06-2015,36200,36380,35860.5,36029.30078,35535.94141,5403
02-06-2015,36150,36199,34343,34613.30078,34139.34766,9303
03-06-2015,34799,34989,33879.94922,34748.89844,34273.08594,8633
04-06-2015,34899,34999.89844,34000,34706.75,34231.51953,7349
05-06-2015,34500,34785.94922,34200,34353.39844,33882.99219,3942
08-06-2015,34353.39844,34399,33761,33832.35156,33369.06641,4927
09-06-2015,33715,34059,32502,32765.30078,32316.64844,10185
10-06-2015,33000,33475.14844,32900,33285.14844,32829.38672,9217
11-06-2015,33535,33750,31680,31856.40039,31420.18945,14726
12-06-2015,31995,32149.90039,31360,31878.05078,31441.54492,8506
15-06-2015,31910.09961,32490.30078,31502.05078,32219.15039,31777.97461,7449
16-06-2015,32200,32490,31901,32401.25,31957.58203,5565
17-06-2015,32446.55078,33534.94922,32446.55078,33032.55078,32580.24023,14035
18-06-2015,33150,33350,32810,33006.35156,32554.39453,4861
19-06-2015,33000.05078,33673.39844,33000.05078,33225.35156,32770.39063,5975
22-06-2015,33300,33950,32900,33811.5,33348.52344,9398
23-06-2015,33850,34440,33814,34227.44922,33758.76172,12198
24-06-2015,34227,34549,33565.14844,33807.5,33344.58203,5743
25-06-2015,33600.5,34030,33500,33760.35156,33298.0625,9508
26-06-2015,33780,33970,33500,33742.64844,33280.61328,6292
29-06-2015,33300,33500,32600.94922,33229.44922,32774.42188,7182
30-06-2015,33000,34400.05078,32920.25,34230.85156,33762.12891,8837
01-07-2015,34199,35170,34031.14844,34756.35156,34280.42578,13239
02-07-2015,34850,35235,34693.85156,34807.89844,34331.27734,9762
03-07-2015,35000,35198,34660.05078,34860.80078,34383.44922,5847
06-07-2015,34000,34939.94922,33787.44922,34837.60156,34360.55859,6105
07-07-2015,35000,35500.64844,34837,35102.19922,34621.53516,10000
08-07-2015,35100,35350,34699.94922,34928.05078,34449.78516,7929
09-07-2015,34999,35500,34999,35166.30078,34684.76172,6615
10-07-2015,35299,35600,35080.94922,35199.85156,34717.85938,4546
13-07-2015,35400,35790,34851.30078,35714.5,35225.47266,10799
14-07-2015,35948.85156,35948.85156,35350,35486.10156,35000.17969,5496
15-07-2015,35600,35888,35520,35646.80078,35158.69141,6461
16-07-2015,35900,36268,35600,36101.30078,35606.95703,7772
17-07-2015,36199,36399,36110,36217.69922,35721.76953,8249
20-07-2015,36370,36750,36206.10156,36598.5,36097.35547,6498
21-07-2015,36580,36845,36011.25,36154.85156,35659.77734,8268
22-07-2015,36299.85156,36546.94922,36200,36358.44922,35860.59375,6335
23-07-2015,36524.94922,38299.94922,36524.94922,38094.25,37572.625,19862
24-07-2015,38155.30078,39199.94922,38155.30078,38531.55078,38003.94141,22726
27-07-2015,38700,40100,38001,38986.10156,38452.26563,66489
28-07-2015,39387,39570.89844,38911.05078,39286.10156,38748.15625,14637
29-07-2015,39445,39800,39301,39504.85156,38963.90234,10506
30-07-2015,39777,39809.94922,39256,39402.69922,38863.15234,7533
31-07-2015,39550,41179.94922,39240,40839.25,40280.04688,16848
03-08-2015,41399.94922,42750,40910,42554.69922,41972,29745
04-08-2015,42699,46079.94922,42500,45699.89844,45074.13281,51033
05-08-2015,45699.89844,46399,44952,45384.64844,44763.19922,31505
06-08-2015,45384,45444,44590,44764.75,44154.71094,13216
07-08-2015,44801,45499,44621.05078,44922.39844,44310.20703,18023
10-08-2015,44901,45325.60156,44250,44510.75,43904.16797,9673
11-08-2015,44420,44600,41250,42540.94922,41961.21094,23911
12-08-2015,42000,42290,41301,41518.94922,40953.14844,17464
13-08-2015,41690,42640.39844,41591.94922,41854.25,41283.85938,13040
14-08-2015,42088,42920,42030,42567.64844,41987.53906,13375
17-08-2015,42600,43189.05078,42200,42597.44922,42016.94531,9371
18-08-2015,42942.89844,44398,42671.10156,44138.10156,43536.58984,13425
19-08-2015,44266,44500,43651.10156,44053.80078,43453.44531,13203
20-08-2015,44074,44671.55078,43210,43446.25,42854.17969,12185
21-08-2015,43200,43603.05078,41800,43388.60156,42797.3125,13184
24-08-2015,42700,42700,38000.19922,38788.94922,38260.33984,24954
25-08-2015,39880,40250,36679.05078,39882.80078,39339.28906,30120
26-08-2015,39900,40549.69922,38822.60156,40069.75,39523.6875,24497
27-08-2015,40500,41500,40500,40907.85156,40350.36328,17189
28-08-2015,41550,41749.89844,40699,41007.60156,40448.75781,16890
31-08-2015,41007.60156,41449,39888,40392.19922,39841.74609,7629
01-09-2015,40199,40237.75,39020.19922,39684.5,39143.6875,18614
02-09-2015,39858,40544.30078,39656.05078,40263.35156,39714.66016,12230
03-09-2015,40325,40769.94922,40150,40258.75,39710.11719,9436
04-09-2015,40050,40051,38450,38678.10156,38151,17021
07-09-2015,38680,38927.60156,37768,38005.19922,37487.26563,7879
08-09-2015,38000,39547.5,37689.30078,39328.60156,38792.64844,11752
09-09-2015,39560,40178.35156,39220,39526.64844,38987.98828,7510
10-09-2015,38731,40800,38501.05078,40614,40060.52734,16595
11-09-2015,40800,41546.64844,40001.05078,40536.19922,39983.77344,9765
14-09-2015,40540.44922,41000,40152.39844,40815.60156,40259.375,6425
15-09-2015,40650,41199,39849.89844,40240,39691.62109,10425
16-09-2015,40261,40520,39500,39873.44922,39330.06641,12667
18-09-2015,40187,40500,40017.60156,40166.5,39619.11719,9294
21-09-2015,40299,41580,39810,41418.75,40854.3125,16371
22-09-2015,41420,41799,40866,41442.55078,40877.78125,21202
23-09-2015,40759,41228.39844,40520.10156,40935.44922,40377.58594,6388
24-09-2015,40999.89844,41544,40872.80078,41262.19922,40699.87891,7713
28-09-2015,41600,41990,41009.44922,41242.94922,40680.90234,6615
29-09-2015,40700,42068,40700,41574.05078,41007.47656,7602
30-09-2015,41998,42185,41651,41935.94922,41364.45313,6592
01-10-2015,42000,42225,41400.14844,41629.85156,41062.53516,5417
05-10-2015,41724.89844,43562,41618,42877.75,42293.41016,14409
06-10-2015,43100.05078,43500,42455.60156,42549.64844,41969.79688,10762
07-10-2015,42550,42969.94922,42400,42587.80078,42007.42188,5104
08-10-2015,42650,42830,41580.05078,41895.89844,41324.94922,9062
09-10-2015,41930.05078,42590,41220,41373.80078,40809.97266,9340
12-10-2015,41410,41575,40797.89844,41104.64844,40544.48828,9874
13-10-2015,41397.60156,41464,40949.94922,41180.5,40619.30078,5714
14-10-2015,41279.94922,41480,41050,41254.75,40692.53516,4728
15-10-2015,41300,42147,41300,41848.89844,41278.57813,5489
16-10-2015,41951,42330,41720.19922,41899,41328.01563,5778
19-10-2015,42060,42060,41666.10156,41914.80078,41343.58984,4304
20-10-2015,42070,42587.94922,41900,42172.89844,41598.17969,5936
21-10-2015,42026.60156,42379,42026.60156,42225.85156,41650.40234,4672
23-10-2015,42302,42898,42302,42631.10156,42050.12891,5706
26-10-2015,42700,42887.69922,42063,42237.19922,41661.60156,6702
27-10-2015,42070,42240.05078,41500,41578.39844,41011.76953,8802
28-10-2015,41300,41990,41105.10156,41248.05078,40685.92969,5291
29-10-2015,41370,42244.94922,40501,40659.85156,40105.75,54271
30-10-2015,40675,41047.5,39510,39751.39844,39209.67969,13081
02-11-2015,39888,39888,39111,39358.80078,38822.42188,7442
03-11-2015,39744,40200,39510,39731.60156,39190.14063,5738
04-11-2015,40050,40050,38900.5,39019.85156,38488.09766,8203
05-11-2015,39174,39174,38340,38556.39844,38030.94922,6625
06-11-2015,38355,38888,38200,38512.35156,37987.51563,13957
09-11-2015,38000,39339.94922,37734.69922,38966.69922,38435.66797,5265
10-11-2015,39000,39197.94922,38020,38102.85156,37586.48438,4756
13-11-2015,38000,38500,37777.10156,38377.94922,37857.85547,5892
16-11-2015,38416.5,38599.94922,37800,38017.75,37502.54688,6267
17-11-2015,38240,39949,38134.44922,39530.05078,38994.33984,11203
18-11-2015,39539,39881.44922,38800.05078,38932.10156,38404.49609,7357
19-11-2015,39147,39599,39100,39333.05078,38800.01953,4342
20-11-2015,39349.85156,39549,39000,39381.89844,38848.19141,3635
23-11-2015,39101,39690,39073.39844,39174.39844,38643.50781,2475
24-11-2015,39100,39459.75,38852,38953.60156,38425.70703,3021
26-11-2015,39200,39299.89844,38491.25,38664.69922,38140.72266,26495
27-11-2015,38860.5,39740,38860.5,39430.75,38896.39453,7565
30-11-2015,39333,39642.75,38810,38850,38323.51172,5873
01-12-2015,39090,39479.44922,38600,39237.39844,38705.65625,4465
02-12-2015,39338,39800.05078,39113.05078,39281.80078,38749.45703,3409
03-12-2015,39100,39319.64844,39000,39151.30078,38620.71875,2946
04-12-2015,39149,39775,38919.14844,39630.80078,39093.72656,6412
07-12-2015,39602.5,39725,39105,39171.14844,38640.29297,3059
08-12-2015,39052.14844,39687,39052.14844,39215.05078,38683.61328,2503
09-12-2015,39205,39342.35156,38832,39045.60156,38516.45313,4418
10-12-2015,39045,39575,39014,39443,38908.48047,2852
11-12-2015,39302,39985,39154.5,39414.39844,38880.26172,5430
14-12-2015,39100,39400,38178.05078,38602.64844,38079.51172,6606
15-12-2015,38941.94922,38999.89844,38600,38790.60156,38264.91406,2466
16-12-2015,38880,39226.10156,38613.39844,38732.60156,38207.70703,3405
17-12-2015,38840,39299,38702.25,39143.94922,38613.47266,3322
18-12-2015,39140,39399.89844,38960.30078,39162.94922,38632.21094,4519
21-12-2015,38987,39328.44922,38987,39213,38681.59766,1704
22-12-2015,39213,39705.39844,39101,39175.30078,38644.39063,3321
23-12-2015,39200,39599.89844,39200,39287.85156,38755.42578,1729
24-12-2015,39107,39650,39107,39539.60156,39003.76953,2232
28-12-2015,39585,39986,39585,39659.75,39122.29297,3026
29-12-2015,39700,39961.25,39656.05078,39784.89844,39245.74219,2639
30-12-2015,39799.94922,39932,39681.25,39792.35156,39253.09375,2992
31-12-2015,39941,40058.75,39403.05078,39877.5,39337.08594,4678
01-01-2016,40092.35156,41424.64844,39877.10156,40552.14844,40002.59375,6316
04-01-2016,40400,40748,40248.64844,40505.85156,39956.92969,2921
05-01-2016,40600,40688,40321.80078,40593.25,40043.14453,1951
06-01-2016,40643,41200.05078,40297.60156,40419.19922,39871.4375,4594
07-01-2016,40249,40249,39001,39066.25,38536.83203,4983
08-01-2016,39155,39470.85156,38510.05078,38638.55078,38114.9375,4941
11-01-2016,38580,39154.5,38066,38978.64844,38450.41797,2933
12-01-2016,39041,39233.55078,38700,38875.94922,38349.10547,2333
13-01-2016,39007,39181.75,37850.5,38443.75,37922.75,4089
14-01-2016,38349,38531.05078,37890.19922,38179.10156,37661.70313,1903
15-01-2016,38300,38480,37500,37688.05078,37177.30859,2835
18-01-2016,37311,37950,36000,36193.19922,35702.71484,4059
19-01-2016,36225,36800,35540,36362,35869.23047,3452
20-01-2016,36180,36180,34620,35040.25,34565.39063,7301
21-01-2016,35670,35679.94922,34500.05078,34909.10156,34436.02344,4251
22-01-2016,35150.64844,36450,35150.64844,36236.30078,35745.23047,4704
25-01-2016,36600,38198.94922,35516.35156,36125.05078,35635.48828,28052
27-01-2016,36270,36300,35650,35761.05078,35276.42578,6205
28-01-2016,36080,36080,35402,35732.94922,35248.70703,10884
29-01-2016,35700,35990.5,35300,35626.25,35143.44141,7688
01-02-2016,35700,36100,34015.30078,34313.05078,33848.05078,7872
02-02-2016,34100,35095,34000.10156,34618.75,34149.60938,7620
03-02-2016,34300,34479.39844,34002,34201.25,33737.76172,5986
04-02-2016,34540,34798.89844,33475.05078,33725.39844,33268.35156,6707
05-02-2016,33750.25,34350,33456.10156,34180.35156,33717.14063,4040
08-02-2016,34180.35156,34750,33785.05078,34140.14844,33677.49609,4057
09-02-2016,33900,34100,33600,33656.10156,33199.99219,2474
10-02-2016,34000,34500.69922,33200,33825.35156,33366.94141,12515
11-02-2016,33501.10156,34100,31802.05078,32304.90039,31867.10547,9773
12-02-2016,33199.94922,33199.94922,31183.19922,31811.84961,31380.74023,7938
15-02-2016,32299,33499.39844,32299,33317.64844,32866.125,5158
16-02-2016,33843,33843.05078,33066,33227.55078,32777.25,5308
17-02-2016,33499,33597.44922,32601,33342.30078,32890.46094,5692
18-02-2016,33600,33788.69922,33120.19922,33435.05078,32981.94141,3963
19-02-2016,33100,33810,33010,33602,33146.63672,2935
22-02-2016,33600,34087.44922,33425.39844,33729.89844,33272.78516,2621
23-02-2016,33729,34070,33464.60156,33589,33133.80859,3566
24-02-2016,33400.05078,33790,32515.05078,32764.40039,32320.38086,5353
25-02-2016,33074.85156,33074.85156,31834.30078,31977.69922,31544.3457,4969
26-02-2016,32444,32574.5,32100,32371.5,31932.80273,2198
29-02-2016,32597,32787.44922,31800,32547.05078,32105.97656,5158
01-03-2016,33200,34171.19922,32214,33854.89844,33396.10938,4387
02-03-2016,34200,35199.89844,33899.94922,34063.85156,33602.23047,8744
03-03-2016,34600,34600,33912,34066.05078,33604.39453,4991
04-03-2016,34290,34420,33624,34226.69922,33762.85938,3728
08-03-2016,34500,34575,34000,34455.85156,33988.91016,4297
09-03-2016,34640,34640,34090.94922,34405.39844,33939.14453,3377
10-03-2016,34600.05078,34600.10156,34210,34415.64844,33949.26563,3388
11-03-2016,34567,34798.94922,33949.94922,34499.80078,34032.26953,4655
14-03-2016,34600,34760,34334.19922,34601.75,34132.83594,2592
15-03-2016,34600,34607.60156,33910,34356.44922,33890.84375,6398
16-03-2016,34300,34360,33351.10156,33454.35156,33000.99219,7147
17-03-2016,33990,34100.05078,33500,33936.75,33476.84766,4815
18-03-2016,33900,34799,33900,34716.89844,34246.42188,7987
21-03-2016,34799,35030.05078,34501.25,34747.35156,34276.46094,4300
22-03-2016,34654,35298.94922,34450,34810.10156,34338.35156,6170
23-03-2016,34810,35543.94922,34600,35340.44922,34861.52344,8465
28-03-2016,35350.19922,36425,35230.10156,36159.80078,35669.76563,8607
29-03-2016,36149.85156,37110.05078,35750,36915.5,36415.22656,8080
30-03-2016,36990,38200.10156,36720.05078,37912,37398.22266,9671
31-03-2016,38044,39000,37859.94922,38296.75,37777.76563,14028
01-04-2016,38249.94922,38249.94922,37110.10156,37255.05078,36750.17578,5483
04-04-2016,37700,37700,36730,36844.64844,36345.33203,4163
05-04-2016,36800,37209.14844,35502,35742.14844,35257.77734,7376
06-04-2016,35799.89844,36600,35799.89844,36174.64844,35684.42188,5803
07-04-2016,36300,36532,35600,35791.05078,35306.01563,3568
08-04-2016,35707.44922,36089.89844,35313.80078,35468.25,34987.58594,5444
11-04-2016,35500.10156,35990,35136.89844,35800.69922,35315.53516,4798
12-04-2016,35870,36649.94922,35870,36269.75,35778.23047,9784
13-04-2016,36974,37000,36301,36595.80078,36099.85156,11221
18-04-2016,36300,36928,36141,36740,36242.11328,4193
20-04-2016,36850,37198,36700,36816.25,36317.31641,4642
21-04-2016,36940,37018.94922,35800,36012.80078,35524.75781,5223
22-04-2016,36000,36099,35414.05078,35541.94922,35060.29297,5823
25-04-2016,35500,35809.19922,35150,35404.89844,34925.09375,6137
26-04-2016,35500,35944,35400,35721.05078,35236.96484,3045
27-04-2016,35721,35846.94922,34630,34786.25,34314.83984,8962
28-04-2016,34990,35135,34000.05078,34113.10156,33650.80859,11105
29-04-2016,34350,34350,33555.44922,33787.75,33329.86328,10273
02-05-2016,33755,34750,33750,34187,33723.69922,8833
03-05-2016,34500,34944.35156,33201,33434.89844,32981.79297,31798
04-05-2016,33450,34095.60156,33300,33715.05078,33258.15234,9253
05-05-2016,33929.89844,33972.14844,33650,33835.89844,33377.35547,3695
06-05-2016,33880,33880,33400,33742.05078,33284.78906,3867
09-05-2016,33701.19922,33989.94922,33600.10156,33687.10156,33230.57813,5052
10-05-2016,33787,33844,33215,33333.39844,32881.67188,7771
11-05-2016,33290,33296.55078,32669,32848.14844,32402.99609,8083
12-05-2016,32805,33390,32600.05078,33297.39844,32846.15625,9344
13-05-2016,33297,33500,32850,32907.05078,32461.10156,3899
16-05-2016,33000,33156.10156,32610,33031,32583.375,5103
17-05-2016,33033.30078,33229.94922,32739.34961,32810.19922,32365.56055,3289
18-05-2016,32820,33100,32655,32874.39844,32428.88672,5231
19-05-2016,32800,32930.69922,32400,32579.19922,32137.6875,4674
20-05-2016,32579.19922,32699,31928,32005.80078,31572.05664,5332
23-05-2016,32205,32354.94922,31720,31783.80078,31353.07617,5300
24-05-2016,31790,31850,31002,31164.44922,30742.11523,10561
25-05-2016,31400,32070,31200,31965.40039,31532.20898,6196
26-05-2016,32000,32888,31913.55078,32553.05078,32111.89453,8835
27-05-2016,32700,33725,32652.05078,33542.19922,33087.64063,7921
30-05-2016,33719,33840,33222.10156,33447.89844,32994.62109,2884
31-05-2016,33575.85156,33999.89844,33301.10156,33774.44922,33316.75,5849
01-06-2016,33700,33879,33200,33341.94922,32890.11328,2861
02-06-2016,33305,33593,33101,33425.60156,32972.62109,3930
03-06-2016,33679.89844,33679.89844,33290,33427.64844,32974.63672,3984
06-06-2016,33500,33551.5,33150,33262.39844,32811.63672,1426
07-06-2016,33400,33456.69922,32790,33013.5,32566.10742,3400
08-06-2016,33319.89844,33319.89844,32523,32612.25,32170.29688,5160
09-06-2016,32700,32799.94922,32500,32546.44922,32105.38477,2255
10-06-2016,32550,32640,32085,32197.05078,31760.7207,4481
13-06-2016,32000,32192.94922,31901.65039,31982.65039,31549.23047,3867
14-06-2016,32000,32300,31890,31923.19922,31490.58398,3641
15-06-2016,31985,32200,31550.55078,31663.65039,31234.54297,5612
16-06-2016,31750,31825,31517,31595.19922,31167.02539,5178
17-06-2016,31750,31848,31251.05078,31332.25,30907.63672,5243
20-06-2016,31330,32350,31021,32246.94922,31809.93945,9127
21-06-2016,32378,32424,31702,31844.90039,31413.33789,3800
22-06-2016,31874.75,32150.94922,31500,31718.75,31288.90039,4146
23-06-2016,31740,31844.90039,31500,31676.90039,31247.61719,4284
24-06-2016,31499,31500,30101,31317.25,30892.8418,5841
27-06-2016,31340,31977.94922,31144.19922,31870.94922,31439.03711,2856
28-06-2016,32200,33150,31900,32941.89844,32495.48242,8766
29-06-2016,33298,33673.55078,32900,33519.19922,33064.95703,15103
30-06-2016,33740,33740,32850.94922,33077.64844,32629.38086,15793
01-07-2016,33077.64844,33900,33050,33656.64844,33200.53516,7303
04-07-2016,33699,35229,33699,35146.60156,34670.30078,15055
05-07-2016,35000.10156,35199.89844,34501,34746.19922,34275.32422,10171
07-07-2016,34944.89844,35400,34826.39844,35231.25,34753.79688,7606
08-07-2016,35231,35470,35000,35391.10156,34911.47266,6312
11-07-2016,35502.69922,35840.05078,35190.89844,35292.75,34814.46094,4305
12-07-2016,35350,35680,35174,35238.25,34760.70313,5404
13-07-2016,35370,35499.94922,34300,34490.05078,34022.64844,7764
14-07-2016,34510,34990,34092.5,34567.30078,34098.84375,5128
15-07-2016,34650,34828,34140,34221.85156,33758.07422,3995
18-07-2016,34350,34700,34154.25,34599.14844,34130.26953,8115
19-07-2016,34599,34940,34352.05078,34829.5,34357.48828,3656
20-07-2016,35000,35374.80078,34810.05078,35317.55078,34838.93359,3785
21-07-2016,35317.55078,35425,34111,34389.30078,33923.26172,5538
22-07-2016,34689.80078,34689.80078,34052.05078,34153.60156,33690.75391,5259
25-07-2016,34425,35084.10156,34220.05078,34668.05078,34198.23047,6166
26-07-2016,34898.89844,34923.89844,33628,33862.5,33403.60938,4821
27-07-2016,33990,34400,33738.94922,34026.10156,33564.98047,4308
28-07-2016,34250,34422.25,33900,34053.89844,33592.40234,3769
29-07-2016,34088.10156,34088.10156,33700,33844.14844,33385.49219,4274
01-08-2016,33960,34449,33650,33799.14844,33341.12109,9334
02-08-2016,33751,34189.25,33750.94922,33922.44922,33462.73047,9366
03-08-2016,34001,34935,33760,34605.85156,34231.73438,10148
04-08-2016,34935,35560,34550.05078,35315.39844,34933.60938,8309
05-08-2016,35325.5,37490,35325.5,37068.19922,36667.45703,28926
08-08-2016,37340,37540,36921.44922,37092.44922,36691.44922,8740
09-08-2016,37092.44922,37250,36001,36902.44922,36503.51172,8284
10-08-2016,37000,37099.94922,36001.05078,36716.85156,36319.91797,9823
11-08-2016,36410,37300,36000,36660.75,36264.42188,14507
12-08-2016,36210,36871.85156,35999.69922,36129.25,35738.66406,7954
16-08-2016,36000,36490.5,36000,36126.30078,35735.74609,4491
17-08-2016,36015,36907.5,36015,36525.05078,36130.1875,5045
18-08-2016,36526.75,36827.94922,36306,36553.94922,36158.78125,6253
19-08-2016,36553,36800,36012,36110.10156,35719.72266,5577
22-08-2016,36299,36299.89844,35299.94922,35485.60156,35101.97266,6810
23-08-2016,35485.60156,35849.94922,35323.30078,35744.25,35357.82031,8437
24-08-2016,35770,36490,35700,36300.30078,35907.86719,10758
25-08-2016,36303,36800,36200,36458.85156,36064.70703,10211
26-08-2016,36500,36863.35156,36212,36339.69922,35946.83594,8695
29-08-2016,36400,37590.10156,36400,37471.64844,37066.55469,15241
30-08-2016,37390,38087.94922,37288.25,37591.44922,37185.0625,13204
31-08-2016,37988.94922,37988.94922,37310.60156,37431.80078,37027.125,6960
01-09-2016,37750,37850,37099.5,37231.85156,36829.34766,5262
02-09-2016,37390,39000,37235,38852.55078,38432.52344,21168
06-09-2016,39000,39732.5,38903,39535.80078,39108.39063,14428
07-09-2016,39889.89844,40337,39550,39893.60156,39462.32031,16406
08-09-2016,39880,40380,39627.10156,40035.80078,39602.97656,9369
09-09-2016,40000,40549.85156,39826.80078,40201.5,39766.88281,13878
12-09-2016,39950,39950,38695.75,39100.19922,38677.50781,16133
14-09-2016,39110,41000,39100,40722.85156,40282.62109,17913
15-09-2016,40825,41874.69922,40825,41124,40679.41797,18371
16-09-2016,41350,41719.94922,40200,40507.80078,40069.88672,18045
19-09-2016,40555,43270,40520.05078,43101.64844,42635.67188,35959
20-09-2016,43350,43921,42900,43620.5,43148.9375,33084
21-09-2016,43450,44300,43406.89844,43806.64844,43333.05859,21206
22-09-2016,44449,44499,43835.5,44375.85156,43896.11719,15927
23-09-2016,44800,46471.75,44114,45841.30078,45345.71875,38540
26-09-2016,45799.94922,46349,45458,45715.44922,45221.23047,18111
27-09-2016,45759,46917.85156,45759,46562.39844,46059.02344,16890
28-09-2016,46899.80078,50190,46710,49753.35156,49215.46875,64713
29-09-2016,50300,51515.44922,47860.30078,48605.60156,48080.12891,76122
30-09-2016,48750,51150,48750,50872.55078,50322.57422,33197
03-10-2016,51810,52444,51251.44922,51894.89844,51333.86719,25479
04-10-2016,52200,52499,50906.10156,51226.85156,50673.05469,19591
05-10-2016,51677,53899,51200,53693.80078,53113.32813,42292
06-10-2016,54000,54650,53305.69922,53892.80078,53310.17578,34564
07-10-2016,54530,54530,53065,53471.89844,52893.81641,18743
10-10-2016,53550,54087.14844,52710.14844,53034,52460.66016,12551
13-10-2016,53089.89844,53740,52600.19922,53371.30078,52794.30859,24543
14-10-2016,53310,53550,52201,52449,51881.98828,14336
17-10-2016,52549.80078,52600,49749.05078,49873.05078,49333.875,19866
18-10-2016,50290,51777,48751,51627.60156,51069.45703,39429
19-10-2016,51625,51777,50380,50518.39844,49972.25391,23916
20-10-2016,50650,51502.05078,49530,49770.05078,49231.99609,22521
21-10-2016,50187.89844,51100,49728.55078,50438.25,49892.97266,22623
24-10-2016,50603,50929,49801,49949.85156,49409.85547,8325
25-10-2016,50059,50300,49710,50100.05078,49558.42578,9424
26-10-2016,50080,50771,49236.85156,49638.55078,49101.91797,15490
27-10-2016,49800,50094.5,46199.94922,46403.60156,45901.94141,37965
28-10-2016,46402,48190,46402,47955.55078,47437.11719,24430
01-11-2016,48288,50443,48001.05078,50095.44922,49553.875,30014
02-11-2016,49500,50239.55078,48857.10156,49569.10156,49033.21094,22450
03-11-2016,49300,50777,49132.89844,50264.30078,49720.91016,19387
04-11-2016,50449,50899,49551,50179.69922,49637.22266,22877
07-11-2016,50800,51000,50350,50851.94922,50302.20703,11676
08-11-2016,51000,52400,50359.5,52046.69922,51487.07422,18329
09-11-2016,48200,52824,47000,52166.55078,51605.63672,27056
10-11-2016,52600,53940,52600,53515.44922,52940.03516,13832
11-11-2016,53149.10156,53357.89844,52010.39844,52576.89844,52011.57031,15517
15-11-2016,52540,53050,49768.19922,50108.30078,49569.51953,24843
16-11-2016,51004.89844,51700,50360,50548.44922,50004.92969,13312
17-11-2016,50712,51250,49501.19922,49876.89844,49340.60156,11124
18-11-2016,49800,50078.5,48889.80078,49080.5,48552.76953,14112
21-11-2016,49109,49500,46501,46672.35156,46170.5,13855
22-11-2016,46860,47467.75,46451,46947.19922,46442.39453,16524
23-11-2016,47490,48189.60156,46560,47513.75,47002.86328,14321
24-11-2016,47474,47877,46832.05078,47214.75,46707.07031,9048
25-11-2016,47544,47775.19922,47112,47270.5,46762.21875,7607
28-11-2016,47399,48460,47250,47574.05078,47062.51172,8314
29-11-2016,47720,49498,47720,49118.94922,48590.80859,13814
30-11-2016,50000,50595.19922,49500,49900.10156,49363.5625,35735
01-12-2016,50799.94922,50799.94922,48684.5,48883.30078,48357.67969,15416
02-12-2016,48790,49340,48280,48841.60156,48316.43359,11376
05-12-2016,48401.10156,50722.30078,48401.10156,50469.30078,49926.625,16302
06-12-2016,50639,51074.55078,49861.05078,50304.69922,49763.80078,13166
07-12-2016,50399,50705.30078,49810,50147.80078,49608.58203,8158
08-12-2016,50401,51669,50401,51416.55078,50863.69922,10465
09-12-2016,51656,53448,51286.39844,53033.5,52463.25781,17815
12-12-2016,52701,52996.80078,52001,52235,51673.34766,8233
13-12-2016,52549,53350,52320,52424.19922,51860.50391,11944
14-12-2016,52216,52999,52216,52759.69922,52192.40625,7681
15-12-2016,53000,53270,52400,52613.39844,52047.67969,14182
16-12-2016,52920,52996.89844,51980.30078,52154.69922,51593.91406,13605
19-12-2016,52387,52387,51431,51561.55078,51007.14063,4267
20-12-2016,51434,51923.94922,49680,49825.30078,49289.57031,12476
21-12-2016,50188,50188,48800,48855.14844,48329.83984,11398
22-12-2016,48797.69922,49249,48055.19922,48234.64844,47716.00391,9556
23-12-2016,48370,49685,47968.14844,48996.5,48469.66406,10845
26-12-2016,48998.80078,49005.05078,48000,48319.44922,47799.89063,6624
27-12-2016,48556.80078,48840,47512.30078,48692.94922,48169.37891,10685
28-12-2016,48998.94922,49089.94922,48356.44922,48485.94922,47964.60938,5321
29-12-2016,48350,48980,48350,48893.80078,48368.07031,9163
30-12-2016,49100,49300,48500,48905.64844,48379.79297,7871
02-01-2017,49000,49304.94922,48799.75,49084.39844,48556.625,8367
03-01-2017,49388.89844,50500,49101.25,50391.44922,49849.61719,9526
04-01-2017,50679.80078,50769.75,50181.60156,50386.10156,49844.32422,7045
05-01-2017,50698.64844,51990,50550.05078,51710.64844,51154.63281,8444
06-01-2017,52000,52686.5,51125,51579.19922,51024.60156,14670
09-01-2017,51579.19922,51797,50825.69922,51349.14844,50797.02344,5351
10-01-2017,51649.89844,53666,49808.69922,53025.05078,52454.90234,14460
11-01-2017,53699,55554.44922,53400.05078,55400,54804.32031,35021
12-01-2017,55530.10156,55945,54625.05078,55011.60156,54420.08984,18119
13-01-2017,55098.85156,55298.94922,52890,53359.60156,52785.85547,22090
16-01-2017,53299,53857.55078,52559.85156,53092.05078,52521.17969,13559
17-01-2017,53050,54380.60156,53050,53678.80078,53101.625,15203
18-01-2017,53800,54100,52802,53006.89844,52436.94531,9948
19-01-2017,53000,53046.05078,51814.5,51992.19922,51433.15625,13607
20-01-2017,51890,52549.94922,51400,51668.89844,51113.34766,9801
23-01-2017,51668,52840,51668,52351.69922,51788.78516,23689
24-01-2017,52679.35156,52879.94922,52210.05078,52466.39844,51902.25,7489
25-01-2017,52699,53180,52000,53066.69922,52496.10938,8561
27-01-2017,53080,53633,53080,53339.19922,52765.67188,6477
30-01-2017,53440,53440,51801.14844,51929.89844,51371.53516,12036
31-01-2017,51998,52140,51000,51659.5,51104.03516,12635
01-02-2017,51401,52840,51401,52585.10156,52019.69141,11729
02-02-2017,52600,52740,51351,51590.89844,51036.17188,10660
03-02-2017,51681.80078,52654.14844,50050.14844,51059.44922,50510.44922,39215
06-02-2017,51684.80078,51684.80078,50097.30078,50240.05078,49699.84375,17664
07-02-2017,50690,51040,49759.64844,50434.75,49892.45313,21900
08-02-2017,50666,51799.94922,50350,51604.44922,51049.57422,13393
09-02-2017,51750,51985,51250,51685.69922,51129.95313,7391
10-02-2017,51850,51879.30078,51310,51472.35156,50918.89844,4384
13-02-2017,51551.14844,51680.30078,50660.05078,50827.25,50280.73828,5749
14-02-2017,51020,51630.55078,50010,50195.19922,49658.41406,5866
15-02-2017,50200.05078,50582,49935.60156,49997.14844,49462.48047,8012
16-02-2017,50180,50858,49600,50538.05078,49997.59766,16212
17-02-2017,50780,50900,50001.05078,50102.19922,49566.40234,10380
20-02-2017,50100,50595,49950,50414.75,49875.62891,4347
21-02-2017,50451,50679.35156,50100,50195.39844,49658.60938,4084
22-02-2017,50399.94922,50600,49577,49767.85156,49235.62891,13002
23-02-2017,49900,51700,49714.75,51499.05078,50948.3125,22055
27-02-2017,51650,52029.94922,50700,51437.14844,50887.07422,13966
28-02-2017,51437.25,52529.89844,51370.05078,51835.05078,51280.72656,14966
01-03-2017,51999,53150,51999,52819.39844,52254.54297,13943
02-03-2017,53185,53362.5,51845,51951.60156,51396.02734,8861
03-03-2017,52300,52630,51713.44922,52072.85156,51515.98438,12544
06-03-2017,52398,52500,51951.05078,52375.55078,51815.44141,7600
07-03-2017,52282,52565.85156,51953.19922,52167.89844,51610.00391,6731
08-03-2017,52260,52372.10156,51086.69922,51527.80078,50976.76172,9537
09-03-2017,51500,52366.64844,51205,52031.35156,51474.92969,12197
10-03-2017,52366,52450,51950,52220.30078,51661.85938,9186
14-03-2017,52750,53427.94922,52100,52983.89844,52417.28516,18744
15-03-2017,53381.25,57984,53291.25,56836.60156,56228.79297,82609
16-03-2017,57300,57448.94922,56200,56425.55078,55822.13672,15441
17-03-2017,56400,56700,54967.64844,55427.85156,54835.10547,43538
20-03-2017,56305,57090.64844,55801,56019.35156,55420.28516,23491
21-03-2017,56500,58300,55854.30078,58045.14844,57424.40234,28250
22-03-2017,57600,58450,57500,57849.19922,57230.54297,20754
23-03-2017,58000,59684.35156,57601,59507.10156,58870.72656,36778
24-03-2017,59499.89844,59650,59001,59308.80078,58674.55469,19247
27-03-2017,59499,60145,59125.19922,59888.5,59248.05469,20169
28-03-2017,59855.44922,60300,57947.39844,58315.35156,57691.73438,19851
29-03-2017,58499.94922,59790.80078,57801,59578.44922,58941.32031,24086
30-03-2017,59125,60200,59125,59823.64844,59183.88672,19147
31-03-2017,59550,61220,59550,60954.44922,60302.59766,24685
03-04-2017,60935,61386.69922,60240,60993.55078,60341.27734,14263
05-04-2017,60993.55078,61271.75,60372,60685.44922,60036.48828,12463
06-04-2017,60552,61399,60211,61104.85156,60451.39453,18995
07-04-2017,60655,61780,60601.10156,61036.14844,60383.42969,14389
10-04-2017,61195.69922,61382.94922,60620,60767.44922,60117.60156,7631
11-04-2017,61179,62200,60901,62063.39844,61399.69531,17051
12-04-2017,62010,62199.94922,60062.39844,60527.10156,59879.8125,20550
13-04-2017,60530.85156,61200,60300,60566.55078,59918.85156,10623
17-04-2017,60720,62158,60311.39844,61948.55078,61286.07813,21463
18-04-2017,61950,63099,61600.05078,62596.10156,61926.69141,23539
19-04-2017,62350,63300,62150.05078,63089.25,62414.57031,12089
20-04-2017,63005,63610,62751.10156,63500.80078,62821.71875,12427
21-04-2017,63325,63698,63016.85156,63283.69922,62606.9375,9607
24-04-2017,63120,64200,63110,63995.35156,63310.98828,12079
25-04-2017,64200,66755.54688,63880,66566.25,65854.39844,28579
26-04-2017,66500,69848.75,66486.95313,68850.54688,68114.27344,43642
27-04-2017,69200,70500,68000,68495.60156,67763.08594,50104
28-04-2017,68858.5,69000,67706,67909.20313,67182.98438,17996
02-05-2017,68050,68899.79688,67600.04688,68372.54688,67641.35938,17924
03-05-2017,68563.10156,69750,68455.20313,68639.89844,67905.88281,17264
04-05-2017,68944,69173.5,66501,67022.54688,66305.8125,28669
05-05-2017,66861,68399,66500.04688,68135.95313,67407.28906,20751
08-05-2017,68499.89844,68720,67450,67634.10156,66910.8125,12208
09-05-2017,68200,68200,66587.39844,66683.04688,65969.94531,16105
10-05-2017,66800.10156,66999,65822.20313,65936.70313,65231.58203,17167
11-05-2017,66000,67371.79688,65902.10156,66055.95313,65349.54688,15027
12-05-2017,66105,66488,65300,65455.14844,64755.17188,9995
15-05-2017,65620,66081,65200.80078,65823.39844,65119.49219,10189
16-05-2017,65990,66360,65500,66093.35156,65386.55078,14100
17-05-2017,66200,68270,65700,68054.70313,67326.92188,28781
18-05-2017,67750,69188,66640.10156,66960.39844,66244.32813,21701
19-05-2017,67290,67699.89844,64164.85156,65876.64844,65172.17188,15118
22-05-2017,66100.5,66799,64100,64254.05078,63566.91406,13002
23-05-2017,64480,64700,63000,63976.14844,63291.98438,19116
24-05-2017,63900,63958.39844,62400,62519.69922,61851.12109,11106
25-05-2017,62660,64200,62000,63820,63137.50391,20131
26-05-2017,64199.85156,65689.95313,63922.19922,65401.80078,64702.38672,15831
29-05-2017,65699,66370.04688,64750,64937.94922,64243.5,10018
30-05-2017,64938,65600,64561.25,65398.10156,64698.72656,7921
31-05-2017,65351.35156,65881.95313,65009,65559.10156,64858.00781,6625
01-06-2017,65619.5,68599,65619.5,68217.29688,67487.78125,27596
02-06-2017,68450,68993.85156,67500,67715.95313,66991.8125,15738
05-06-2017,67910,68597.95313,67900,68334.25,67603.46875,7478
06-06-2017,68500,69240,67300,68820.5,68084.53125,15435
07-06-2017,68830.29688,69347.25,68499,68985.95313,68248.21875,10469
08-06-2017,69000.10156,71995,68700,71129.64844,70368.96875,39075
09-06-2017,71404,73200,71251.10156,72901.25,72121.63281,33946
12-06-2017,72901.25,74016.25,72245,73331.60156,72547.40625,24677
13-06-2017,73401,74147.5,71555,72369.29688,71595.39844,23590
14-06-2017,71980,71980,70880.04688,71102.14844,70341.78125,19049
15-06-2017,71235,73184.89844,71198.89844,72847.45313,72068.42188,19573
16-06-2017,73148,73401,71707.5,71978.10156,71208.36719,15153
19-06-2017,72499.89844,72870,71560.20313,71760.20313,70992.78125,9973
20-06-2017,71980,72800,71315.29688,71656.20313,70889.91406,11042
21-06-2017,71850,72297.89844,71324.54688,71709.10156,70942.25781,7666
22-06-2017,72198.89844,72495,70650.10156,70975.89844,70216.88281,10644
23-06-2017,71500,71500,69596,69935.79688,69187.89844,12316
27-06-2017,69955,70400,68270,68585.54688,67852.09375,10377
28-06-2017,68585.54688,69399,67801.5,68915.79688,68178.80469,10368
29-06-2017,69270,69846.75,68500,68638.95313,67904.9375,15509
30-06-2017,68400,68750,67850.10156,68325.89844,67595.21094,10072
03-07-2017,68458.5,71250,68201,70859.5,70101.72656,16735
04-07-2017,71260,71500,70029.70313,70350.29688,69597.96094,11002
05-07-2017,70401,71120.35156,70259.89844,70607.39844,69852.3125,8300
06-07-2017,70984,71450,70005,70270.64844,69519.15625,12201
07-07-2017,70801.70313,70801.70313,69575,69809.29688,69062.75781,10221
10-07-2017,70379.5,70379.5,69403,69600.25,68855.96094,1519
11-07-2017,69600,70079.85156,68863.5,69120.04688,68380.85938,9263
12-07-2017,69201,70295,68800,69976.60156,69228.28906,10291
13-07-2017,70300,70399.95313,69526,69662.04688,68917.08594,6505
14-07-2017,69999,70000,69150,69516.25,68772.84375,5398
17-07-2017,69662,70274,69100,70072.70313,69323.33594,8434
18-07-2017,69400,70367.70313,69400,69930.45313,69182.61719,7118
19-07-2017,69930.45313,70769.95313,69710,70221.5,69470.55469,16349
20-07-2017,70550,70550,69027,69159.04688,68419.45313,7182
21-07-2017,69375,69721,68700,68878.45313,68141.86719,11184
24-07-2017,69000,69340,68750,68908.89844,68171.96875,6308
25-07-2017,69377,70663.64844,69050.04688,70334.29688,69582.14844,16387
26-07-2017,70388,70555.54688,69808.25,69989.85156,69241.375,8637
27-07-2017,70200,70300,68510,68706.5,68024.22656,8582
28-07-2017,68660,69700,68501,69119.70313,68433.32813,8239
31-07-2017,69120.70313,69974.79688,69000,69198.75,68511.59375,8841
01-08-2017,69567.04688,69688.25,69001,69393.10156,68704.00781,7528
02-08-2017,69276.10156,70999.79688,69276.10156,70810.39844,70107.25,17215
03-08-2017,70600,70909.95313,68902.25,69150.39844,68463.73438,14610
04-08-2017,68483.10156,68500,65293.30078,66361.14844,65702.16406,47845
07-08-2017,67100,68182.29688,66505.79688,67821.20313,67147.73438,23514
08-08-2017,67900,68500,66601,66722.25,66059.6875,11981
09-08-2017,67000,67000,65501,65946.95313,65292.08203,10520
10-08-2017,65799,66365.70313,63400,64100.69922,63464.16797,14500
11-08-2017,63250,65098.94922,62382.05078,63922,63287.25391,16985
14-08-2017,64400,64899.60156,63601.10156,63770.64844,63137.38672,11840
16-08-2017,64525,65987,63300,65783,65129.76563,15564
17-08-2017,66054,66395,64280,64484.5,63844.16016,11287
18-08-2017,64470,64470,63501,63684.14844,63051.74609,12643
21-08-2017,63798.19922,64770,63002,63419.80078,62790.03125,8783
22-08-2017,63050.10156,63999.94922,62432.05078,62555.69922,61934.51172,14404
23-08-2017,62999,63494.89844,62570,62805.85156,62182.17969,12476
24-08-2017,63248,63349.5,62611,63049.69922,62423.60156,7876
28-08-2017,63350,63400,62657.14844,62811.10156,62187.37109,7912
29-08-2017,62949.89844,63200,62400,62907.94922,62283.27344,12683
30-08-2017,63200,63299.94922,62655.60156,62944.75,62319.69141,5035
31-08-2017,63179.89844,64235.19922,62850,64089.60156,63453.17578,11820
01-09-2017,64090,65499,64090,65293.85156,64645.47656,9059
04-09-2017,65290,65368.44922,63950,64240.14844,63602.22656,8632
05-09-2017,64474.30078,64999,64200,64573.35156,63932.125,6756
06-09-2017,64260,65330,63709.19922,64990,64344.64453,13562
07-09-2017,65269.89844,65350,64102,64429.75,63789.94531,5016
08-09-2017,64505,64799.89844,63671,63816.85156,63183.14063,7529
11-09-2017,64010,64799,64010,64449.60156,63809.60156,8300
12-09-2017,64899.89844,65545.60156,64650.10156,65270.80078,64622.64844,10388
13-09-2017,65500,65650,64100,64334.30078,63695.45313,8725
14-09-2017,64430,64599.80078,63690,63840.35156,63206.41406,6532
15-09-2017,63999.94922,64750,63535.75,64544.30078,63903.36719,12616
18-09-2017,64698,65300,64648.14844,64916.05078,64271.41797,20041
19-09-2017,64648,65248,64003.05078,64087.10156,63450.69922,9349
20-09-2017,65101,65650,63933.14844,64092.10156,63455.64844,15543
21-09-2017,64438,64447.80078,63152.55078,63294.69922,62666.17578,8728
22-09-2017,64000,64000,62650,62938.14844,62313.15234,17031
25-09-2017,63100,63376.60156,61251,62721.85156,62099.01172,15442
26-09-2017,62800,63000,62210.05078,62754.10156,62130.95313,11340
27-09-2017,62720,62999,61501,61746.60156,61133.44922,6870
28-09-2017,61790,62200,61000,61866.39844,61252.05469,15835
29-09-2017,62051,63940,62051,63005.30078,62379.64453,25187
03-10-2017,63480,64000,63160.60156,63404.39844,62774.77734,14576
04-10-2017,63749,63786.5,62750,63029.80078,62403.90234,9071
05-10-2017,63298,63666,62883.80078,63141.5,62514.49609,13683
06-10-2017,63349.94922,64620,63207.85156,64422.69922,63782.97656,10353
09-10-2017,64550,65010.10156,64195.39844,64835.5,64191.67188,6744
10-10-2017,65011,65300,64510.10156,64705.19922,64062.66797,4704
11-10-2017,64949.89844,64970,63269.64844,63437.39844,62807.45313,8383
12-10-2017,64200,64200,63460,63885.55078,63251.15234,5284
13-10-2017,63800.14844,64000,63500,63670.25,63037.99219,5189
16-10-2017,63602,64049,63101,63636.39844,63004.47656,7701
17-10-2017,63700,64190,63328.05078,63777.05078,63143.73047,4423
18-10-2017,63516.35156,64000,63516.35156,63670.35156,63038.08984,3556
19-10-2017,63670.35156,63898.69922,63207,63522.5,62891.71875,922
23-10-2017,63250,63600,62409.80078,63490.60156,62860.13281,12588
24-10-2017,63450,63574,62981.10156,63064.44922,62438.21094,7750
25-10-2017,63315,63498.94922,62910.5,63089.14844,62462.66406,4021
26-10-2017,63200,63500,62811.89844,63156.14844,62529,5887
27-10-2017,63300,64999,63210.69922,64771.10156,64127.91797,10783
30-10-2017,65000,67343.89844,65000,66779.14844,66116.02344,15489
31-10-2017,66775,67221.95313,65715.04688,66422.45313,65762.875,7407
01-11-2017,66789.89844,66999,65851.95313,66002.5,65347.08203,6273
02-11-2017,66011.20313,66719.85156,65590.04688,65726.85156,65074.16406,4284
03-11-2017,65726.85156,66739.70313,65726.85156,66483.39844,65823.21094,5375
06-11-2017,66500,67800,65911,67399.39844,66730.08594,9355
07-11-2017,67650,67810,65521.5,65712.60156,65060.05469,8918
08-11-2017,65900,66341.64844,65000,65162.44922,64515.375,5123
09-11-2017,65398.75,65800,64836,64994.14844,64348.75,4127
10-11-2017,64995,67748.95313,63614.05078,67359.04688,66690.17969,39944
13-11-2017,66812.20313,69000,66800,68320.89844,67642.45313,20028
14-11-2017,68624.89844,68624.89844,67428.04688,67643.45313,66971.75,5488
15-11-2017,68300,69655.20313,67687.5,68392.29688,67713.17969,18813
16-11-2017,68500,69955.95313,68500,69730.79688,69038.35156,12710
17-11-2017,70000,70500,69195.60156,69437.35156,68747.82031,10991
20-11-2017,69437.35156,69869.85156,68476.04688,68718.95313,68036.55469,4128
21-11-2017,68908,70160,68750.04688,69830.5,69140.09375,12159
22-11-2017,70000,70189,69268.35156,69692.85156,69003.78906,4610
23-11-2017,69799.10156,70200,69001,69189.60156,68505.52344,9563
24-11-2017,69499,69859.04688,69261,69405.45313,68719.24219,5505
27-11-2017,69474.45313,70450,69405,70215.14844,69520.92188,10178
28-11-2017,70130,70325,69480,69597.35156,68909.26563,2739
29-11-2017,69540,69948.95313,69200,69275.14844,68590.23438,8735
30-11-2017,69299,69359.95313,68200.10156,68583.5,67905.42969,7987
01-12-2017,68601,69099.95313,65724.25,66169.14844,65514.92969,11678
04-12-2017,66400,66841.89844,65805,66333.10156,65677.28906,5838
05-12-2017,66336.60156,67000,65705,66842.75,66181.86719,9024
06-12-2017,66122,67222.14844,66122,66871.04688,66209.89844,5830
07-12-2017,66990,67284.79688,66647.70313,67063.25,66400.1875,5214
08-12-2017,67251,68337.89844,66845.04688,68226.14844,67551.59375,7178
11-12-2017,68500,69000,67678,67863.45313,67192.49219,4898
12-12-2017,68240,68240,66280,66407.39844,65750.83594,6244
13-12-2017,66774,67095,65890,66072.60156,65419.35547,6460
14-12-2017,66480,66670,65323.89844,65952.79688,65300.71094,5784
15-12-2017,66500,68124.95313,66335.64844,67703.60156,67034.21875,9214
18-12-2017,67400,69350,65810,69184.60156,68500.57031,14066
19-12-2017,68940,69649,68650.20313,69389.70313,68703.64063,7912
20-12-2017,69389.70313,69900,68751,68913.79688,68232.45313,5124
21-12-2017,69000,71050,68551,70860.54688,70159.94531,12046
22-12-2017,70927,73089,70898.75,72817.79688,72097.85938,29133
26-12-2017,72600,74500,72160.04688,74062,73329.75,17525
27-12-2017,74280,74394,72693.10156,73080.04688,72357.51563,14788
28-12-2017,73490,73899,72492.20313,73497.95313,72771.27344,10193
29-12-2017,73499,73950,72101.10156,72357.04688,71641.66406,10899
01-01-2018,72572,73200,71900,72402.85156,71687.00781,7348
02-01-2018,72305,72899.70313,71059.10156,71246.10156,70541.6875,7345
03-01-2018,71680,71899.89844,71000,71173.35156,70469.64844,9083
04-01-2018,71499,71644.85156,70851.20313,71219.85156,70515.71094,4477
05-01-2018,71390,73000,71300,72905.89844,72185.07813,9189
08-01-2018,72900,73570,72286.95313,72610.5,71892.60156,6757
09-01-2018,72965,73270,72020,73025.04688,72303.05469,5587
10-01-2018,73040,73112.35156,72100,72481.5,71764.88281,9006
11-01-2018,72700,72700,71950.04688,72311.95313,71597.01563,4998
12-01-2018,72310,73100,71814.10156,71970.95313,71259.375,11548
15-01-2018,71970.95313,72499.95313,71350,71534,70826.75,6503
16-01-2018,71401,71900.5,69889.60156,70284.54688,69589.64844,7410
17-01-2018,70480,70751.64844,69731.64844,70420.79688,69724.5625,4005
18-01-2018,70800,70848.95313,68601.45313,68804.45313,68124.1875,7680
19-01-2018,69100,69399.89844,68500,69156,68472.25,7715
22-01-2018,69156,69878.29688,68875,69677.29688,68988.39844,3327
23-01-2018,69600,70456,69531.79688,69930.70313,69239.28906,6857
24-01-2018,69700,70171.45313,68700,68894.5,68213.35156,6431
25-01-2018,69050,69439.95313,67055.54688,67543.64844,66875.85938,7157
29-01-2018,67165,68447.60156,66750,66906.75,66245.25781,7203
30-01-2018,67300,68446,67010,68261.54688,67586.63281,6008
31-01-2018,68395,68798.75,67215.75,68113.35156,67439.92188,8102
01-02-2018,68115,72750,67200,71776.64844,71066.98438,29028
02-02-2018,71400,71654.85156,68050,69259.39844,68574.625,19860
05-02-2018,68016.25,69350,67658.5,68615.10156,67936.69531,12193
06-02-2018,64000,68950,64000,68528.45313,67850.92188,21197
07-02-2018,68899.95313,69499.95313,68250.04688,68827.45313,68146.95313,9654
08-02-2018,69001,70763.54688,68800,70171.04688,69477.26563,12304
09-02-2018,69100.10156,70377,68752.25,70013.79688,69324.53906,4799
12-02-2018,70011,71840,70011,71640.89844,70935.625,7298
14-02-2018,71720,72606.10156,71650,72329.20313,71617.14844,10260
15-02-2018,72329,72780.60156,71740.79688,72156.25,71445.89844,7756
16-02-2018,72357,72517,70601.60156,71162.54688,70461.98438,5347
19-02-2018,71555,71698,70200,70624,69928.74219,3821
20-02-2018,70635.10156,71100,70430,70825.5,70128.25,3989
21-02-2018,70855,71999,70702.95313,71787.04688,71080.32031,5414
22-02-2018,71500,71500,69599,70107.79688,69417.60938,4823
23-02-2018,70139.95313,72800,70139.95313,72473.39844,71759.92969,7984
26-02-2018,72550,72980.5,72400,72690.79688,71975.1875,4426
27-02-2018,72670,73149,71660.89844,72665.79688,71950.42969,9668
28-02-2018,72599.95313,73840,72000,73391.60156,72669.08594,11901
01-03-2018,73391.60156,74100,72520,72683.64844,71968.11719,5016
05-03-2018,72683,73566.60156,72000,72324.64844,71612.64063,8937
06-03-2018,73000,73000,71310,71475.85156,70772.19531,5388
07-03-2018,71440,71899.10156,70020.64844,70249.20313,69557.625,6459
08-03-2018,70500,70811.64844,69800,70204.39844,69513.25,7016
09-03-2018,70759,71379.5,70111.14844,70781.64844,70084.83594,5005
12-03-2018,70950,71332.95313,70799.95313,71094.20313,70394.28906,3757
13-03-2018,70815,72100,70815,71717.29688,71011.24219,4148
14-03-2018,71160,71845.20313,71000,71281.64844,70579.90625,4663
15-03-2018,71225,71945.85156,71086.39844,71737.95313,71031.70313,3803
16-03-2018,71670,71670,70000,70211.64844,69520.42188,4914
19-03-2018,70500,70895.60156,69699.89844,70074.85156,69384.99219,3928
20-03-2018,69950,70111.70313,69455.64844,69593.04688,68907.95313,2849
21-03-2018,69999.95313,70200,69725,69966.45313,69277.64844,4761
22-03-2018,70000,70220,69257.5,69489.29688,68805.17969,3754
23-03-2018,68170,69486,68170,69236.89844,68555.27344,4854
26-03-2018,69237,70399,68800,69961.75,69273,7329
27-03-2018,70201.5,72887.95313,70201.5,72656.04688,71940.78125,9594
28-03-2018,72001.25,73649.95313,71610.45313,72513.25,71799.36719,14061
02-04-2018,72700,73333,72542.35156,73122.45313,72402.57031,3468
03-04-2018,72975,75799,72800,75502.39844,74759.10156,21139
04-04-2018,75350,76034,73745.95313,74734.20313,73998.47656,11549
05-04-2018,75501,77199,75500.10156,77012.54688,76254.39063,16500
06-04-2018,76901,77270,76218.25,77137.25,76377.85156,7307
09-04-2018,77137,77400,76700,77243.89844,76483.46875,6579
10-04-2018,77243.89844,77300,76501,76831.10156,76074.71094,3552
11-04-2018,77000,77000,76135.14844,76467.60156,75714.8125,3136
12-04-2018,76499,78363.29688,76150,77613.70313,76849.61719,11854
13-04-2018,77800,78540,77600,78091.35156,77322.57813,10905
16-04-2018,77506,78590,77506,78370.5,77598.97656,4416
17-04-2018,78299,80102,78180.85156,79771.64844,78986.34375,11498
18-04-2018,79999,80100,78950,79069.85156,78291.4375,5399
19-04-2018,79499,79899,79090,79320,78539.13281,5829
20-04-2018,79390,79479.85156,78000,78110.10156,77341.14063,6038
23-04-2018,78300,78742.70313,77600,77961.45313,77193.9375,4238
24-04-2018,77600,79060,77600,77948.39844,77181.03125,3784
25-04-2018,78110,78300,76900,77496.39844,76733.49219,4176
26-04-2018,77551,77598,76225.04688,76509.14844,75755.9375,8038
27-04-2018,77179,80570,76901.10156,80413.25,79621.59375,19559
30-04-2018,80416,81425.95313,79720,79933.45313,79146.53906,7899
02-05-2018,79900,81400,79430.89844,79610.79688,78827.05469,7999
03-05-2018,79729,80133.35156,76700,77028.14844,76269.83594,33135
04-05-2018,77880,77898.95313,75595.85156,75721.5,74976.03125,8851
07-05-2018,76000,76695.89844,75610.20313,76115.04688,75365.73438,5681
08-05-2018,76406.89844,76406.89844,75600,75746.75,75001.05469,4047
09-05-2018,75525,76599,75210,76019.79688,75271.40625,12724
10-05-2018,76540,76540,74750,74881.45313,74144.26563,8010
11-05-2018,75300,75400,74300,74675.5,73940.34375,20861
14-05-2018,74750,75152.70313,74515.45313,74737.35156,74001.60938,3327
15-05-2018,74850,75599,74341.64844,74604.95313,73870.50781,4574
16-05-2018,74500,75098.85156,73978.04688,74873.39844,74136.29688,7566
17-05-2018,74803.39844,75276.95313,74400,74559.95313,73825.94531,4063
18-05-2018,74555,75509,73925.10156,74206.20313,73475.67188,5414
21-05-2018,74399.95313,74449.20313,72863.54688,73102.10156,72382.4375,4517
22-05-2018,73200,74299.95313,72701,73873.45313,73146.1875,3535
23-05-2018,73755.14844,74500,73588.79688,74140.5,73410.60938,4850
24-05-2018,74140.5,74511.29688,73156.14844,73600.70313,72876.13281,3405
25-05-2018,73750,74555,73652.04688,73866.39844,73139.20313,4540
28-05-2018,74100,76497.45313,74100,76062.35156,75313.54688,5926
29-05-2018,76001,77429,75250,76392.25,75640.1875,5286
30-05-2018,76321,77423,75455.35156,77087.60156,76328.71094,4958
31-05-2018,77190,77688,75339,75734.04688,74988.45313,4232
01-06-2018,75811,76774.89844,74400.10156,74848.89844,74112.02344,4375
04-06-2018,75400,75490,74111.04688,74480.60156,73747.38281,3391
05-06-2018,74700,75000,73105,73815.64844,73088.96094,5761
06-06-2018,74064,74691,73410.20313,74282.5,73551.21875,4004
07-06-2018,74450,75880,74449.95313,75427.45313,74684.89844,4555
08-06-2018,75399.89844,76503.04688,74500,75929,75181.50781,4143
11-06-2018,76249,76751.54688,75900.20313,76407.60156,75655.375,3015
12-06-2018,76860,76860,75353.04688,75580.70313,74836.64063,3000
13-06-2018,75900,76232.45313,74952.04688,75048.04688,74309.22656,2476
14-06-2018,75077,75664.95313,74784.04688,75349.60156,74607.82031,3518
15-06-2018,75250,75899,75200,75351.14844,74609.34375,3971
18-06-2018,75480,76250,74200,74359.79688,73627.74219,3810
19-06-2018,74599,75200,73999,74849.79688,74112.92188,3367
20-06-2018,75249.79688,75349.79688,74000,74877.64844,74140.5,11625
21-06-2018,74990,75500,74566.04688,74771.64844,74035.55469,3478
22-06-2018,75049,76080.39844,74588.79688,75703.39844,74958.10156,3092
25-06-2018,76100,76100,75000,75186.70313,74446.5,2664
26-06-2018,74880,75548,74705,74972.75,74234.67188,4297
27-06-2018,75545,75545,73540,74037.54688,73308.67188,4778
28-06-2018,74373.95313,74800,72605,72933.04688,72215.03125,13071
29-06-2018,73297.70313,75397.25,73297.70313,74974.45313,74236.36719,6906
02-07-2018,75270,75834.95313,74600,75197.79688,74457.49219,3945
03-07-2018,75300,75850,74900,75459.20313,74716.34375,2537
04-07-2018,75499,76350,75050,75896.95313,75149.78125,2761
05-07-2018,76074.64844,76350,75301.14844,75477.39844,74734.33594,2341
06-07-2018,75350,76198.95313,74838.85156,75097.14844,74357.85156,4502
09-07-2018,75499.89844,75900,75097,75505,74761.67969,3521
10-07-2018,75551,76429.35156,75240.04688,75943.89844,75196.26563,5016
11-07-2018,76000,76549,75525.04688,76153.79688,75404.07813,3293
12-07-2018,76500,78178.35156,76405,77611.20313,76847.14063,13063
13-07-2018,77611.20313,77999,76560,77059.75,76301.13281,3963
16-07-2018,77060,77060,74118.5,74332,73600.21875,7317
17-07-2018,74599.95313,75372.64844,74327,74608.95313,73874.46094,5825
18-07-2018,75248,75490,73666,73852.35156,73125.28906,4812
19-07-2018,74404.85156,74920,73938.95313,74475.29688,73742.11719,3949
20-07-2018,74225.29688,77683.5,74100,76812.45313,76056.25781,9474
23-07-2018,76999,78000,75712,77782.5,77016.74219,4861
24-07-2018,77848,78267.20313,77057.54688,77627.89844,76863.67188,7761
25-07-2018,77115,78900,77115,78208.75,77438.82813,5727
26-07-2018,78500,78899,78310.95313,78644.75,77870.52344,4472
27-07-2018,78999,81013.54688,78600.04688,80860.45313,80064.42188,11401
30-07-2018,80998,81190.95313,79201,79931.39844,79144.5,7295
31-07-2018,80740,80740,79277.85156,79490.35156,78707.78906,4446
01-08-2018,79987,80396.79688,79200,79578.85156,78849,4888
02-08-2018,79580,79580,78005,78372.95313,77706.875,5254
03-08-2018,78622.95313,79150,78379.85156,78477.14844,77810.19531,3557
06-08-2018,78485,78935.85156,76501,76892.29688,76238.8125,5089
07-08-2018,76880,77583.35156,76701,77200.20313,76544.07813,4539
08-08-2018,77099.75,77589.85156,76311.10156,76650.10156,75998.65625,6784
09-08-2018,77077,77450.20313,75411.04688,75995.10156,75349.24219,27709
10-08-2018,76000,76299.70313,74100,74233.95313,73603.04688,13065
13-08-2018,74489.89844,74489.89844,73150,73253.95313,72631.39063,15760
14-08-2018,73503.95313,74300,73400,73819.79688,73192.40625,12251
16-08-2018,73850,74199.89844,73100,73164.70313,72542.90625,7142
17-08-2018,73200,73900,73141,73747.75,73120.99219,7752
20-08-2018,73999,75089.70313,73500,74761.89844,74126.50781,15186
21-08-2018,75111,75250,74256.70313,74498.95313,73865.80469,11543
23-08-2018,74500,74800,74100,74573.5,73939.70313,4828
24-08-2018,74500,75052.64844,73800,74075.89844,73446.34375,2937
27-08-2018,74300,74500,74000,74171.89844,73541.53906,2216
28-08-2018,74649,74649,73202.85156,73316.89844,72693.8125,4230
29-08-2018,73640,73640,73200,73286.39844,72663.55469,3222
30-08-2018,73753.89844,74153.95313,73001,73218.79688,72596.53125,5919
31-08-2018,73250,74300,73000,74026.75,73397.625,4913
03-09-2018,73777,74169.95313,73000,73038.89844,72418.17969,3917
04-09-2018,73300,73600,70850,71028.89844,70425.22656,8961
05-09-2018,71299,71299,70001,70352.29688,69754.39844,7748
06-09-2018,70799.89844,70984.29688,70100,70830.54688,70228.5625,4867
07-09-2018,70881,72000,70632.04688,71251.95313,70646.39063,4849
10-09-2018,71501,71550.04688,70450,70506.5,69907.29688,4334
11-09-2018,70506.5,71099.95313,69600,69769.54688,69176.58594,3404
12-09-2018,69860,69958.95313,68201.10156,69143.35156,68555.71875,8913
14-09-2018,69500,70712.89844,69500,70244.29688,69647.32031,6967
17-09-2018,70200,70200,69650.10156,69782.29688,69189.24219,2670
18-09-2018,69782.29688,70119,68500.85156,68731.35156,68147.22656,4569
19-09-2018,69095,69249.95313,67390,67783.39844,67207.32031,11985
21-09-2018,68195,68500,62500,66744.39844,66177.14844,10416
24-09-2018,67000,67000.04688,64450,64568,64019.25781,7655
25-09-2018,64677,67100,63125,65780.64844,65221.60156,17921
26-09-2018,66988,66988,65800,66318.54688,65754.92969,4318
27-09-2018,67015,68200,63950.05078,64202.85156,63657.20313,12368
28-09-2018,64500,65737.39844,62300,63598.55078,63058.04297,11536
01-10-2018,64100,64100,62150,63025.64844,62490.00781,12283
03-10-2018,63077,63654,62555.05078,63138.80078,62602.20313,10722
04-10-2018,62699.94922,62699.94922,61400,61603.80078,61080.24609,13688
05-10-2018,61400,61400,60501,61022.19922,60503.58203,9200
08-10-2018,60711,61751,59601,61120.89844,60601.44922,12830
09-10-2018,61899,62700,60660,61997.30078,61470.40625,4980
10-10-2018,61521,64300,61521,63979.60156,63435.85547,6132
11-10-2018,62990,64269.64844,61709.05078,63427.5,62888.44531,6805
12-10-2018,63620,64959.94922,63620,63978.35156,63434.61719,11121
15-10-2018,63625.19922,64579.85156,62000,62600.60156,62068.57031,12243
16-10-2018,62991.85156,63980,62862.14844,63212.94922,62675.72266,6090
17-10-2018,63750,64263.75,61900,62101.85156,61574.06641,6380
19-10-2018,61965,62690,60900,61967.85156,61441.19531,7567
22-10-2018,62749.94922,62749.94922,61999,62206.94922,61678.27734,4196
23-10-2018,61600,62177,61301,61723.64844,61199.07422,5082
24-10-2018,62440,62700,61805.14844,62350,61820.09766,3986
25-10-2018,62000,62480,60800,61362.5,60841,7477
26-10-2018,61300,63421.5,60666,63056.14844,62520.24609,10200
29-10-2018,63200,64350,62525,63932.25,63388.90625,5004
30-10-2018,63402.19922,64900,63402.19922,64309.14844,63762.60547,6896
31-10-2018,64342,64900,63684,64498.55078,63950.39063,4183
01-11-2018,64498.55078,65350,64498.05078,64742.05078,64191.82422,4418
02-11-2018,65050,66676.54688,65012.39844,66480.79688,65915.79688,6742
05-11-2018,66700,66800,65910,66153.79688,65591.55469,3810
06-11-2018,66200,66607.39844,64900,65160.69922,64606.91797,4248
07-11-2018,65670,65933.14844,65177,65564.95313,65007.73828,1058
09-11-2018,65050.10156,66502,64513.14844,66345.10156,65781.25,10673
12-11-2018,66345,66985.04688,65060.5,65203.14844,64649.00391,4542
13-11-2018,65203.14844,66190,64802.05078,65822.14844,65262.75391,4985
14-11-2018,66100,66740,65240,65545.95313,64988.89844,8200
15-11-2018,65999,66333,65200,65784.85156,65225.76953,7974
16-11-2018,65900,66800,65588.45313,65754.95313,65196.11328,5438
19-11-2018,65770,66400,65501,66190.29688,65630.75,3936
20-11-2018,66200,66330,65713.20313,66024.45313,65466.31641,3325
21-11-2018,66251,67568,66110,67324.20313,66755.05469,8262
22-11-2018,67400,68169.95313,67202,67607.39844,67035.875,6407
26-11-2018,68000,68710,67607.45313,68198.75,67622.24219,10287
27-11-2018,67866.20313,68680,67400.04688,68575.25,67995.55469,6030
28-11-2018,68501,69340,68360.75,68792.25,68210.70313,6588
29-11-2018,69002,69150,68011,68289.89844,67712.61719,7575
30-11-2018,68400,68678.54688,67150.89844,67332.04688,66762.82813,5175
03-12-2018,67500,67949,66608,66692.85156,66129.07031,5041
04-12-2018,66800,67137.70313,65931.95313,66128.75,65569.70313,2992
05-12-2018,66000,66196.64844,65136,65284,64732.11328,3690
06-12-2018,65299,65312.05078,64445.05078,64764.80078,64217.30859,2960
07-12-2018,65269,65700,64864.05078,65574.85156,65020.51172,3550
10-12-2018,64100.05078,64895.44922,64100.05078,64364.60156,63820.49219,3289
11-12-2018,63666,66500,63666,66171.70313,65612.29688,7236
12-12-2018,66272,68490,66222,68146.54688,67570.47656,6981
13-12-2018,68280,68899,67102.70313,67463.54688,66893.22656,5719
14-12-2018,67299,67500,66050,66335.04688,65774.28906,5721
17-12-2018,66415,67200,66222,66375.14844,65814.03906,3561
18-12-2018,66477,67998.95313,66100.04688,67561.5,66990.35938,4752
19-12-2018,68000,69500,67749.39844,69326.95313,68740.90625,10484
20-12-2018,68750,69900,68750,69049.70313,68465.98438,10183
21-12-2018,69049.70313,69561,66700,67003.85156,66437.42969,9352
24-12-2018,67003.95313,67347,65897,66117.64844,65558.71875,5788
26-12-2018,66200,67503,65105.25,67319.64844,66750.53906,9920
27-12-2018,67398.89844,67699,66526,66686.35156,66122.625,8775
28-12-2018,67279,67475,66980,67036.95313,66470.26563,4257
31-12-2018,67550,67550,66812.39844,66984.70313,66418.45313,5943
01-01-2019,67299,67299,66500.35156,66801.20313,66236.50781,4193
02-01-2019,66500,67100,66150.70313,66635.5,66072.1875,7531
03-01-2019,66750,67400,66458.70313,66818.25,66253.40625,4603
04-01-2019,66999.70313,67349.89844,66201.04688,66603.14844,66040.10156,4278
07-01-2019,67100,67345.89844,66666.14844,66978.54688,66412.35156,6823
08-01-2019,66700,66976,66226,66439.89844,65878.24219,2284
09-01-2019,66501,66999,65820.45313,66070.35156,65511.83984,4369
10-01-2019,66249,67094.95313,65909,66700.70313,66136.85156,4018
11-01-2019,66898.89844,67000,66300,66937.25,66371.375,2580
14-01-2019,66600,66996.95313,65955.89844,66653.04688,66089.59375,5052
15-01-2019,66650,66989.95313,66077,66195.60156,65636.00781,3863
16-01-2019,66220,66485.70313,65900,65991.20313,65433.33594,3514
17-01-2019,66291,66291,65600,65802.79688,65246.52734,3530
18-01-2019,66005,66098.20313,65650,65739.79688,65184.05859,1613
21-01-2019,65739.79688,66298.95313,65501,66126.10156,65567.09375,8009
22-01-2019,65900,66166.85156,65100,65259.60156,64707.92188,4697
23-01-2019,65378,66289.95313,65300,66072.04688,65513.51563,3086
24-01-2019,66000,66188.39844,64500,64902.75,64354.08594,4134
25-01-2019,65300,65533.30078,63700,63920.94922,63380.58594,3105
28-01-2019,63875,63875,62450,62559.94922,62031.10156,4488
29-01-2019,62830,62830,61500,61868.14844,61345.14063,8712
30-01-2019,62384,62384,61150,61329.39844,60810.94922,6589
31-01-2019,61500,61767.60156,60540.14844,61289.19922,60771.08984,7598
01-02-2019,61489.19922,62699.89844,61012.10156,61275.69922,60757.70313,7551
04-02-2019,61944,61944,59800,59906.55078,59400.12109,7858
05-02-2019,60299,60400,59500,60004.30078,59497.05078,6603
06-02-2019,60300,60300,59550,59936,59429.33203,5305
07-02-2019,60035,60800,58960.05078,59410.55078,58908.31641,22636
08-02-2019,59188.94922,59188.94922,56300,56451.35156,55974.13281,24277
11-02-2019,56450,56900,54725,55345.60156,54877.73828,14323
12-02-2019,55750,56178,54900,55355.39844,54887.45313,10994
14-02-2019,55600,56600,55315,56302.19922,55826.24219,8943
15-02-2019,56302,56408.30078,55000,55136.85156,54673.66797,12188
18-02-2019,55248,55499,54254.19922,54460.14844,54002.64844,5980
19-02-2019,54480.14844,55403.94922,53858.35156,54227.89844,53772.35156,10536
20-02-2019,54529.89844,54970,54125,54793.19922,54332.90234,6031
21-02-2019,54829,55250,54505,54710.64844,54251.04297,3891
22-02-2019,54720,55150,54553.5,54960.80078,54499.08984,4411
25-02-2019,55468,55468,54855,55340.14844,54875.25391,4311
26-02-2019,55140.14844,56387.10156,54400,55952.89844,55482.85938,5776
27-02-2019,56400,57266,56152.89844,56862.75,56385.0625,11007
28-02-2019,57390,57400,56572,56839.55078,56362.05469,12341
01-03-2019,56907,57400,56907,57129.10156,56649.16797,4094
05-03-2019,57397,58000,57218.5,57663.25,57178.83984,8410
06-03-2019,58040,58790,57555,58566.39844,58074.40625,7261
07-03-2019,58570,58594.85156,57645.10156,57839.75,57353.85156,4062
08-03-2019,58000,58000,56830,57026.60156,56547.53125,6779
11-03-2019,57040,57980.14844,57040,57708.30078,57223.50391,5144
12-03-2019,58100,58253.64844,56801,57171,56690.72656,13277
13-03-2019,57800,58000,57200,57414.60156,56932.28516,8933
14-03-2019,57990,57990,57001,57161.44922,56681.25391,10389
15-03-2019,57200,58000,56911,57609.5,57125.53906,8692
18-03-2019,57998,57998,57244,57433.75,56951.26953,5722
19-03-2019,57688.94922,57688.94922,57020,57444.25,56961.67969,2978
20-03-2019,57400,57400,56800,56976.60156,56497.95703,4821
22-03-2019,57000,57299,56175.55078,56547.75,56072.70313,5278
25-03-2019,56310,56320,55895.14844,56006.25,55535.75391,3193
26-03-2019,56399,56399,56050,56180.14844,55708.19531,5182
27-03-2019,56350,56885,56200,56585.14844,56109.79688,7145
28-03-2019,56740,56849.89844,56100.05078,56296.94922,55824.01563,5142
01-04-2019,58150,60689.94922,58000,60163.85156,59658.42578,15675
02-04-2019,60250,61684,60200,60390.10156,59882.79297,13292
03-04-2019,60480,60830,59600,60040.19922,59535.82031,7111
04-04-2019,60262,60498.89844,59750.05078,60003.14844,59499.07813,6488
05-04-2019,60003.14844,60400,59901.35156,60259.19922,59752.98047,4012
08-04-2019,60554,60554,58573.05078,58921.30078,58426.33203,4676
09-04-2019,59199,59350,57500,57641.19922,57156.96875,8355
10-04-2019,57800,58450,57300,57491.75,57008.78125,7299
11-04-2019,57600,57991,57304.05078,57468.89844,56986.10938,3874
12-04-2019,57500,58599,57500,58515.75,58024.17578,4869
15-04-2019,59000,59044.75,58028.19922,58147.89844,57659.41406,4502
16-04-2019,58269,58540,57950.10156,58056.10156,57568.38281,3320
18-04-2019,58203,58400.10156,57526.10156,57812.19922,57326.52734,4303
22-04-2019,57650,57747.10156,56384.39844,56595.14844,56119.71094,3745
23-04-2019,57085,57085,56400,56564.44922,56089.26563,3363
24-04-2019,56600,56800,55555,55642.39844,55174.96094,5419
25-04-2019,56049,56192.94922,55300,55420.89844,54955.32422,5110
26-04-2019,55750,55839.75,54250,54410.05078,53952.96875,11658
30-04-2019,54410.05078,54589.75,52500,52905,52460.5625,9371
02-05-2019,52605,53690,51586.30078,52424.85156,51984.44922,26249
03-05-2019,52500,53400,52500,53110.89844,52664.73438,12837
06-05-2019,53110.89844,53990,52706,53817.85156,53365.74219,11787
07-05-2019,54000,54650,52666.30078,52944.64844,52499.875,5985
08-05-2019,53049,54500,53000,54117.75,53663.12109,12180
09-05-2019,54400,54679.94922,54000,54431.19922,53973.9375,7410
10-05-2019,54600,54798.94922,53751.60156,53947.35156,53494.15234,5090
13-05-2019,53997,53997.89844,52927.89844,53071.75,52625.91016,2913
14-05-2019,53140,53499,52850,53289.85156,52842.17578,3264
15-05-2019,53590,53799,53200.05078,53559.30078,53109.35938,7314
16-05-2019,53849,53970,53100,53692.39844,53241.34766,5128
17-05-2019,53749.89844,54750,53401.64844,54369.69922,53912.96094,5326
20-05-2019,54889.69922,55149.94922,54232,54761.30078,54301.26563,9203
21-05-2019,55000,55150,54415,54772.10156,54311.97266,5597
22-05-2019,54999,55250,54500.05078,55123.85156,54660.77344,4630
23-05-2019,55523,56098.19922,54500,54818.30078,54357.78516,9450
24-05-2019,55200,57464.80078,55000,57009.30078,56530.38281,8395
27-05-2019,57300,57928.05078,56677.5,56862.64844,56384.96094,6040
28-05-2019,57148.94922,57250,56255.05078,56416.69922,55942.75781,4862
29-05-2019,56600,56890,55701,55916.69922,55446.95703,4761
30-05-2019,56250,56250,55025,55185.25,54721.66016,4519
31-05-2019,55299.10156,55676.69922,54525,55265.10156,54800.83594,6656
03-06-2019,55403.25,56431.94922,55390,56002.44922,55531.98828,6624
04-06-2019,56026,57600,56025,57382.44922,56900.39844,11498
06-06-2019,57599.94922,57741.05078,55510.60156,55805.80078,55336.99219,7419
07-06-2019,55950,56441.30078,55112,55597.5,55130.44141,6447
10-06-2019,55949,56000,55100,55594.55078,55127.51563,4118
11-06-2019,55800,56299.89844,55501,56197.05078,55724.95703,3948
12-06-2019,56270,56270,55417.30078,55709.5,55241.50391,4485
13-06-2019,55999,55999,54251,54770.94922,54310.82813,6714
14-06-2019,54651,55144,54383.80078,54704.75,54245.1875,3387
17-06-2019,54950,55300,54148.85156,54724.69922,54264.97266,5755
18-06-2019,54555,54950,54123.80078,54619.80078,54160.95313,4368
19-06-2019,54700,54931.80078,54326,54495.80078,54038,6317
20-06-2019,54599.94922,55000,54114.89844,54921.69922,54460.31641,2777
21-06-2019,54850,55199.89844,54450,54922.39844,54461.01172,3125
24-06-2019,54600,55089.94922,54555.25,54660.69922,54201.52344,5044
25-06-2019,55050,56338.64844,54498.94922,55552.89844,55086.21484,13088
26-06-2019,55300,56350,55249,56094.75,55623.51563,5529
27-06-2019,56092,56900,56092,56501.94922,56027.29297,7335
28-06-2019,56799,56800,56346.85156,56609.60156,56134.04688,6063
01-07-2019,56840,57147.94922,56513,56758.85156,56282.03906,3293
02-07-2019,56758.85156,56974.19922,56182,56667.60156,56191.55078,3549
03-07-2019,56700,57075.35156,56615.25,56806.64844,56329.43359,4265
04-07-2019,56810,57000,56301.14844,56539.44922,56064.47266,3757
05-07-2019,56540,56714.10156,55750,56003.14844,55532.67969,3876
08-07-2019,55712,55712,54402.85156,54776.25,54316.09375,6867
09-07-2019,54893,54900,53980,54571.19922,54112.75781,6050
10-07-2019,54572,55400,54555.55078,55196.89844,54733.20703,5225
11-07-2019,55001,56528.44922,54696,56163.89844,55692.07813,4222
12-07-2019,56148,56291.80078,55680,56074.69922,55603.62109,3806
15-07-2019,55810,56321.55078,55810,56132.39844,55660.84375,4232
16-07-2019,55851,56745,55851,56510.89844,56036.17188,3608
17-07-2019,56510,56510,55817.5,56004.69922,55534.21875,4807
18-07-2019,56005,56252.75,55406.05078,55538.39844,55071.83594,3075
19-07-2019,55740,55900,53175.85156,53502.85156,53053.39063,8765
22-07-2019,53782.85156,54365.85156,53254.05078,54144.10156,53689.25391,3720
23-07-2019,54349,54435.39844,53600,53941.80078,53488.64844,3685
24-07-2019,54000,54639.94922,53725,54028.60156,53574.73047,5309
25-07-2019,54025,54483.60156,53800,54112.89844,53658.30859,4636
26-07-2019,54000,54981.75,54000,54338.5,53882.01953,2683
29-07-2019,54340,54660,53510,53785.30078,53333.46875,7924
30-07-2019,53990,54289.75,53673,53778.5,53326.72266,4885
31-07-2019,53801,53801,52636.55078,53548.75,53098.89453,5426
01-08-2019,53450,53878.35156,53100,53355.60156,52960.78516,5918
02-08-2019,53050,54284.55078,52411.14844,53869.55078,53470.92969,5861
05-08-2019,53250,53650,52951,53352.89844,52958.10156,3159
06-08-2019,53200,54094.94922,53200,53871.14844,53472.51563,2796
07-08-2019,54000,54450,53700,53998.5,53598.92969,4650
08-08-2019,54015,54900,54005,54699.55078,54294.78906,2761
09-08-2019,54850,57431.60156,54550,57034.44922,56612.41016,21845
13-08-2019,56601.30078,57390.89844,56011.10156,56736.75,56316.91797,7241
14-08-2019,56621,57871.5,56350,57293,56869.04688,8058
16-08-2019,57300,58300,56501.35156,56823.60156,56403.125,5761
19-08-2019,57010,57745,57010,57589.80078,57163.65234,4045
20-08-2019,57502,57857,57228.94922,57548.89844,57123.04297,3228
21-08-2019,57501,57857,57200,57737,57309.76172,3921
22-08-2019,57502,57700,56979,57572.44922,57146.42969,5127
23-08-2019,57600,58400,56521.05078,57859.5,57431.35547,5842
26-08-2019,58450,59000,57304.05078,58782.39844,58347.41797,5060
27-08-2019,58780,59499,58650.55078,58871.5,58435.85938,4168
28-08-2019,58871,59200,57580.60156,57924.5,57495.87891,3434
29-08-2019,57950,57988,57188.05078,57545.64844,57119.82813,2946
30-08-2019,57660,58950,57660,58590.05078,58156.49609,4921
03-09-2019,58598.30078,58649.85156,57519.85156,57801.55078,57373.83984,3399
04-09-2019,57801.55078,58188.89844,57495.05078,57691.19922,57264.30078,3013
05-09-2019,57880,58260,57583.60156,57722.44922,57295.32031,2103
06-09-2019,58080,58980,57900.10156,58754.30078,58319.53516,2892
09-09-2019,58802,59200,58333,58869.10156,58433.48047,2887
11-09-2019,58950,60280,58875.05078,60101.94922,59657.21875,6205
12-09-2019,60256,61109.94922,60000,60658.89844,60210.04297,7908
13-09-2019,60754,60996.69922,59760.05078,60119.94922,59675.07422,7070
16-09-2019,59799,59980,59300.05078,59461.5,59021.5,2897
17-09-2019,59650,59993.64844,57550,57852.39844,57424.3125,5455
18-09-2019,58699,58699,58000,58364.55078,57932.67578,4374
19-09-2019,58213,58400,57890.94922,58069.14844,57639.44922,2409
20-09-2019,58380,65850,58069.14844,64642.89844,64164.5625,25477
23-09-2019,64900,67467,64900,66180.25,65690.52344,16170
24-09-2019,66749,67227.54688,65691.29688,65879.54688,65392.07031,8452
25-09-2019,65522,65990,64200,64499.5,64022.22266,6021
26-09-2019,64499.5,65420,62150,62859.60156,62394.45703,20476
27-09-2019,62859.60156,63875.85156,62286.75,62674.55078,62210.77344,7538
30-09-2019,62959,63449.89844,62470,63291.55078,62823.21094,4885
01-10-2019,63299,63949,60768.94922,61863.39844,61405.62891,9209
03-10-2019,61863.39844,62065,61200,61471.05078,61016.18359,5960
04-10-2019,61980,61980,60515.89844,60938.35156,60487.42188,4320
07-10-2019,60989,61559,60600,61165.10156,60712.5,3561
09-10-2019,61250.5,61500.89844,60283.55078,61186.10156,60733.33594,6263
10-10-2019,61200,61389,60736.85156,61174,60721.33594,3047
11-10-2019,61250,61887.55078,61050,61722.69922,61265.97266,4974
14-10-2019,61723,62717.55078,61641.35156,61996.64844,61537.89453,4294
15-10-2019,62150,63297.89844,61772,63027.5,62561.11719,4999
16-10-2019,63030,63615.94922,62629.44922,62896.89844,62431.48438,3660
17-10-2019,62896,65711.60156,62656,64901.89844,64421.63672,7039
18-10-2019,64900,65086.94922,63800,64019.75,63546.02344,4473
22-10-2019,64394.94922,64749.89844,64030.05078,64211.30078,63736.14844,3206
23-10-2019,64288,64542.94922,63866.44922,64321.30078,63845.33984,5771
24-10-2019,64650,64700,63055,63480.19922,63010.46094,8461
25-10-2019,63830,63980,63025.35156,63285.60156,62817.30469,5263
27-10-2019,63749,63749,63011.85156,63324.35156,62855.76953,534
29-10-2019,63579,65600,63334.14844,65171.14844,64688.89453,10839
30-10-2019,65250,65450,64103.44922,64893.30078,64413.11328,5400
31-10-2019,65200,66300,65105.10156,65673.75,65187.77344,7189
01-11-2019,65990,66495.60156,64684.39844,64965.80078,64485.07422,7154
04-11-2019,65301,65709.95313,64200,64440.35156,63963.50781,5008
05-11-2019,64738,65200.85156,63231.39844,63855.75,63383.23828,5484
06-11-2019,63880,64163.14844,63365.05078,63637.75,63166.84766,3245
07-11-2019,63755,63921.89844,63310.05078,63522.60156,63052.54688,2116
08-11-2019,63681.39844,65490,62855.69922,64454.44922,63977.50781,15991
11-11-2019,64001,64100,62950,63085.19922,62618.38281,7175
13-11-2019,63380,63380,62400,62959.14844,62493.26953,4688
14-11-2019,63068.80078,63700,62785.30078,63621.5,63150.71094,3395
15-11-2019,63749.05078,64460.25,63312.30078,63950.5,63477.28906,3201
18-11-2019,64110.39844,64699,63850,64393.55078,63917.05859,3043
19-11-2019,64440,64440.55078,63420,63539.35156,63069.17578,2672
20-11-2019,63849,64111.94922,62750.19922,63058.44922,62591.83203,2999
21-11-2019,63100,63430.19922,62446.19922,62546.5,62086.63281,3752
22-11-2019,62546,63100,62500.05078,62651.35156,62190.70703,3155
25-11-2019,62652,63954,62652,63860.14844,63390.62109,5750
26-11-2019,63865,64465.75,62933.75,63092.35156,62628.46094,4604
27-11-2019,63100,63496,62851,63004,62540.76172,4315
28-11-2019,63200,64298.89844,62812,63982.60156,63512.16797,4581
29-11-2019,63855.05078,64116.19922,63200.10156,63397.05078,62930.92188,2797
02-12-2019,63397.05078,63597.5,62550,62723.05078,62261.88672,4456
03-12-2019,62879.05078,63044.19922,61931.44922,62061.69922,61605.38281,4973
04-12-2019,62061.69922,62555.10156,61550,62092.10156,61635.57422,4926
05-12-2019,62380,62597.85156,61575.05078,61760.25,61306.15625,7439
06-12-2019,62187.89844,62750,61253.39844,61533.19922,61080.76953,6126
09-12-2019,61366,63097.14844,61252,62490.39844,62030.9375,3917
10-12-2019,62400,62458.94922,61525.05078,62070.10156,61613.72266,3345
11-12-2019,62300,62348.94922,61603.30078,62050.19922,61593.97266,2791
12-12-2019,62100,62950,62061.89844,62692.10156,62231.15625,2718
13-12-2019,62800,64100,62800,63926.35156,63456.33203,4829
16-12-2019,63600,64850,63600,64254.25,63781.81641,5929
17-12-2019,64254,64999.55078,63879,64703.75,64228.01953,3451
18-12-2019,64603.14844,64929.94922,64000,64126.89844,63655.40234,8346
19-12-2019,64250,64376.5,63728.05078,64080.05078,63608.90625,3274
20-12-2019,64080.05078,64387.94922,63457.89844,63765.19922,63296.37109,4087
23-12-2019,63600,63900,63387.60156,63680.89844,63212.69141,3576
24-12-2019,63616,63900,63449.89844,63611.75,63144.03906,2205
26-12-2019,63612,63750,62796.44922,63141.75,62677.50391,3506
27-12-2019,63299.60156,66599.79688,63202.10156,65639.45313,65156.83984,8889
30-12-2019,65999,66990,65500,66252.39844,65765.28125,9010
31-12-2019,65995.70313,66579,65792,66330.29688,65842.61719,6007
01-01-2020,66199,66944,66100,66709.04688,66218.57031,4235
02-01-2020,66709.04688,67715.95313,66266,67302.54688,66807.6875,6603
03-01-2020,67400,67466.64844,66250,66583.45313,66093.92188,5527
06-01-2020,66012.29688,66176.89844,65120.14844,65508.94922,65027.29297,10446
07-01-2020,65749,66515.04688,65100,65334.10156,64853.73047,10835
08-01-2020,64800,65237.89844,64300,64871.55078,64394.58594,7222
09-01-2020,65800,67150,65520.80078,66917.70313,66425.67969,9491
10-01-2020,66725,68100,66329.54688,67493.64844,66997.41406,9439
13-01-2020,67492,67900,66750,67016.70313,66523.96875,5981
14-01-2020,66701,67500,66452,66696.10156,66205.72656,8147
15-01-2020,66798,66918.60156,65819.54688,66271.70313,65784.4375,7937
16-01-2020,66499,67150,65897,67059.39844,66566.33594,9044
17-01-2020,67460,70000,67139.95313,69312.89844,68803.28906,22381
20-01-2020,69060,70220.25,68244,68510.75,68007.01563,9587
21-01-2020,68400,68550,67586.89844,67930.14844,67430.71094,3847
22-01-2020,68459,68800,67521.14844,67851.14844,67352.26563,4575
23-01-2020,68500,70000,68140,69878.64844,69364.85938,9651
24-01-2020,69611,70825.64844,69500,70407.35156,69889.67969,8680
27-01-2020,70290,70600,69781,70309.35156,69792.39844,7624
28-01-2020,70585,70999.95313,69342.04688,69864.70313,69351.01563,5883
29-01-2020,70090,70600,70000,70372.54688,69855.13281,4712
30-01-2020,70539,70600,69501,69818.60156,69305.26563,6362
31-01-2020,69849,70600,69318.20313,69674.75,69162.46094,4805
03-02-2020,68690,69888,68000,69462.64844,68951.92969,6669
04-02-2020,69650,71899,69650,71680.14844,71153.11719,12327
05-02-2020,71680.14844,73565.70313,71680.14844,72390.79688,71858.54688,10788
06-02-2020,72599,73100,71260,71636.35156,71109.64063,5926
07-02-2020,71899,71900,70371.25,70960.45313,70438.72656,5974
10-02-2020,71490,73500,69800,73247.89844,72709.34375,29310
11-02-2020,73200,73500,71111,71381.70313,70856.875,13405
12-02-2020,71755,72809.29688,71400,71675.95313,71148.95313,5903
13-02-2020,71967,71967,70901.10156,71525.14844,70999.25,5184
14-02-2020,71800,72519.20313,71100,71799.20313,71271.30469,7017
17-02-2020,71800,72333,71200,71299.79688,70775.5625,3950
18-02-2020,71500,71500,69525,69693.60156,69184.09375,9604
19-02-2020,70290,70437.14844,69500,69959.29688,69447.84375,5731
20-02-2020,69959.29688,71232.60156,69751.10156,70789.5,70271.96875,8466
24-02-2020,70888,70888,68500.14844,68874.70313,68371.1875,4295
25-02-2020,69100,69798.89844,68500,69133.45313,68628.03906,6211
26-02-2020,69134,69403.95313,67850,68140,67641.85156,5155
27-02-2020,68180,68339.95313,66730.70313,67559.45313,67065.54688,6856
28-02-2020,66400,67296.64844,65315,66393.20313,65907.82813,11768
02-03-2020,66891,67595.89844,65551,65976.29688,65493.95313,6419
03-03-2020,66799,68558.35156,65600,67740.70313,67245.46875,8202
04-03-2020,67270,67698.79688,66100,67053.35156,66563.125,8187
05-03-2020,67300.04688,68169.89844,66809.5,67325.14844,66832.92969,5745
06-03-2020,66389,66500.20313,63858.55078,66348.14844,65863.10938,9851
09-03-2020,65800,65800,63052.44922,64261.85156,63792.05469,9596
11-03-2020,64200,65687.29688,62703,63589.85156,63124.96484,15621
12-03-2020,62001,62888.19922,58000,60555.25,60112.54688,17336
13-03-2020,56030,66300,56030,65929.35156,65447.34766,15213
16-03-2020,62000,63899.85156,60309.05078,61295.05078,60846.9375,11325
17-03-2020,61295.05078,63749.80078,60350.05078,62140.69922,61686.41016,14677
18-03-2020,62899.94922,63395.10156,59200,59921.14844,59483.07813,12224
19-03-2020,58950,59870,56950.5,57803.75,57381.16016,18081
20-03-2020,58199.94922,61111.10156,57534.69922,58988.94922,58557.69531,12332
23-03-2020,55905,56998.85156,51500,51970.25,51590.3125,20514
24-03-2020,55000,55000,49915.10156,52597.69922,52213.17188,15772
25-03-2020,50155.55078,57700,50155.55078,56579.25,56165.61719,16480
26-03-2020,56600,60742.64844,54900,55343.75,54939.14844,16474
27-03-2020,57940,58200,53620,56371.25,55959.14063,15883
30-03-2020,54700,55270,53522.89844,54375.69922,53978.17578,39105
31-03-2020,54600,59312,54121.05078,58164.44922,57739.21875,25755
01-04-2020,57900,57900,54675.44922,55108.85156,54705.96484,20661
03-04-2020,55600,56200,54500,55062.25,54659.70703,33126
07-04-2020,56500,58088,56055.05078,57701.05078,57279.21094,18689
08-04-2020,56600,59500,56300,57172.75,56754.77734,15231
09-04-2020,58599,60460.05078,57700.19922,60017.89844,59579.125,17979
13-04-2020,59500,59831.39844,57101,57399.19922,56979.57422,13752
15-04-2020,58500,58500,56760,57417.75,56997.98438,17187
16-04-2020,57390,62000,57012.10156,60441.89844,60000.02344,22062
17-04-2020,61541.89844,62340,61000,61638.30078,61187.67578,15847
20-04-2020,62000,62000,61150,61384,60935.24219,9847
21-04-2020,60500,60793.60156,58500.69922,58864.75,58434.40625,12668
22-04-2020,58875,59489.89844,57829,58221.94922,57796.30469,14951
23-04-2020,58547,59341.85156,58500,58712.35156,58283.125,8688
24-04-2020,58225,59200,58000,58805.39844,58375.49609,8119
27-04-2020,59700,60290,58805.39844,59206.55078,58773.70313,7821
28-04-2020,59800,59800,58550,59075.69922,58643.80859,6233
29-04-2020,59100,59750,58900,59203.69922,58770.87109,8035
30-04-2020,59800,61800,59499.94922,60510.64844,60068.27344,18800
04-05-2020,59499.94922,59499.94922,57700,57987.30078,57563.37109,9677
05-05-2020,58647,59350,57500,57750,57327.80078,9615
06-05-2020,58350,58790,57200.10156,58362.69922,57936.03125,8360
07-05-2020,58000,59000,58000,58831.05078,58400.96094,7492
08-05-2020,58902,59783.05078,58450,58874.89844,58444.47656,9752
11-05-2020,59025,59450,58286,58791.19922,58361.39453,12163
12-05-2020,58500,58629.89844,57318.85156,57632.10156,57210.76563,8170
13-05-2020,58850,60200,58221.5,59645.14844,59209.09766,16232
14-05-2020,58676,59125,57925.39844,58132.60156,57707.60938,6586
15-05-2020,58751,58751,57775,58135.55078,57710.54297,8049
18-05-2020,58235,58499.94922,56150,56356.05078,55944.04688,9020
19-05-2020,56850,57400,56600,56828.19922,56412.74219,6472
20-05-2020,57200,57400,56745.05078,57298.89844,56880.01172,7045
21-05-2020,57399,58260,57300,57451.5,57031.48438,4818
22-05-2020,57309.44922,57890,57000,57434.10156,57014.21875,4096
26-05-2020,57834.80078,58199.94922,57195.14844,57726.10156,57304.07422,6257
27-05-2020,57825,58200,57500,58078.80078,57654.20313,5430
28-05-2020,57952,58950,57951.94922,58466.19922,58038.77734,6482
29-05-2020,58350.5,59350.5,58350.5,59113.10156,58680.94141,7484
01-06-2020,59500,62269.94922,59365.60156,61446.05078,60996.83594,11453
02-06-2020,61999,63738.44922,61657.69922,62692.39844,62234.07422,11885
03-06-2020,63499.94922,64172.30078,61129.25,61744.25,61292.85547,14523
04-06-2020,61844.25,62487.89844,60710,61648.75,61198.05078,11209
05-06-2020,61705,63844,61521.10156,63526.19922,63061.77344,13614
08-06-2020,63700,65150,63561.10156,64244.39844,63774.72656,15854
09-06-2020,64970,64970,63550,63994.14844,63526.29688,12490
10-06-2020,63990,64394.14844,63250.89844,63796.35156,63329.95313,7412
11-06-2020,63699.94922,64099.94922,62700.14844,62884.94922,62425.21875,7919
12-06-2020,61000,64100,59500,63729.05078,63263.14844,11399
15-06-2020,64950,65499,62500,62993.60156,62533.07031,16231
16-06-2020,63725,64495,62077.5,62660.30078,62202.20313,9122
17-06-2020,62748,63500,62369.05078,62968.25,62507.90234,7254
18-06-2020,62888,63350,62701.05078,62999.69922,62539.125,4653
19-06-2020,63101,63592.94922,62700,62949.30078,62489.09375,7143
22-06-2020,63200,65200,63200,64762.75,64289.29297,11458
23-06-2020,65010,65650.54688,64155.69922,64532.64844,64060.875,8282
24-06-2020,65032.64844,65870,63586.39844,64128.10156,63659.27734,9738
25-06-2020,64160,65500,63870,64809.64844,64335.83594,7199
26-06-2020,65009.64844,67000,65009.64844,66457.70313,65971.84375,15913
29-06-2020,66400,66800.79688,64830.05078,65196.89844,64720.26172,19328
30-06-2020,66480,67725,65750,67274.5,66782.6875,24297
01-07-2020,66800,66800,65600,65836.79688,65355.49219,13670
02-07-2020,66400,66800,65800,66092.85156,65609.66406,9523
03-07-2020,66301,66599.95313,65815.45313,66140.25,65656.70313,8136
06-07-2020,66601,67550,66350,67333.54688,66841.27344,10688
07-07-2020,67333.54688,67510,65600,66858.79688,66370,11291
08-07-2020,67000,67448.64844,65000.69922,65287.19922,64809.90234,16872
09-07-2020,65944.89844,66200,65050,65335.85156,64858.19141,11634
10-07-2020,65799,65799,64515,64867.25,64393.02734,12530
13-07-2020,65100,65698.89844,64350,64673.44922,64200.63281,8442
14-07-2020,64800,64890,63610.14844,64396,63925.21875,10422
15-07-2020,64677,65199.94922,63460,63675.35156,63209.84375,12777
16-07-2020,64000,64132.75,62431.35156,63537.94922,63073.44141,11199
17-07-2020,63998.94922,65870.85156,63382.69922,65360.55078,64882.71484,13834
20-07-2020,65500,65849.5,64720.10156,65042.80078,64567.28125,10937
21-07-2020,65800,65900,65250.25,65621.10156,65141.375,10307
22-07-2020,65590,65590,64255.80078,64407.75,63936.88281,14416
23-07-2020,64793.55078,64793.55078,63100,63357.35156,62894.16797,13509
24-07-2020,63199,63800,62700,62976.5,62516.09375,15917
27-07-2020,63580,63580,61605,61931.60156,61478.84375,14479
28-07-2020,62199.80078,63000,62006,62204.89844,61750.14453,14267
29-07-2020,62400,62800,61550,61815.10156,61363.19531,9789
30-07-2020,62000,62399.89844,60700.69922,61043.14844,60596.87891,12271
31-07-2020,61200,61600,60602,61048.55078,60602.24219,11425
03-08-2020,61000,61800,60802.25,60974.64844,60528.87891,9152
04-08-2020,61500,61700,61004.14844,61270.10156,60822.17188,15026
05-08-2020,61400,61900,61150,61519.05078,61069.30078,9425
06-08-2020,61500,61850,61100,61345.80078,60897.32813,4610
07-08-2020,61250,63260,61250,62702.80078,62244.39844,29581
10-08-2020,62798,63550,61700,61863,61410.74219,9740
11-08-2020,62200,62490,61390,61460.44922,61011.12891,9749
12-08-2020,61640,61899.85156,61350,61634.75,61184.15234,11449
13-08-2020,61900,64352.25,61400,63976.5,63508.78125,29507
14-08-2020,64000,64600,61200,61433.75,60984.62891,49738
17-08-2020,62199,62282.14844,59940.39844,60148.05078,59708.31641,32399
18-08-2020,60700,60879.94922,60000,60205.5,59765.35547,21461
19-08-2020,60580,60720,59604.10156,59837.80078,59400.34375,25319
20-08-2020,59998.35156,60300,59235.64844,59507.30078,59072.25781,27828
21-08-2020,59990,60150,59325.10156,59627.14844,59191.23438,31493
24-08-2020,60000,60537.5,59505.05078,59598.55078,59162.84375,22258
25-08-2020,59947,60150,59067.25,59286.39844,58852.97656,23315
26-08-2020,59250,59746.25,59250,59336.75,58902.95703,19075
27-08-2020,59786,59799,59100,59316.55078,58882.89844,12994
28-08-2020,59400,59999,59151,59579.85156,59144.28125,16940
31-08-2020,59999,59999,57520.05078,57987.44922,57563.51953,17715
01-09-2020,58500,58698.94922,57600,58345.30078,57918.76172,14263
02-09-2020,58410,59099.85156,58000,58586.75,58158.44141,12907
03-09-2020,58741,58998,58304.44922,58492.10156,58064.47656,8086
04-09-2020,58250,58800,57565.44922,58425.39844,57998.26172,11067
07-09-2020,58425.39844,58854.94922,58000,58374.19922,57947.44141,12599
08-09-2020,58500,58500,58050,58212.64844,57787.07813,9805
09-09-2020,58200,59054.94922,57867,58763.55078,58333.94922,12863
10-09-2020,58865,59399,58700,59134.05078,58701.73828,9822
11-09-2020,59100,59400,58445.89844,59226.69922,58793.71094,14081
14-09-2020,59230.05078,59800,58199.85156,58519.85156,58184.36719,17430
15-09-2020,58600,59400,58200,58408.44922,58073.60938,40617
16-09-2020,58600,59850,58508.44922,59573.94922,59232.42969,23565
17-09-2020,59310,59778,59154.55078,59530.85156,59189.57813,12214
18-09-2020,59600.85156,59970,58530.75,58950.60156,58612.65625,17210
21-09-2020,58950.60156,59079.89844,57866,58159.25,57825.84375,23226
22-09-2020,58160,58350.25,57400,57709.55078,57378.71484,9817
23-09-2020,58000,58320,56800,57211.5,56883.52344,11256
24-09-2020,56999.55078,57098.10156,55300,55618.85156,55300.00391,10032
25-09-2020,55910,58000,55701.05078,57461.44922,57132.03516,12635
28-09-2020,57800,59449.94922,57800,59306.55078,58966.56641,12997
29-09-2020,59778.80078,59890,58175.75,59462.35156,59121.46875,17381
30-09-2020,59300,60001,58700,59572.19922,59230.6875,16827
01-10-2020,59570,60695,59400,60578.30078,60231.02344,15857
05-10-2020,60800,61233.94922,60300,60525.60156,60178.62109,16527
06-10-2020,60800,61100,60076.35156,60269.94922,59924.44141,9028
07-10-2020,60490,61089.69922,59956.80078,60601.55078,60254.14063,10706
08-10-2020,60728.94922,61100,59600,60175.35156,59830.39063,9954
09-10-2020,60677.89844,60677.89844,58542.64844,58784.89844,58447.89453,12645
12-10-2020,59298,59298,58174.05078,58587.10156,58251.23828,9057
13-10-2020,58200.10156,59439.19922,58200.10156,58589.94922,58254.07031,15742
14-10-2020,58700,59149,58000,58903.55078,58565.87109,16274
15-10-2020,59000,59246.39844,58150,58454.64844,58119.54688,9112
16-10-2020,58350,58880.14844,57860.05078,58013.10156,57680.53125,7262
19-10-2020,58300.94922,60100,58100,60009.85156,59665.83203,21961
20-10-2020,59251,60347.30078,59251,59927.35156,59583.80469,14375
21-10-2020,60000,61599,60000,61042.44922,60692.51172,32354
22-10-2020,61042.44922,62442.60156,60834.64844,62250.35156,61893.49609,24154
23-10-2020,62250,63985,62130.69922,63619.10156,63254.39063,31802
26-10-2020,63800,64319.89844,62863.94922,63280.44922,62917.67969,30884
27-10-2020,64546,69608.45313,63502.10156,68202.60156,67811.64063,88721
28-10-2020,68202.60156,68202.60156,65360.05078,66844.54688,66461.33594,46839
29-10-2020,66000,68917.45313,65160.89844,67298.35156,66912.54688,50267
30-10-2020,67748,68450,64600.05078,65303.25,64928.88672,51521
02-11-2020,65500,66637.20313,64760.05078,66226.04688,65846.39844,32674
03-11-2020,66645,67999,66567.64844,67676.25,67288.28125,29445
04-11-2020,67320.25,69250,67223.5,68449.85156,68057.44531,33722
05-11-2020,69000,69890.10156,68208.04688,68568.5,68175.42188,32905
06-11-2020,69250,69900,68139.85156,68516.85156,68124.07031,47996
09-11-2020,69100,70325.70313,68665.60156,69841.04688,69440.65625,36658
10-11-2020,70444,70736.29688,68973.95313,69367,68969.35156,36190
11-11-2020,69480,70490,67919.14844,68589.14844,68195.94531,43328
12-11-2020,68999,69579.75,68650,69386.89844,68989.125,20708
13-11-2020,69500,72499,69450,71826.20313,71414.4375,48897
14-11-2020,72225,72490,71001.25,71926,71513.67969,5247
17-11-2020,72288,74650,71926,74095.45313,73670.66406,48299
18-11-2020,74095.45313,75400,72374.29688,75041,74613.82813,62263
19-11-2020,74500,77399,74106.95313,76831.35156,76393.98438,64112
20-11-2020,76959,79500,76800,79069.39844,78619.30469,80370
23-11-2020,81160,81249.39844,79200.04688,80114.5,79658.4375,60161
24-11-2020,80300,80950,79100.54688,79840.14844,79385.64844,56578
25-11-2020,80800,80800,75653,76311.75,75877.35938,52953
26-11-2020,77000,77543.95313,74305.25,75820.04688,75388.42969,77903
27-11-2020,76500,79228.95313,75300,77738.64844,77296.125,281075
01-12-2020,79400,80102.35156,77777.5,79564.29688,79111.375,57627
02-12-2020,79800,80000,78631.95313,79781.25,79327.10938,38286
03-12-2020,79773.29688,79800,78500,78894.64844,78445.54688,28657
04-12-2020,79399.95313,79600,78200,78698.14844,78250.15625,35870
07-12-2020,77887.29688,79995,77887.29688,79527.64844,79074.9375,25469
08-12-2020,79600,79984.29688,78862.79688,79161.79688,78711.16406,23532
09-12-2020,79495,79600.79688,78000.04688,78371.29688,77925.17188,18683
10-12-2020,78499,78745.35156,77350.10156,77615.20313,77173.375,22452
11-12-2020,77990,78396.70313,77300,77878.35156,77435.03125,20832
14-12-2020,78400,78400,77300,77547.64844,77106.19531,15865
15-12-2020,77547.64844,77800,76800,77286.35156,76846.38281,14509
16-12-2020,77383,79180.39844,77380,78618.85156,78171.32813,29876
17-12-2020,78625,79166.29688,77000,77291.14844,76851.16406,19833
18-12-2020,77900,78190,76850,77571.54688,77129.96875,34069
21-12-2020,77638,77793.14844,74545.45313,75277.70313,74849.17188,24201
22-12-2020,75477,76709.85156,73777.75,76096.35156,75663.17188,27697
23-12-2020,76000,76850,75406.39844,75854.85156,75423.04688,15368
24-12-2020,76400,76549.95313,75550,75892.35156,75460.33594,14445
28-12-2020,76100,76840.20313,75008.85156,75366.70313,74937.6875,18088
29-12-2020,75899,76000,74860,75677.54688,75246.74219,14694
30-12-2020,75561.04688,77672.75,75300,76925.10156,76487.21094,16171
31-12-2020,76600,77339.95313,75310.14844,75750.45313,75319.25,28028
01-01-2021,76000,76334.35156,75550,76021.64844,75588.89063,13254
04-01-2021,76200.64844,78900,75900,78402.20313,77955.91406,28145
05-01-2021,77800,79373,77700,79053,78603.00781,25539
06-01-2021,79053,79800,77619.20313,78752.25,78303.9375,30427
07-01-2021,79500,79500,77000,77332.60156,76892.38281,21765
08-01-2021,77780,81399,77600,80602.10156,80143.27344,31729
11-01-2021,80700,83000,80500,82507.89844,82038.23438,48475
12-01-2021,82400,87000,81712.39844,85746.89844,85258.78125,87936
13-01-2021,86200,87399.95313,85300,85642.29688,85154.77344,57619
14-01-2021,86300,89938.10156,85785,88749.64844,88244.4375,55671
15-01-2021,89150,89823.89844,86401.29688,87551.75,87053.375,57495
18-01-2021,87800,88165.60156,85111.25,85661.85156,85174.22656,30785
19-01-2021,86150,88005.70313,86150,87197.54688,86701.17969,21305
20-01-2021,87800,94120.14844,87600.60156,93081.5,92551.64063,80494
21-01-2021,93600,96479.70313,90602,91712.89844,91190.83594,111415
22-01-2021,92444,94345.95313,91420,92305.95313,91780.50781,90867
25-01-2021,93879.95313,93879.95313,89205.10156,89638.35156,89128.09375,60275
27-01-2021,90100,90177.25,87510,88577.75,88073.51563,58528
28-01-2021,88100,89411.60156,87122.75,87487.70313,86989.67188,51944
29-01-2021,88499.10156,89388,83455.70313,84069.14844,83590.58594,56240
01-02-2021,84888,88798.60156,83900.04688,88133.64844,87631.94531,46017
02-02-2021,89450,91949.89844,88926.85156,90745.95313,90229.39063,51519
03-02-2021,91583.20313,93278.35156,89500.04688,89963.5,89451.38281,44550
04-02-2021,90999.89844,93780,89964,92181.95313,91657.21875,63583
05-02-2021,93318.29688,93566.95313,90272.14844,90693.04688,90176.78125,49120
08-02-2021,92249.89844,92551.25,90000,90870.75,90353.46094,36568
09-02-2021,91495,94699,90400,93597.89844,93065.10156,69603
10-02-2021,93852,97880.79688,92750,96973.85156,96421.83594,72305
11-02-2021,96770,98599.95313,89120,90084.70313,89571.89844,182954
12-02-2021,92000,93480,90085,91278.04688,90758.45313,138059
15-02-2021,92373.39844,92450,90000,90643.89844,90127.90625,54272
16-02-2021,91499,91550,89003.79688,89575.35156,89065.45313,58998
17-02-2021,90999.89844,90999.89844,88811,89184.5,88679.78906,39383
18-02-2021,89500,90000,88350,88881.35156,88378.35938,36398
19-02-2021,88160,89369.85156,87000,88120.10156,87621.41406,34825
22-02-2021,88800,88800,86226,86921.29688,86429.38281,33729
23-02-2021,87293.60156,88105.04688,85800,87558.5,87063,37383
24-02-2021,88100,88600,86850,87979.64844,87481.75,13773
25-02-2021,88200,88600,87362.85156,87622.79688,87126.91406,22420
26-02-2021,86900,87320,83803.54688,84498.14844,84019.95313,46327
01-03-2021,85200,89864,85152.04688,89025.45313,88521.64063,48753
02-03-2021,90148.75,90274,88446.95313,89680.39844,89172.86719,34837
03-03-2021,89680,89950,88480,89097.10156,88592.89844,22137
04-03-2021,88200,90801,88097.70313,89773.54688,89265.50781,29437
05-03-2021,89699.89844,89699.89844,88005,88661.75,88160,27911
08-03-2021,88661.75,89484.95313,87202.04688,87564.54688,87069.01563,21119
09-03-2021,88398.39844,89505.5,88000,89067.70313,88563.65625,24443
10-03-2021,89702.75,89703,88379.45313,88684.10156,88182.23438,16992
12-03-2021,88800,90300,88200,88775.35156,88272.95313,25808
15-03-2021,89200,89490.5,87000,87673.54688,87177.38281,22657
16-03-2021,87900,88479.85156,86500,86819,86327.67969,22685
17-03-2021,87328.54688,87328.54688,85246.25,85609,85124.53125,18541
18-03-2021,86025.20313,86348.25,83000.04688,83206.25,82735.375,30104
19-03-2021,82900,84920.95313,80605.79688,84539.79688,84061.375,63106
22-03-2021,84500,85499,82421.10156,83722.79688,83249,27406
23-03-2021,83999.89844,84999.95313,83600,84615.10156,84136.25,26061
24-03-2021,83870,84345.39844,81800,82341.70313,81875.72656,25865
25-03-2021,82300,82993,80702.70313,81751.20313,81288.55469,33840
26-03-2021,82749.39844,82749.39844,81800,82009.45313,81545.35156,17694
30-03-2021,82511,83946,81325.04688,83185.29688,82714.53906,34009
31-03-2021,82711.39844,83525.75,81950,82259.45313,81793.92969,17739
01-04-2021,83148,83449.95313,82200,83133.10156,82662.63281,19973
05-04-2021,82310,83269.10156,81262.60156,81520.89844,81059.55469,19060
06-04-2021,82139.75,82500,81211.10156,82245.54688,81780.09375,18062
07-04-2021,81770,83950,81684.75,83672.60156,83199.09375,16887
08-04-2021,83900,84492.14844,82500,82983.10156,82513.48438,19674
09-04-2021,82908.35156,83287.45313,81750,81888.14844,81424.71875,14917
12-04-2021,81300,81400,78900,79227.85156,78779.5,24417
13-04-2021,79500,83100,79300,82671.60156,82203.75,30804
15-04-2021,81700,82449.95313,80500,80980.5,80522.21094,33546
16-04-2021,81410,81981.04688,80980.5,81366,80905.53125,23199
19-04-2021,79205,80399,78813,79231.39844,78783.01563,26801
20-04-2021,80399.95313,80650.10156,78699.54688,79339.79688,78890.79688,27667
22-04-2021,79100,79100,77634.35156,78308,77864.84375,41067
23-04-2021,78280,78881,77800,78214.14844,77771.52344,17859
26-04-2021,78550,79296.39844,77484.5,77687.54688,77247.89844,16483
27-04-2021,77900,78472.89844,77700,78010.39844,77568.92188,13283
28-04-2021,78390,79300,77850,78060.79688,77619.03125,23446
29-04-2021,78600,79100,77505,77656.89844,77217.42969,18240
30-04-2021,77600,81699,77200,80720.54688,80263.72656,60005
03-05-2021,80399.89844,81127.95313,79300.10156,79907.54688,79455.32813,18348
04-05-2021,80880,80880,78410.14844,78614.5,78169.60938,24181
05-05-2021,79299.95313,79398.95313,77751,78277.70313,77834.71875,17889
06-05-2021,78300,79199.95313,77756.25,77887.29688,77446.51563,17273
07-05-2021,78300,78770,77200,77446.20313,77007.92188,21111
10-05-2021,78200,78745,77500,78370.04688,77926.53906,15645
11-05-2021,77914,78989.95313,77606.35156,78621.14844,78176.23438,14533
12-05-2021,78300,79225.10156,77001,77267.29688,76830.02344,21902
14-05-2021,77501,77850,75950,76135.75,75704.875,23176
17-05-2021,76780,78464.29688,76000,78211.79688,77769.1875,20991
18-05-2021,78850,79947,78405.54688,79270,78821.39063,24073
19-05-2021,79272,80000,78340.04688,79683.20313,79232.27344,19150
20-05-2021,79800,82469.95313,79246.35156,81231.10156,80771.39844,26037
21-05-2021,81700,82483.64844,81300,82178.20313,81713.14844,20210
24-05-2021,82360,83300,82000,82458.85156,81992.20313,15291
25-05-2021,82706,83098.95313,81921,82181.64844,81716.5625,11453
26-05-2021,82669.95313,82800,81400,81569.5,81107.875,10203
27-05-2021,81599.89844,83174.85156,81355.60156,82794.14844,82325.59375,18209
28-05-2021,83199,83650,82825,83382.10156,82910.22656,10943
31-05-2021,83237,83965,83000,83641.39844,83168.05469,10282
01-06-2021,83643.39844,84800,82811.79688,83083.45313,82613.25781,11331
02-06-2021,82800,84776.45313,82800,84432.64844,83954.82813,10170
03-06-2021,84705,85086,83810,84471,83992.96094,9669
04-06-2021,84850,85336,84240,84918.70313,84438.14063,11134
07-06-2021,85598.89844,87300,82250,82400.5,81934.17188,69851
08-06-2021,82260,82455.14844,81150.14844,81349.20313,80888.82813,26448
09-06-2021,81869,81989,80009,80228.14844,79774.13281,19134
10-06-2021,80301,82325.95313,80050.04688,82172.14844,81707.11719,20186
11-06-2021,82572.14844,82818.45313,81325.20313,82171.5,81706.47656,13297
14-06-2021,82000,83127.95313,81271.29688,82476.85156,82010.10938,11908
15-06-2021,82530.5,83357.75,81950,82862.70313,82393.77344,12061
16-06-2021,82799,83150,82350.04688,82554.29688,82087.10938,10103
17-06-2021,81925,83295.85156,81826.04688,82676.39844,82208.52344,14770
18-06-2021,82650,83147.39844,80500,82644.10156,82176.39844,32641
21-06-2021,81000,82250,81000,81777.04688,81314.25781,6928
22-06-2021,82500,82500,81500,81747.25,81284.63281,7101
23-06-2021,81750,82499.95313,81750,81970.54688,81506.65625,4801
24-06-2021,82198,82198,80650,80975,80516.75,9667
25-06-2021,81217.89844,81249.04688,80375,80514.20313,80058.54688,7525
28-06-2021,80899,81148.85156,80141,80554.64844,80098.77344,10158
29-06-2021,80750,80750,79527.75,80222.25,79768.26563,14280
30-06-2021,80300,80649.54688,79871,80079.5,79626.32031,7178
01-07-2021,80100,81467.85156,80100,81018.29688,80559.78906,9204
02-07-2021,81021.10156,81489.60156,80600,81142.29688,80683.09375,6768
05-07-2021,81190,81827.75,80600,80830.35156,80372.91406,8057
06-07-2021,80890,81384,80350,80449.20313,79993.92969,6734
07-07-2021,80600,81349.85156,80300.20313,80768.89844,80311.80469,10475
08-07-2021,81000,81339.95313,80100,80417.95313,79962.85156,5867
09-07-2021,80600,80699.89844,79880,79994.70313,79541.99219,10267
12-07-2021,80300,80480.20313,79880,80187.10156,79733.3125,5751
13-07-2021,80439.95313,83450,80001.10156,83115.79688,82645.42969,35724
14-07-2021,83000,83356.95313,82380.60156,82806.04688,82337.42969,9792
15-07-2021,82806,83254.95313,81116,81445.20313,80984.29688,10241
16-07-2021,81950,82710,81354.89844,82449.85156,81983.25,11216
19-07-2021,81800,82964.95313,81625,82236.29688,81770.90625,7692
20-07-2021,82201,82700,81402,81640.04688,81178.03125,7135
22-07-2021,81650.5,82400,81242.54688,81572,81110.35938,6118
23-07-2021,81879.95313,81969.75,81000,81174.85156,80715.46875,4471
26-07-2021,81349,81599.54688,80700,80917.75,80459.82031,5993
27-07-2021,80925,81319.95313,79947.85156,80095.35156,79642.07813,6581
28-07-2021,80255.54688,80545,79201.04688,79922.75,79470.45313,7559
29-07-2021,80002.29688,80297.79688,79451.95313,79725.5,79274.32031,5158
30-07-2021,79964.70313,81140,79713.29688,79907.45313,79455.23438,9818
02-08-2021,80499,81349.95313,80133.29688,80420.85156,79965.73438,10580
03-08-2021,80800,81220,80512.5,81018.39844,80559.89063,5106
04-08-2021,81019,81600.45313,80202,80453,80047.10938,6965
05-08-2021,80613.89844,80722.29688,79466.89844,79663.25,79261.33594,8114
06-08-2021,79696.95313,80149.75,79000,79159.64844,78760.27344,10148
09-08-2021,79489.95313,82664.79688,79200,80050.64844,79646.78125,64535
10-08-2021,80099,80939.95313,78200,78828.04688,78430.34375,22258
11-08-2021,79000,79799.64844,77300,77603.10156,77211.57813,16579
12-08-2021,78199,78709.95313,77605,78236.04688,77841.33594,13737
13-08-2021,78550,79200,78468.14844,78872.85156,78474.92969,9067
16-08-2021,78951.70313,79350,78110,78658.79688,78261.95313,8280
17-08-2021,78658.79688,79165.04688,77930.10156,78736.60156,78339.35938,9035
18-08-2021,79099,79500,78900,79347.14844,78946.83594,7011
20-08-2021,79399,79399,77805,78076.95313,77683.03125,8520
23-08-2021,78699,78699,75950,76162.89844,75778.64063,14541
24-08-2021,76500,77401,76014.75,77157.95313,76768.6875,12172
25-08-2021,77239.95313,77980,76737.54688,77015.54688,76626.99219,12272
26-08-2021,77131,77265,76300,76564.54688,76178.27344,8394
27-08-2021,76650,77332.64844,76564.54688,76953.45313,76565.22656,6617
30-08-2021,77000,78374.95313,77000,78185.5,77791.04688,9045
31-08-2021,78300,79855.04688,78257.79688,79742.75,79340.44531,14859
01-09-2021,80000,80559.95313,79239.79688,79954.64844,79551.26563,10789
02-09-2021,80393,81875.54688,80041.45313,81265.14844,80855.16406,14947
03-09-2021,81949,82600.10156,81509.89844,82397.85156,81982.14063,15764
06-09-2021,82700,83200,81278.75,81404.85156,80994.16406,10180
07-09-2021,81785,82300,80890.04688,81084.70313,80675.61719,11928
08-09-2021,81380,81429.64844,79810,80240,79835.1875,9413
09-09-2021,80300,81469.95313,79800,79867.89844,79464.94531,14454
13-09-2021,79800,80407.10156,79250,80243.60156,79838.77344,7150
14-09-2021,80230,80847.04688,80052.04688,80423.85156,80018.10938,9958
15-09-2021,80521,80995,80116.64844,80210.14844,79805.47656,9413
16-09-2021,80600,80600,79801,79971.70313,79568.24219,6457
17-09-2021,80000,80339.79688,78851,79397.25,78996.67969,13253
20-09-2021,79190,79950,78510,78875.45313,78477.50781,11737
21-09-2021,78870,79031.29688,78050,78373.75,77978.33594,10584
22-09-2021,78500,80550,78500,79993.79688,79590.21875,16457
23-09-2021,80600,80999,80001.54688,80220.70313,79815.99219,6530
24-09-2021,80500,80690,79055.04688,79456.5,79055.63281,11095
27-09-2021,79949,82000,79144.64844,81893.39844,81480.23438,20927
28-09-2021,81759.39844,81890,79810,80488.60156,80082.52344,14053
29-09-2021,80306.10156,80431.5,78901.04688,79056.70313,78657.85156,25732
30-09-2021,79550,79679.95313,78652.04688,79375.54688,78975.08594,16379
01-10-2021,79000,79370,78510,78994.39844,78595.85938,8506
04-10-2021,79477.20313,80551.95313,79400,79787,79384.46094,10101
05-10-2021,79750,80070,79232,79407.20313,79006.59375,5361
06-10-2021,79645,79890,78500,78629.5,78232.79688,9556
07-10-2021,79149.95313,81446.39844,78860.10156,81272.54688,80862.51563,22060
08-10-2021,81300,86373.45313,81100.10156,85860.45313,85427.27344,54225
11-10-2021,85860,87550,84720.45313,84932.89844,84504.40625,28671
12-10-2021,85000,86199.95313,84380.20313,85617.5,85185.54688,16687
13-10-2021,86158,86800,85440,86106.54688,85672.125,11972
14-10-2021,86335,86600,84999.89844,85166.45313,84736.78125,7265
18-10-2021,85300,86900,84000,84314.10156,83888.73438,20490
19-10-2021,84839,85176.25,82589.35156,83013.20313,82594.38281,15834
20-10-2021,83150,83382.45313,81000,82516.54688,82100.23438,28021
21-10-2021,83278.79688,83399.95313,80900.54688,81091.45313,80682.32813,18125
22-10-2021,81100.04688,82273.25,80080,80800.39844,80392.75,24048
25-10-2021,81499.95313,81499.95313,79016.45313,79429.45313,79028.72656,19941
26-10-2021,79500,80500,79283.70313,80093.75,79689.64844,7847
27-10-2021,80494,80575,79200,79372.79688,78972.35156,6723
28-10-2021,79373,79709.20313,77300,77609.35156,77217.80469,12606
29-10-2021,77999.95313,78400,76650,77308.14844,76918.11719,9403
01-11-2021,77694,78978.14844,77250,78741.04688,78343.78125,7650
02-11-2021,78350,79390,78350,78585.20313,78188.73438,6829
03-11-2021,78860,79190,77800,77968.89844,77575.53906,7732
04-11-2021,78375,78633.95313,78100.04688,78412.5,78016.89844,1245
08-11-2021,78880,80308,78550,79942.25,79538.92969,9209
09-11-2021,80295,80489.85156,78001,78508.70313,78112.625,23116
10-11-2021,78508,78928.75,78050,78167.5,77773.14063,9926
11-11-2021,78399.85156,78399.85156,76900,77210.89844,76821.35156,12757
12-11-2021,77580,78297.85156,77254.10156,78174.85156,77780.46094,11688
15-11-2021,78400,78870.04688,77800,78485.5,78089.52344,10112
16-11-2021,78410,79448,78210.25,78444.79688,78049.02344,16137
17-11-2021,78694.45313,79500,78527.04688,79374.14844,78976.71875,10113
18-11-2021,79600,79665.95313,77299,77464.75,77076.88281,10930
22-11-2021,77842,77899,75020,75657.60156,75278.76563,15725
23-11-2021,75800,76699,75093.64844,76501.54688,76118.5,7408
24-11-2021,76654.54688,77397.85156,76114.14844,76469.54688,76086.65625,6410
25-11-2021,76569.54688,76698,75280.60156,75663.39844,75284.53906,10280
26-11-2021,75650,75650,74511,75190.35156,74813.86719,9869
29-11-2021,74905,75099.95313,73050,73818.25,73448.63281,8554
30-11-2021,73541,75996,73541,74630.79688,74257.11719,25947
01-12-2021,74989.89844,75360,73501.10156,73708.60156,73339.53125,11738
02-12-2021,74124,74280,73250.10156,73881.70313,73511.77344,11728
03-12-2021,74189.95313,74691.85156,73764.85156,73882.29688,73512.35938,6322
06-12-2021,73950,74136.64844,72954.79688,73129.04688,72762.88281,7682
07-12-2021,73690,73879.79688,73351,73608.89844,73240.32813,4638
08-12-2021,74048,75242.75,74009.35156,74655.29688,74281.49219,8118
09-12-2021,74934.35156,75275,74101.10156,74668.54688,74294.67969,6709
10-12-2021,74055,75000,74000,74221,73849.38281,4831
13-12-2021,74680,75111,73645,73792,73422.50781,7479
14-12-2021,73650,74200,73500,74111.85156,73740.76563,5830
15-12-2021,74005,74550,73800,73985.5,73615.0625,3594
16-12-2021,74060,74298.64844,73100,73306.45313,72939.40625,8181
17-12-2021,73270,73380,72100,72558.04688,72194.75,10564
20-12-2021,72000,72199.89844,68700,69950.5,69600.25781,19827
21-12-2021,69950.5,71139.70313,69950,70413.64844,70061.07813,11270
22-12-2021,70499.85156,71290,70236,70549.45313,70196.21094,8950
23-12-2021,70990,71500,70700.04688,71029.60156,70673.94531,8715
24-12-2021,71300,71300,69706.75,70090.70313,69739.75781,8524
27-12-2021,70089,70689.45313,69010,70526.20313,70173.08594,7843
28-12-2021,70540,71999,70540,71617.70313,71259.10938,8194
29-12-2021,71850,72697.85156,71400,72559.04688,72195.74219,9449
30-12-2021,72698.95313,72888,71850.29688,72119.54688,71758.4375,6786
31-12-2021,72011,73699.25,72011,73338,72970.78125,6473
03-01-2022,73589.95313,73979.95313,73113.64844,73367.70313,73000.33594,5871
04-01-2022,73667.70313,74000,73350,73937.20313,73567,6005
05-01-2022,73937.20313,74400,73783,74046,73675.22656,7370
06-01-2022,73905,74495,73200,74155.29688,73784,7559
07-01-2022,74210.14844,74573.95313,73551.04688,74189.29688,73817.82813,5550
10-01-2022,74210,74979.10156,74150,74286.39844,73914.44531,5451
11-01-2022,74286,74445,73918,74291.29688,73919.32031,5864
12-01-2022,74291.29688,75498.10156,74260.04688,75383.75,75006.30469,7862
13-01-2022,75551,76300,75030.20313,75977.04688,75596.61719,9077
14-01-2022,75970,76277.14844,75345.04688,76134.64844,75753.42969,4493
17-01-2022,76134.64844,77185.45313,75800.04688,76822.20313,76437.53906,6852
18-01-2022,76851,77299.89844,76000,76296.85156,75914.83594,8057
19-01-2022,76300,76780.29688,75650,76529.85156,76146.66406,6542
20-01-2022,76097.95313,76097.95313,73500,73728.25,73359.09375,16368
21-01-2022,73640,74800,72054.35156,72697.10156,72333.09375,11025
24-01-2022,72700,72989.95313,70002,71077.35156,70721.46094,10330
25-01-2022,70900,72249.54688,69815.39844,70569.95313,70216.59375,11974
27-01-2022,70120,71049,69459.54688,70712.64844,70358.58594,10272
28-01-2022,71070,72850,71070,71327.70313,70970.55469,9147
31-01-2022,72180,72500.04688,71401.04688,72148.10156,71786.85156,6201
01-02-2022,72400,72680,71200.20313,71515.45313,71157.35938,12365
02-02-2022,71601,72674.64844,71185,71462.45313,71104.63281,8742
03-02-2022,70450,71930,70111.29688,70987.14844,70631.71875,10786
04-02-2022,70987,71297.5,69851.89844,70006.39844,69655.875,11034
07-02-2022,70398.95313,70421.85156,68600,68798.79688,68454.32813,12143
08-02-2022,69240,69800,68500,69426.35156,69078.71875,11669
09-02-2022,69601,70579.85156,69601,70426.60156,70073.96875,5620
10-02-2022,70919.60156,70919.60156,69501,69769.20313,69419.85938,14416
11-02-2022,69700,69700,68038.20313,68233.45313,67891.80469,15042
14-02-2022,67866,67866,65708,65929,65598.89063,18628
15-02-2022,66475,66999.89844,65007.05078,66680.14844,66346.26563,14444
16-02-2022,67240,67275,66000.89844,66140.60156,65809.42969,12266
17-02-2022,66450,66641.39844,65439.64844,65615.75,65290.17188,7727
18-02-2022,65315,66263.29688,65210.30078,65638.95313,65313.26172,19661
21-02-2022,65574.89844,65574.89844,64602.35156,64734.64844,64413.44141,10513
22-02-2022,63000,65999.04688,63000,65769.60156,65443.25391,26513
23-02-2022,66164.20313,66799.95313,65701,65803.60156,65477.08594,11015
24-02-2022,64350,65850,63000,63945.60156,63628.3125,43260
25-02-2022,64100,65814.95313,64022.69922,65651.70313,65325.95313,19903
28-02-2022,65252,66250,64450,65740.95313,65414.75391,13429
02-03-2022,65660,66500,65140.85156,66223.85156,65895.25,18103
03-03-2022,66950,66980,65723,66035.45313,65707.78125,13310
04-03-2022,65600,66199.95313,65000,65911.29688,65584.25,18449
07-03-2022,65140,66448,63741.60156,66153.10156,65824.85938,29607
08-03-2022,66150,66650,65501,66394.85156,66065.39844,8208
09-03-2022,66600,66950,65890.20313,66087.85156,65759.92969,6893
10-03-2022,66687.85156,67497.79688,66555,66881.89844,66550.03125,9680
11-03-2022,66590,68094.04688,66365,67898.29688,67561.38281,7705
14-03-2022,68034,68450,67405.04688,68372.35156,68033.09375,6352
15-03-2022,68200,68995,67500,68085,67747.17188,9065
16-03-2022,68700,68849.89844,68186.64844,68370.45313,68031.20313,7593
17-03-2022,68600,69889,68500.10156,68957.79688,68615.63281,14905
21-03-2022,69652.64844,69860,66588,66876.35156,66544.51563,12368
22-03-2022,67248.89844,67300,65900,67096.60156,66763.67188,9663
23-03-2022,67105,67726.60156,66611.10156,66844.70313,66513.02344,8261
24-03-2022,66840,67399.95313,66450,66718.75,66387.69531,7400
25-03-2022,66900.04688,67179.64844,66000,66501.10156,66171.13281,5838
28-03-2022,66500,66500,64955.80078,65708.64844,65382.59766,9839
29-03-2022,65790,66878.35156,65010,65297.05078,64973.05469,9704
30-03-2022,65849.54688,65899.95313,65134.55078,65358.89844,65034.59375,7190
31-03-2022,65495,65800,64701.44922,65022.10156,64699.46484,10386
01-04-2022,65100,66650,65099.94922,66485.20313,66155.30469,7651
04-04-2022,66710,67259.95313,66710,67129.89844,66796.79688,6506
05-04-2022,67129.89844,68100,67129.89844,67756.04688,67419.84375,7621
06-04-2022,67790,67956.04688,67203.14844,67630.85156,67295.27344,6216
07-04-2022,67750,68194.14844,66900,67109.25,66776.25781,8501
08-04-2022,67490,68128.95313,66708.64844,67782.85156,67446.51563,12652
11-04-2022,67500,68000,67301.04688,67765.64844,67429.39844,4286
12-04-2022,67600,67987.20313,66565.29688,67585.70313,67250.34375,13531
13-04-2022,67650,68121,67011,67447.29688,67112.625,8522
18-04-2022,67003,67480.45313,66000.14844,66944.95313,66612.78125,11982
19-04-2022,67004,67797.54688,65800,66361.39844,66032.10938,17383
20-04-2022,66699.79688,68352.25,66501.60156,67670.39844,67334.63281,9721
21-04-2022,68005,70100,67860,69714.79688,69368.875,11532
22-04-2022,69625,69625,68600,69143.85156,68800.75781,6278
25-04-2022,68550,69499,68235.35156,69115.89844,68772.95313,9387
26-04-2022,69500,71537.89844,69225,71331.5,70977.54688,16723
27-04-2022,70315,72599.89844,70200,72218.95313,71860.60938,14670
28-04-2022,72648,72648,71254,72330.70313,71971.80469,11877
29-04-2022,72330,73400,71801.29688,72729,72368.125,11934
02-05-2022,72000,72850,71778.5,72597.5,72237.27344,5432
04-05-2022,72800,73310.64844,71300,71878.35156,71521.70313,9510
05-05-2022,72190,72850,70777,71182.14844,70828.95313,7309
06-05-2022,70650,70831.85156,69250,69913.60156,69566.6875,8667
09-05-2022,69601,69855,68325.20313,68578,68237.71875,11683
10-05-2022,68490,70939.89844,67200,68810.04688,68468.61719,28293
11-05-2022,68350,69274.89844,67817.14844,68110.70313,67772.74219,10262
12-05-2022,67990,68199.95313,66680,67622.04688,67286.50781,11473
13-05-2022,67690,73280.60156,67690,72050.89844,71693.38281,28470
16-05-2022,71780,73240,71400.10156,72528.39844,72168.51563,12665
17-05-2022,72800,74300,72600,74006.75,73639.54688,10590
18-05-2022,74205,74849.95313,73811.04688,74687.64844,74317.05469,10398
19-05-2022,73500,74250,73001,73434.75,73070.375,8680
20-05-2022,74200,74679.95313,73978.79688,74104.95313,73737.25,7777
23-05-2022,74500,75146.89844,73066.29688,73386.20313,73022.0625,8044
24-05-2022,73499.95313,74598.89844,73112.95313,74395.5,74026.35938,7073
25-05-2022,74564.25,75428,73574.60156,74824.25,74452.98438,7765
26-05-2022,75000,75300,73400,75060.95313,74688.50781,9279
27-05-2022,75210,75690,74300,74654.85156,74284.41406,7417
30-05-2022,74900,75795.5,74862.14844,75388.04688,75013.97656,6081
31-05-2022,75400,78165.64844,75237.45313,77649.45313,77264.17188,27991
01-06-2022,77200,77570,76000,76331.5,75952.75,7322
02-06-2022,75501.10156,75999.85156,75030.39844,75872.79688,75496.32031,5643
03-06-2022,76061,76887.95313,76061,76460.35156,76080.96875,10174
06-06-2022,76390,76672.85156,74555.04688,74712.29688,74341.57813,8339
07-06-2022,74000,74497.25,71337.60156,71659,71303.4375,12064
08-06-2022,71701,72396.64844,70320,70653.54688,70302.96875,10536
09-06-2022,70000,70700,70000,70425.75,70076.30469,5276
10-06-2022,70115.95313,70545,69718.5,69952.25,69605.15625,6364
13-06-2022,69000,69307.79688,68215.79688,68558.54688,68218.35938,5879
14-06-2022,67506,69500,67506,68202.25,67863.83594,6121
15-06-2022,68202.25,69551,68202.25,68441.70313,68102.10156,7761
16-06-2022,69295,69314.95313,67000,67176.60156,66843.27344,7091
17-06-2022,67000,69130,65878.35156,68124.54688,67786.52344,17498
20-06-2022,68260.79688,68599.89844,66491.45313,66651.54688,66320.82031,6721
21-06-2022,66658,68299.95313,66658,68091.54688,67753.67188,5942
22-06-2022,67600,68230,67350,68040.60156,67702.98438,4849
23-06-2022,68040.60156,69280,68040.54688,69006.20313,68663.78906,7455
24-06-2022,68900,70775,68900,70553,70202.92188,12532
27-06-2022,71200,71907.70313,70900,71221.75,70868.35938,8117
28-06-2022,71000,72599.75,70567.70313,72268.64844,71910.0625,10643
29-06-2022,71567,72000,71150,71523.75,71168.85156,6071
30-06-2022,71748,72099.79688,70425,70800.89844,70449.58594,6089
01-07-2022,70300,72500,70300,72194.29688,71836.07031,5409
04-07-2022,71900,72499.85156,71600,71776.45313,71420.29688,4102
05-07-2022,72000,72340,71056.45313,71221.14844,70867.75781,3862
06-07-2022,71721.95313,73500,71499.45313,73230.20313,72866.84375,7785
07-07-2022,73825,75500,73346.29688,75337.89844,74964.08594,12354
08-07-2022,75337.89844,76454,75335.04688,76044.95313,75667.625,10071
11-07-2022,76000,76500,75300,76375.85156,75996.86719,8025
12-07-2022,76000,76900,75829.04688,76664.64844,76284.25,7467
13-07-2022,76674,77600,76674,77273.75,76890.32031,7992
14-07-2022,77399.79688,77863.45313,76532.29688,77414.89844,77030.78125,6630
15-07-2022,77724,79729.64844,77629.54688,79558.10156,79163.32813,14260
18-07-2022,79602,80998.95313,79600,80742.5,80341.85938,15460
19-07-2022,80500,80820.89844,79191.54688,79941.79688,79545.13281,8431
20-07-2022,80075,80618.85156,79400,79784.60156,79388.71875,7028
21-07-2022,79630,80418.39844,79555,80178.39844,79780.5625,6751
22-07-2022,80290,80738,79136.29688,79400.60156,79006.625,6537
25-07-2022,79600,81198.95313,79531.79688,80834.04688,80432.96094,11727
26-07-2022,80829,80965.75,79830.79688,80150.20313,79752.50781,5871
27-07-2022,80150,80971,79650,80864.95313,80608.53125,5546
28-07-2022,81010,83300,81010,83046.5,82783.15625,14509
29-07-2022,83479,83970,82552.29688,83818.14844,83552.35156,12547
01-08-2022,84000,87400,83998.35156,86950.35156,86674.63281,16248
02-08-2022,86930,88950,86300,88173.14844,87893.55469,18522
03-08-2022,88174,88950,87216.75,88738.95313,88457.5625,15400
04-08-2022,88988.95313,89499.89844,87736.64844,88711.79688,88430.48438,11181
05-08-2022,89000,89150,87855.95313,88895.45313,88613.5625,9228
08-08-2022,88500.04688,88900,87500,87717.5,87439.34375,8338
10-08-2022,86805,87234.89844,82610,83466.60156,83201.92969,26092
11-08-2022,83999,84598,82101,82500.70313,82239.08594,12363
12-08-2022,82995,84338.20313,82271.54688,83130.85156,82867.24219,10606
16-08-2022,83500,87593.29688,83400.10156,86971.45313,86695.65625,28904
17-08-2022,87000,87925.29688,86381,86853.60156,86578.1875,18111
18-08-2022,86844.95313,87988.04688,85806.29688,87591.54688,87313.78906,14967
19-08-2022,87989,88361.85156,86436.95313,86825.89844,86550.57031,11885
22-08-2022,86808.95313,86876.95313,84510,84828.25,84559.25781,11433
23-08-2022,83930,86779.95313,83800,85895.45313,85623.07813,13741
24-08-2022,85799.95313,86699.75,84800.04688,85264.5,84994.11719,8432
25-08-2022,85599,86500,85178.79688,85445,85174.05469,12922
26-08-2022,86400,86445,85000,85272.25,85001.85156,6083
29-08-2022,84629.95313,84894.75,83479,84418.64844,84150.94531,5901
30-08-2022,84895,86263.79688,84740,85364.95313,85094.25781,14199
01-09-2022,85444,85982.89844,84500,85142.75,84872.75781,6632
02-09-2022,85795,85979.25,84202,84356.89844,84089.40625,7733
05-09-2022,84889,85100,84101.29688,84254.04688,83986.875,4058
06-09-2022,84779.45313,85889.95313,84412.04688,85257.70313,84987.34375,11784
07-09-2022,84900,85910.95313,84900,85133.29688,84863.34375,5967
08-09-2022,85599,86449.89844,85220,85396.39844,85125.60938,7893
09-09-2022,85838.35156,85990,84013,84208.04688,83941.01563,6406
12-09-2022,84550,85900,84250,85808.29688,85536.19531,8568
13-09-2022,86000.10156,86350,85315.04688,85551.25,85279.96094,5533
14-09-2022,83750,86444.04688,83750,86071.70313,85798.77344,9618
15-09-2022,86488,93887,85685.14844,92868.45313,92573.96875,66242
16-09-2022,92490,93200,85716,86112.85156,85839.78125,52693
19-09-2022,87299.95313,87600,84600,86352.79688,86078.96094,35699
20-09-2022,86994,87388,85055.54688,85661,85389.35938,17796
21-09-2022,85899,86499,84003.95313,84281.64844,84014.39063,17007
22-09-2022,84600,85200,83400,84511.5,84243.50781,14055
23-09-2022,84900,85100,82169.89844,82599.14844,82337.22656,16345
26-09-2022,82399.5,82399.5,78689.95313,79156.29688,78905.28906,17075
27-09-2022,79700.95313,81446.29688,79450,79831.04688,79577.89063,18319
28-09-2022,79825,81102.70313,79311.45313,80416.70313,80161.70313,15206
29-09-2022,81103,81938.79688,78800,79622,79369.51563,16538
30-09-2022,80080,82131.10156,79022.64844,81654.54688,81395.61719,15688
03-10-2022,82100,82100,80100,80624.25,80368.59375,9872
04-10-2022,81897,83000,81277.64844,82825.45313,82562.80469,10705
06-10-2022,83238,83856.10156,82253,82440.14844,82178.71875,10841
07-10-2022,82499,82989.95313,81803.04688,82769.64844,82507.1875,8103
10-10-2022,81825,82700,81222,82302.10156,82041.125,8792
11-10-2022,82713.64844,83082.95313,80735.25,81081.04688,80823.9375,10869
12-10-2022,81486.5,82636.04688,81200.14844,82481.70313,82220.14844,8355
13-10-2022,82369.85156,82700,81700,82112.35156,81851.96875,8430
14-10-2022,82990,83200,81010.29688,81350.14844,81092.17969,7118
17-10-2022,81390,82641.04688,80789.04688,82267.95313,82007.07813,8749
18-10-2022,82670,83300,82426.75,83088.14844,82824.67188,5618
19-10-2022,83105,84500,82500,83149.45313,82885.78906,9220
20-10-2022,83100,84500,83100,84171.79688,83904.89063,12767
21-10-2022,84210.04688,88187.89844,84210.04688,86224.79688,85951.375,36192
24-10-2022,87319,87932.20313,85890,86291.54688,86017.91406,3801
25-10-2022,86699,87700,86107.60156,87342.85156,87065.88281,14532
27-10-2022,88200,88299,86650,87362.85156,87085.82813,10885
28-10-2022,87360,89550,87299,89368.29688,89084.90625,26116
31-10-2022,89368.29688,91250,89300.04688,90767,90479.17188,16620
01-11-2022,90800,92099.95313,90300,90830.20313,90542.17188,14548
02-11-2022,91189,91500,90408.35156,90620.79688,90333.42969,11945
03-11-2022,90575,91499,90300,90658.14844,90370.67188,8267
04-11-2022,91000,91500,90500,91248.14844,90958.80469,6468
07-11-2022,91698,96000,91387.45313,94900.10156,94599.17188,28285
09-11-2022,91450,91999.45313,85901.64844,87017.45313,86741.52344,80686
10-11-2022,87017.45313,88347.79688,85100,87468.64844,87191.28125,24162
11-11-2022,88490,88858.75,85855.10156,86156.39844,85883.19531,17194
14-11-2022,86587.20313,86750,85200,86179.85156,85906.57813,13612
15-11-2022,86610.75,87850,86179.85156,87574.25,87296.54688,19773
16-11-2022,87550,88300,87000.25,87686,87407.94531,9638
17-11-2022,88000,88150,87140.25,87890.45313,87614.74219,8525
18-11-2022,87999,88394.85156,87409.70313,88092.70313,87816.375,6997
21-11-2022,88300,89397,87220,89097.20313,88817.71094,11462
22-11-2022,89005,89800,88500,88956.20313,88677.15625,9016
23-11-2022,89309.95313,89654,88685.95313,88973.14844,88694.03906,6407
24-11-2022,89199,89600,88687.20313,89404.64844,89124.1875,6000
25-11-2022,89365,90388,89001,89904.60156,89622.57813,9260
28-11-2022,90000,91969,89930.04688,91533.79688,91246.66406,13196
29-11-2022,92000,92800,91900.04688,92565.14844,92274.78125,11792
30-11-2022,92800,94103.45313,92269,93557.54688,93264.0625,17300
01-12-2022,94000,95151.20313,93234.60156,94325.5,94029.60938,16380
02-12-2022,94490,94988,93234,94554.20313,94257.59375,11977
05-12-2022,94711.95313,95243.64844,94052.45313,94673.70313,94376.72656,8584
06-12-2022,94599,94800,94060.04688,94516.89844,94220.40625,6816
07-12-2022,94699.95313,95075.89844,92616.54688,92885.39844,92594.03125,13731
08-12-2022,93100,93479.95313,90250,91092.39844,90806.64844,14507
09-12-2022,91309,92000,90065.14844,91510.70313,91223.64063,10766
12-12-2022,91730,91730,90600.04688,91393.64844,91106.95313,6440
13-12-2022,91455,91899,90601,90969.95313,90684.58594,5928
14-12-2022,91225,91947.29688,90943.75,91165.45313,90879.47656,4831
15-12-2022,91140,91699.95313,90502,90872.85156,90587.79688,5201
16-12-2022,90521,90728.75,88600,89112.75,88833.21094,8992
19-12-2022,89113,90230.95313,88536.64844,89916.95313,89634.89063,5089
20-12-2022,90199.89844,90199.89844,88700,89005,88725.80469,7210
21-12-2022,89299,89900,87278.75,88192.95313,87916.29688,7768
22-12-2022,88200.04688,88899.75,87501,88192.75,87916.10156,5601
23-12-2022,88140,88140,85774.25,86071,85801.00781,7258
26-12-2022,85802.45313,88373.95313,85201.04688,87596.60156,87321.8125,6899
27-12-2022,88000,88490,87500,88090.14844,87813.82031,5533
28-12-2022,87760,88590,87500,87923.25,87647.4375,5192
29-12-2022,87900,87900,86611.45313,87567.95313,87293.25781,6365
30-12-2022,87900,89250,87812.25,88535.45313,88257.72656,6766
02-01-2023,88600,88745.35156,87879.70313,88051.20313,87774.99219,4248
03-01-2023,88397.89844,89121,87962.70313,88876.14844,88597.35938,4793
04-01-2023,88892,89073.54688,87398,88012.25,87736.15625,7515
05-01-2023,88500,91900,88441.95313,91275.79688,90989.46875,22626
06-01-2023,91580,93400,90557.79688,93141.5,92849.32031,28710
09-01-2023,93600,93998.75,92902,93447.60156,93154.46094,8191
10-01-2023,93250,94480,93093.89844,94163.95313,93868.5625,11295
11-01-2023,94261,94399.85156,90750,91142,90856.09375,12684
12-01-2023,91597.75,91663.5,88573,89518.25,89237.44531,13853
13-01-2023,89700,90650,89156.29688,89712.95313,89431.53906,13692
16-01-2023,90100,90679.60156,89000,89228.35156,88948.45313,9198
17-01-2023,89682.85156,89965.89844,89010.04688,89526.75,89245.91406,6548
18-01-2023,89360,90399.95313,89279.95313,90196.85156,89913.90625,6516
19-01-2023,89999,90899,89819,90484,90200.16406,5767
20-01-2023,90484,91198.89844,89255.64844,89557,89276.07031,7211
23-01-2023,89995,90539.75,89679.95313,90280.35156,89997.15625,4493
24-01-2023,90500,90949.39844,90045.04688,90414.5,90130.875,4227
25-01-2023,90300,90436,88429.60156,89571.75,89290.77344,5737
27-01-2023,89640,89665.75,86911.35156,88261.10156,87984.22656,9731
30-01-2023,88360,90207,88062.75,89263.89844,88983.88281,7747
31-01-2023,89500,91090,89405.04688,90869.39844,90584.35156,11151
01-02-2023,91000,92950,90722.54688,91961.45313,91672.97656,11990
02-02-2023,91700,93000,91052.64844,92817.35156,92526.19531,7087
03-02-2023,93449,93449,91450,92853.35156,92562.07813,8666
06-02-2023,92785,93241.45313,92211.54688,92677.85156,92387.125,6467
07-02-2023,92600,92700,91550,91739.85156,91452.07031,5791
08-02-2023,91630,92484.85156,90739.85156,92275.64844,91986.1875,5787
09-02-2023,92275,93100,87351,88813.04688,88534.44531,36042
10-02-2023,89000,89976.89844,88125.64844,89070.89844,88791.49219,10500
13-02-2023,89408,89408,88200,88803.89844,88525.32813,7364
14-02-2023,89260,89260,87500,88050,87773.79688,6328
15-02-2023,88390,89074.20313,88050,88855.45313,88576.72656,6123
16-02-2023,88800,89971.70313,88722.20313,89215.79688,88935.92969,8304
17-02-2023,89120,89668,88550,88739.70313,88461.32813,4351
20-02-2023,89000,90000,88717.10156,89181.10156,88901.35156,5810
21-02-2023,89648,90445,89121.25,89957.20313,89678.03125,6804
22-02-2023,89958,90000,87500,87658.29688,87386.25781,10970
23-02-2023,87999,88249,86001,86730.85156,86461.67969,10316
24-02-2023,87350,87462,86650,86800.70313,86531.32813,4732
27-02-2023,86786,86786,84802.04688,85143.10156,84878.86719,7189
28-02-2023,85565,85898.20313,84640,85256.60156,84992.00781,9473
01-03-2023,85654.25,86444.95313,84827.5,86068.60156,85801.5,6829
02-03-2023,86480,87150,86000,86802.70313,86533.3125,4710
03-03-2023,87001,87399.39844,86200.89844,86363.14844,86095.13281,5234
06-03-2023,86400,87250,86400,86715.35156,86446.23438,4610
08-03-2023,86557,87199,86471.14844,86752.79688,86483.5625,4988
09-03-2023,86800,87169.04688,85360,85596.89844,85331.25781,6402
10-03-2023,85499.89844,85549.95313,84351,85111.20313,84847.07031,4951
13-03-2023,85330,85591.54688,82812.45313,83076.29688,82818.47656,7256
14-03-2023,83389.95313,83661.89844,82280.39844,82492.29688,82236.28906,6817
15-03-2023,83192,83199,81974.35156,82107.10156,81852.28906,4360
16-03-2023,82101,83501,81380.04688,83140.70313,82882.6875,7114
17-03-2023,83556,83556,82050,82901.79688,82644.52344,10903
20-03-2023,83556,83688.95313,82235.35156,83559.95313,83300.63281,5263
21-03-2023,83600,85710,83232.20313,83746,83486.10156,6860
22-03-2023,83900,84500,83675.04688,84399.85156,84137.91406,2961
23-03-2023,84349,84778.75,84000,84164.64844,83903.45313,2966
24-03-2023,84448.95313,84778.95313,83700,83878.5,83618.1875,3982
27-03-2023,83878,84549.89844,83416.95313,83709.75,83449.96875,3643
28-03-2023,83899,84253.89844,82223.54688,82365.35156,82109.73438,4242
29-03-2023,81900,82701.5,81786.5,82012,81757.49219,5133
31-03-2023,82422,84444,82088.25,84047.20313,83786.375,5856
03-04-2023,84047.20313,84550,83752,84400.85156,84138.91406,2396
05-04-2023,84284.20313,84746.5,83830,83949.89844,83689.36719,2944
06-04-2023,84000,84500,83325.75,84005.54688,83744.83594,3733
10-04-2023,83750,84780,83750,84398.45313,84136.52344,3582
11-04-2023,84601.04688,85298.29688,84294.29688,84617,84354.40625,3034
12-04-2023,84800.89844,85794.20313,84750,85456.25,85191.04688,4928
13-04-2023,85699,85700.04688,85407.35156,85516.95313,85251.5625,2496
17-04-2023,85499,85700,85001,85376.35156,85111.39063,2573
18-04-2023,85500,87495,85487.45313,86821.35156,86551.90625,6492
19-04-2023,87000,87343.70313,85697,85837.25,85570.85938,2897
20-04-2023,86279,86869.20313,86012.14844,86502.64844,86234.19531,2998
21-04-2023,86300,86950,86090.14844,86517.39844,86248.89844,3418
24-04-2023,86945,87200,86300,86896.14844,86626.48438,3160
25-04-2023,87100,87399.95313,86086,86561.45313,86292.82031,3991
26-04-2023,86550,87332.89844,86400,87231.20313,86960.49219,4413
27-04-2023,87497,87600,86810,87455.89844,87184.49219,3368
28-04-2023,87437.35156,89300,87376,89006.79688,88730.57813,7620
02-05-2023,89007,89498.89844,88002.04688,88596.89844,88321.95313,5222
03-05-2023,88787.95313,94390,88318.85156,93559.79688,93269.44531,47192
04-05-2023,94000,95760,93026.25,95110.79688,94815.63281,28698
05-05-2023,95110.79688,98974.64844,94500,98614.04688,98308.00781,44972
08-05-2023,98620,99933.5,97398.25,97730.64844,97427.35156,26682
09-05-2023,98149.5,99200,97201.35156,97499.75,97197.17188,13521
10-05-2023,98200,98200,96575.04688,97229.35156,96927.60938,9964
11-05-2023,97700,98240,97200,97361,97058.85156,9435
12-05-2023,97760,97800,96600.04688,96689.14844,96389.08594,6319
15-05-2023,96705,97656.35156,95150,96900.89844,96600.17969,9670
16-05-2023,96800,97600,96400,96551.85156,96252.21094,9357
17-05-2023,96536,97900,96299.79688,97655.10156,97352.03125,9469
18-05-2023,97872.25,98400,96800.10156,97060.70313,96759.48438,8164
19-05-2023,97258.04688,97280.95313,95700,96236.64844,95937.98438,10866
22-05-2023,96356.64844,96553.39844,95674.25,95911.45313,95613.80469,7085
23-05-2023,96066,96453.79688,95225.29688,95487.64844,95191.3125,9019
24-05-2023,95550,97458.39844,95338.54688,95640.29688,95343.48438,13583
25-05-2023,95680,97052.5,95570.39844,96727.35156,96427.16406,8319
26-05-2023,96735,98171,96601.14844,97881.79688,97578.02344,6694
29-05-2023,98050,98440.89844,97475,97782.20313,97478.74219,4096
30-05-2023,97782.20313,97935,96900,97096.39844,96795.07031,4289
31-05-2023,96906.39844,98650.75,96650.10156,97211.70313,96910.01563,13323
01-06-2023,97100,97988.95313,97099,97567.29688,97264.5,3795
02-06-2023,97567.29688,98100,96067.54688,96368.5,96069.4375,7514
05-06-2023,96880,97187.95313,96502.14844,96797.45313,96497.03906,3003
06-06-2023,96888,97249.5,96227.64844,96636.25,96336.35156,4249
07-06-2023,97000,99230.5,96775.14844,97553.10156,97250.35156,10781
08-06-2023,97610,98599,96900,97077.35156,96776.08594,9411
09-06-2023,97264,98597.89844,97150,98390.95313,98085.60156,8604
12-06-2023,98335.10156,99400,98152.75,98968.54688,98661.41406,7627
13-06-2023,99150.20313,100439.9531,99150.20313,99992.85156,99682.52344,16655
14-06-2023,99993,100400,99400,100114.1484,99803.46094,9786
15-06-2023,100099,100849.6016,99711,100081,99770.41406,8297
16-06-2023,100083,100694.9531,99549.5,99892.5,99582.49219,9713
19-06-2023,100000,100651,99557.04688,99758.20313,99448.61719,4964
20-06-2023,100200,100200,98280.10156,99348.20313,99039.88281,8914
21-06-2023,99648,100950,99484.35156,100422.2031,100110.5547,10714
22-06-2023,100400,100900,99500,99868.45313,99558.53125,5564
23-06-2023,99977,99977,98880.04688,99492.04688,99183.28125,4670
26-06-2023,99799.95313,100079.8984,99071.79688,99954.64844,99644.4375,3699
27-06-2023,99900,100500.9531,99300,99591.25,99282.17969,7862
28-06-2023,99891.25,100699.8516,99600,100387.2031,100075.6563,4178
30-06-2023,100598,101648.2969,100020.25,101260.5,100946.25,9620
03-07-2023,101073,101888,99600,99899.45313,99589.41406,9229
04-07-2023,100480,100480,99000,99148.89844,98841.19531,5734
05-07-2023,99600,100300,99099,100191.2031,99880.27344,5430
06-07-2023,100215,101888,100043.5,101306.5,100992.1094,8593
07-07-2023,101180,101974.9531,100680,101227.6484,100913.5,6354
10-07-2023,101177,101842.2969,100400.25,100602.8516,100290.6406,5534
11-07-2023,100949.8984,102214.8984,100811.0469,101930.2031,101613.8672,7421
12-07-2023,101899,102494.9531,101652.7031,102231.3984,101914.1328,6691
13-07-2023,102102,102300,101003.2969,101263.9531,100949.6953,3256
14-07-2023,101450,102400,101264.25,102141.2031,101824.2266,5109
17-07-2023,102141.2031,102341.2031,101820.5,101988.1484,101671.6406,2065
18-07-2023,102000,102499.9531,101611.0469,102245.4531,101928.1406,3212
19-07-2023,102256,102990,102065.2969,102718.1484,102399.375,4956
20-07-2023,102500,102733.9531,101600,101896.2031,101747.3828,3770
21-07-2023,101999.2969,102300.2969,101550,102089.25,101940.1406,2112
24-07-2023,102100,103186.7031,101750,102723.5,102573.4766,4020
25-07-2023,102202.1016,102699,102000,102525.7969,102376.0469,2053
26-07-2023,103000,103263.5,102000,102205.1484,102055.8672,4152
27-07-2023,102625,102899,101870.3516,102403.1484,102253.5859,2542
28-07-2023,102050.2031,102792.1484,101880.7031,102534.1484,102384.3906,2608
31-07-2023,102270,103298.8516,102100,102956.25,102805.875,3198
01-08-2023,102507.1484,103570.9531,102507.1484,103285.75,103134.8984,3426
02-08-2023,102998,103199.9531,102000,102589.2031,102439.3672,3702
03-08-2023,102603,107600,101400.0469,106973.3516,106817.1172,23043
04-08-2023,108469,111997,106775.3516,111296.5,111133.9531,26665
07-08-2023,111472,111500,107912.3516,108216.25,108058.2031,11175
08-08-2023,108216.25,108830.5469,105864.1484,107634.8516,107477.6484,11305
09-08-2023,107634.8516,107999,106000,106416.8984,106261.4688,8607
10-08-2023,106400.25,106753.2969,105600.0469,106355.6016,106200.2656,6482
11-08-2023,106750,106750,105615.6016,105989.25,105834.4453,4759
14-08-2023,105711.0469,106650,104807,106266.3516,106111.1484,4265
16-08-2023,105500,106650,104834.3516,106463.7031,106308.2109,4641
17-08-2023,105905.7969,106979.25,105905.7969,106472.8984,106317.3906,4952
18-08-2023,106500,108000,106430.0469,107760.3516,107602.9609,7089
21-08-2023,108500,108599.9531,107568.1016,107798.4531,107641.0156,6810
22-08-2023,108300,108549.9531,107758,108411.7969,108253.4609,3566
23-08-2023,108410,109200,108051.1484,108675.5469,108516.8203,4181
24-08-2023,109399,109399,108106,108595.1484,108436.5391,4788
25-08-2023,108127.6484,108895.7031,108000.5469,108542,108383.4688,3562
28-08-2023,108523.7031,108900.5469,107921.5469,108288,108129.8359,3583
29-08-2023,108353.7031,109000,108250.8516,108812.5,108653.5703,2244
30-08-2023,108999,109778.6484,108812.5,109593.9531,109433.8906,2943
31-08-2023,109677,109677,108266.3516,108686.25,108527.5078,5954
01-09-2023,109500,109500,107559.0469,107984.1484,107826.4297,6574
04-09-2023,108499,108980,107347.5469,108195.3984,108037.3828,4965
05-09-2023,108453.7031,108800,107888.1484,108520,108361.5,3494
06-09-2023,108250.5,109537.9531,107500,109395.75,109235.9688,8365
07-09-2023,108831,109885.6016,108798.7969,109205.1484,109045.6484,2632
08-09-2023,109300,109420.75,108600.2031,108858.3984,108699.4063,2652
11-09-2023,109450,109850,108905,109440.4531,109280.6094,3871
12-09-2023,109800,109800,107555.0469,107916.2031,107758.5859,8831
13-09-2023,108108,109191.6484,107476.7969,109058.6484,108899.3672,7363
14-09-2023,109000,111200,109000,111001.25,110839.125,6353
15-09-2023,111000,112727.9531,108539.7031,109233.8516,109074.3125,14149
18-09-2023,109666,109798.75,108060,109003.9531,108844.7422,7075
20-09-2023,109000,109764.6484,108100,109603.8984,109443.8203,4471
21-09-2023,109017.6016,109775,108500,108841.6484,108682.6797,3636
22-09-2023,108500,109350,108477.0469,108655.0469,108496.3516,3372
25-09-2023,108999.9531,109489.8984,107651,109360.2031,109200.4844,6572
26-09-2023,109300,109979.9531,108981.4531,109719.6016,109559.3516,3557
27-09-2023,109719.6016,110500,109251.8984,110285.3984,110124.3203,2909
28-09-2023,110112,110277.5,108306.1016,108726.3984,108567.6016,7911
29-09-2023,108725.8516,109362.3516,106800,107295.6016,107138.8984,9966
03-10-2023,108149.75,108600.6016,106551.0469,108294.4531,108136.2813,5523
04-10-2023,108249.7969,108249.7969,106441.1016,106901.3984,106745.2656,3710
05-10-2023,107300,107820,106583.0469,106770.5,106614.5547,3120
06-10-2023,107000,108000,107000,107550.25,107393.1641,3580
09-10-2023,107350,107684.5469,106405,107266.9531,107110.2891,4229
10-10-2023,107699,108010.5469,107001,107204.1016,107047.5234,4103
11-10-2023,107320,108162.7031,107298.8984,107738.1484,107580.7891,3534
12-10-2023,108100,108850,107910.1484,108685.25,108526.5078,3311
13-10-2023,108754,109250,108300.1484,109092.75,108933.4063,3150
16-10-2023,108990.1016,109850,108320.9531,109548.4531,109388.4531,4661
17-10-2023,110700,113439.2969,110611.5469,110885.75,110723.7969,15221
18-10-2023,111000,111099.9531,109401.0469,109672.7969,109512.6172,5862
19-10-2023,109400.5,110149.9531,108701,109575.0469,109415.0078,5030
20-10-2023,109170.1016,110046.3984,108900.0469,109504.6016,109344.6641,3657
23-10-2023,109350,110400,108639.1484,108977.3516,108818.1875,9731
25-10-2023,109299.9531,109948.8516,108150,108632.4531,108473.7891,4580
26-10-2023,108700,108700,107075.9531,107481.2969,107324.3125,5675
27-10-2023,108279,108876,107629.3516,108190.7969,108032.7891,3807
30-10-2023,108190.7969,109449.6016,107919.4531,109015.7031,108856.4766,4654
31-10-2023,109499.9531,109499.9531,107907.1016,108297.7969,108139.6172,8331
01-11-2023,108500,109275,108349.7969,108583.7969,108425.2031,3163
02-11-2023,109500.2031,110800,108925,110500.0469,110338.6641,5623
03-11-2023,110749.7969,111800,107300,107723.25,107565.9141,25427
06-11-2023,108895,108895,107103.2031,107391.8516,107235,7716
07-11-2023,108000,108000,107008.0469,107185.3984,107028.8438,4702
08-11-2023,107830,108700,107330.1016,108348.1016,108189.8516,5787
09-11-2023,108325.5,109108.9531,107774.3984,108078.2031,107920.3516,5103
10-11-2023,108299,108479.8984,107338.1016,108295.7031,108137.5313,3311
13-11-2023,108500,108500,107033.0469,107637.6016,107480.3984,6671
15-11-2023,108299,109510.4531,107812.6016,109379.5,109219.75,6906
16-11-2023,109020,110500,109000,110298.8516,110137.75,5724
17-11-2023,110000,112599.8984,109800.3516,111475.25,111315.4609,11891
20-11-2023,111339,111600,110649.9531,111390.9531,111231.2813,4443
21-11-2023,111400,111749.9531,110882.7031,111434.2969,111274.5625,2888
22-11-2023,111002.1016,111785.9531,110617.5469,111197.75,111038.3594,3222
23-11-2023,111200,111999.9531,111118,111378.7031,111219.0469,1854
24-11-2023,111000,111550,110768.1484,111448.2031,111288.4531,2854
28-11-2023,111400,111800,111200,111546.9531,111387.0625,3104
29-11-2023,111600.0469,112496.25,111600.0469,112266.5469,112105.625,5354
30-11-2023,112200,112989.9531,111443.2031,111683,111522.9141,13163
01-12-2023,111651,112100,111110.5,111409.2969,111249.6016,3677
04-12-2023,112000,112099.8516,110856.2031,111506.6484,111346.8125,4689
05-12-2023,111690,114459,110985.0469,113729.8516,113566.8281,7340
06-12-2023,113720,114499.9531,113450.75,114088.8516,113925.3125,3569
07-12-2023,114090,119000,113844.1016,117408.5469,117240.2578,11242
08-12-2023,117450,118099.7969,117021.25,117949.3984,117780.3281,7684
11-12-2023,117950,119600,117616.1016,119050.4531,118879.8125,9161
12-12-2023,119050.4531,120351,118900,119502.8984,119331.6016,8705
13-12-2023,119500,120067.9531,119146,119785.25,119613.5547,3862
14-12-2023,119950,121000,119550.0469,120558.7969,120385.9922,4276
15-12-2023,120559.7969,121193.3516,119851.3984,120084.0469,119911.9219,4857
18-12-2023,120086,120277,119312.3516,119418.6484,119247.4766,3968
19-12-2023,119312.75,120000,118567.4531,118784.6016,118614.3359,4139
20-12-2023,119500,119598.0469,117000,117318.9531,117150.7891,4608
21-12-2023,117000.9531,117727.9531,115500.0469,117575.2031,117406.6641,4166
22-12-2023,119660,120699.9531,117900.0469,119544.2969,119372.9375,12705
26-12-2023,120280,120499,119701,120269.3516,120096.9531,2962
27-12-2023,120269.3516,121343.8984,120000,121038.5469,120865.0469,4444
28-12-2023,121233,126630.6016,121000,125861.3516,125680.9453,13240
29-12-2023,126100,130399.3516,125084.6484,129579.25,129393.5078,17516
01-01-2024,129570,130734.3516,129000,129423.5469,129238.0313,9043
02-01-2024,129450,130269.6016,127257.1016,129992.2969,129805.9609,8846
03-01-2024,129740,130955,129000,130595.8516,130408.6563,7203
04-01-2024,130500,131950,130149,131509.75,131321.2344,6833
05-01-2024,131600,133500.0469,131600,132701.25,132511.0469,8182
08-01-2024,133401,133599.9531,131200,131920.5938,131731.5,7613
09-01-2024,132000,133100,131202.2031,131692.4531,131503.6875,5777
10-01-2024,132099,132199.5938,130210,131828.4063,131639.4531,5915
11-01-2024,132459,133625,132002.7031,133368,133176.8281,4736
12-01-2024,133868,134639.9063,132661.3438,134351.0938,134158.5156,6940
15-01-2024,134699,136799.9531,133650.0469,135951.1563,135756.2813,8379
16-01-2024,135215.2969,137800,135215.2969,136594.7031,136398.9063,7490
17-01-2024,136229,150254.1563,134000.0469,134878.2969,134684.9688,37455
18-01-2024,136400,137949.9531,133750,137587.2031,137389.9844,14497
19-01-2024,138995.2969,139995.9531,138033.3438,139431.9531,139232.0938,10260
23-01-2024,145786,147849.7969,139821.25,140997.25,140795.1406,22069
24-01-2024,141900,141999.8438,136105.25,139771.0469,139570.7031,17366
25-01-2024,140457,140599.9531,136133.0469,136857.9531,136661.7813,13504
29-01-2024,136857.1563,144150,136333.0469,143873.5938,143667.3594,26375
30-01-2024,144650,144750,140004,140619.8438,140418.2656,13414
31-01-2024,141000,142844.9531,140500.0938,142577.4063,142373.0313,11634
01-02-2024,143500,144350,141701,142477.7969,142273.5625,12544
02-02-2024,143000,143499.4531,140447.2969,140941.8438,140739.8125,12058
05-02-2024,142885,143974.3438,140411.2969,141645.75,141442.7188,19822
06-02-2024,142245,143600,141761.0938,143387.7031,143182.1719,8245
07-02-2024,144385,144827.5469,142532,142996.7969,142791.8125,7534
08-02-2024,143850,143850,142010.0469,142483.0938,142278.8594,7121
09-02-2024,143750,143750,136300,137083.3438,136886.8438,26614
12-02-2024,137600,144769.5938,137555,143802.75,143596.625,40809
13-02-2024,144802,145406.5,142500.5938,144627.4063,144420.0938,15951
14-02-2024,144100,148035.5,142768.4063,147284.5,147073.3906,11908
15-02-2024,148000,150199.4063,147050,148509.8438,148296.9688,16290
16-02-2024,148848,149200,147499.9063,148054.5,147842.2813,9418
19-02-2024,148998.4063,149549.9531,148101,148902.2969,148688.8594,11657
20-02-2024,148354,148938.0469,147129.5469,148626.0938,148413.0469,6520
21-02-2024,148700,150794.7031,148700,149685.9531,149474.4063,12528
22-02-2024,149206,150740,148903.0469,150164.5,149952.2813,7334
23-02-2024,150164.5,151445,150050,150725,150511.9844,7594
26-02-2024,150850,151224.75,147375.1563,148374.75,148165.0625,24255
27-02-2024,148900,149650,146108,147149.1563,146941.2031,11115
28-02-2024,147500,148500,145700,146028.4063,145822.0313,9984
29-02-2024,146300,147087.4063,144746.7031,146081.5469,145875.0938,58201
01-03-2024,146081.5469,147500,144100,145186,144980.8125,8313
04-03-2024,145625,146800,144615.75,146145.7969,145939.2656,9680
05-03-2024,146499.9531,147144.9531,145000,145396.25,145190.7656,4157
06-03-2024,145580,146149.9531,144000,145740.0938,145534.125,5515
07-03-2024,145735.9063,145735.9063,143528.2031,143956.6563,143753.2188,7336
11-03-2024,144500,145337.2969,143885.7031,144950.7031,144745.8594,10522
12-03-2024,144644.5,144644.5,141600,142276.6563,142075.5938,6303
13-03-2024,142276.6563,143500,137746.9063,139057.7031,138861.1875,9846
14-03-2024,139100,142923.4063,138900,140301.7031,140103.4219,7838
15-03-2024,140500,142632.7969,137545.8438,141312.0469,141112.3438,23415
18-03-2024,141300,141300,136300,137012.75,136819.125,16839
19-03-2024,136990,136990,132150.1563,132679.75,132492.25,13171
20-03-2024,132680.0469,134039.0469,129614.6016,131512.6563,131326.7969,14354
21-03-2024,132022,132969.9063,131045.5469,131583.5938,131397.6406,10316
22-03-2024,131700,132749.9063,130500,131302.9531,131117.3906,11040
26-03-2024,131995,132317.3438,130700.0469,131645.4063,131459.3594,7707
27-03-2024,132000,133843.9063,131264,131809.4063,131623.125,7985
28-03-2024,132889,134000,132000.5,133387.3438,133198.8438,10442
01-04-2024,135995,136989.9063,134555.0469,135719.3438,135527.5469,12671
02-04-2024,136300,137489.9531,134906.7031,137092.7969,136899.0469,7756
03-04-2024,137199,137554.9531,136000,136190.7031,135998.2344,6928
04-04-2024,136398,137117.25,135101,135360.9531,135169.6563,5388
05-04-2024,135690,136100,134500,135464.5938,135273.1563,6537
08-04-2024,134807,135799,130775.25,132708.4531,132520.9063,15744
09-04-2024,132920,133989.7031,132679.0938,132923.7031,132735.8594,3764
10-04-2024,133500,133887.9531,132250,132679.5938,132492.0938,4292
12-04-2024,133000,133349.5,131500,131716.5,131530.3594,4795
15-04-2024,131399.5,131399.5,129170,129443.7969,129260.8672,8752
16-04-2024,128500,130688.7031,128001.1484,130156.1484,129972.2109,6799
18-04-2024,130749.9531,131503.0938,129003.8516,129231.5,129048.8672,4811
19-04-2024,128921,129521.0469,127312.1016,129157.6484,128975.1172,6377
22-04-2024,129900,131651,128709.1016,129020.0469,128837.7109,6055
23-04-2024,129500,130104.1016,128754.9531,129226.7031,129044.0781,5398
24-04-2024,129437.7969,130147.6016,128325.0469,128524.4531,128342.8203,4696
25-04-2024,128500,129874.6016,128200,129632.7031,129449.5,5828
26-04-2024,129700,130750,129632.7031,130237.75,130053.6953,3735
29-04-2024,131000,131240,130400,130821.2969,130636.4141,3233
30-04-2024,131052.6484,135582.4063,131052.6484,133019.4531,132831.4688,14637
02-05-2024,134038.4531,135000,132500,133861.9531,133672.7813,9911
03-05-2024,134300,134300,127767.8984,128560.3984,128378.7109,32315
06-05-2024,129450,129450,125001.1016,126475.5,126296.7578,16067
07-05-2024,126475.5,126986.0469,123111.1016,124514.5,124338.5313,13141
08-05-2024,124514.5,127190.1484,123840,126677.6484,126498.625,9470
09-05-2024,126300,127699.8984,125800,126225.1484,126046.7656,7038
10-05-2024,126700,127850.9531,125543.4531,127595.7031,127415.3828,5922
13-05-2024,127595.7031,129199.7969,125623.1484,128881.8984,128699.7578,9777
14-05-2024,128700,129000,127700,128194.9531,128013.7813,5329
15-05-2024,128000,128549.9531,127301.9531,127445.4531,127265.3438,6132
16-05-2024,127555,129150,127050,128964.2969,128782.0391,6690
17-05-2024,128900,129589.1484,128400,129143.6016,128961.0938,9747
21-05-2024,127560,129992.2969,127560,129620.75,129437.5703,7993
22-05-2024,129650,130200,129000,129481.25,129298.2656,7108
23-05-2024,129481.25,130585,129051.0469,130160.75,129976.8047,11228
24-05-2024,130150,131497,128968.2031,131039.5469,130854.3594,8423
27-05-2024,130800,132800,130151,130953.75,130768.6797,16733
28-05-2024,131300,131498.2031,129000,129109.2031,128926.7422,5327
29-05-2024,129500,129699.9531,127920,128147.8516,127966.75,5173
30-05-2024,128000,128002.5,125050,125466.0469,125288.7344,8549
31-05-2024,126100,126899.9531,125027.5469,125431.5,125254.2344,14691
03-06-2024,128900,128900,126700.1484,126970.3984,126790.9609,17642
04-06-2024,127000,127000,116347.8516,121903.2031,121730.9297,19731
05-06-2024,123150,128328.3516,122016.8984,127959.7031,127778.8672,9992
06-06-2024,128500,128697.6484,125933.5469,126132.0469,125953.7969,10281
07-06-2024,126132.0469,127450,125801.5,127280.4531,127100.5781,7440
10-06-2024,128199,128200,126049.3984,126963.2969,126783.8672,14250
11-06-2024,126970,127500,126055,126258.8984,126080.4688,4595
12-06-2024,126400,126900,125830.0469,126077.4531,125899.2734,5185
13-06-2024,126101.4531,126765.2969,125851.1484,126079.6016,125901.4219,2995
14-06-2024,126079,126326,125387,125580.7031,125403.2266,5958
18-06-2024,125580.7031,126329.9531,125580.7031,125848.2031,125670.3516,3439
19-06-2024,125900,126197.9531,124750,124948.75,124772.1719,3973
20-06-2024,125200,126700,124615.3516,126301.1484,126122.6563,6497
21-06-2024,126300,127100,125000,125289.2969,125112.2344,7878
24-06-2024,125694,126344.3984,124500,125245.2969,125068.2969,9053
25-06-2024,126000,127770,125460.2969,126954.8516,126775.4375,6690
26-06-2024,127480,127480,125800.5,125927.4531,125749.4922,5775
27-06-2024,125927.4531,126154.4531,124800.0469,125211,125034.0469,6984
28-06-2024,125511,130837.3984,125399.9531,129459.1484,129276.1953,21408
01-07-2024,129600.5,130500,127701.5,129667.9531,129484.7031,11010
02-07-2024,129770,129959.9531,128125.1016,128687.1016,128505.2344,6210
03-07-2024,129222.5,129325.0469,128000,128927.8984,128745.6953,6825
04-07-2024,128975,129150,127830.0469,128517.8516,128336.2266,4989
05-07-2024,128500,130650,128200,128951.0469,128768.8125,7882
08-07-2024,129174,131230.5,128058.9531,128771.1016,128589.1172,20120
09-07-2024,129500,131649.9531,128759.7969,131350.5469,131164.9219,7879
10-07-2024,131999,131999,128200,130872.4531,130687.5,7283
11-07-2024,130401,131332.9531,130280,130605.8984,130421.3203,3872
12-07-2024,130610,130999.9531,129221.1484,129690.8984,129507.6172,4312
15-07-2024,130220,134350,130220,131261.8438,131076.3438,16952
16-07-2024,131850,133480,131400,133181.5938,132993.375,8534
18-07-2024,132701.0938,133174.8438,130786,132300.8438,132113.875,5679
19-07-2024,132250,132250,127500,128123.5469,127942.4766,18338
22-07-2024,128123.5469,131560,126600.1484,130974.5,130789.4063,19170
23-07-2024,130501,133736.0469,126225.6016,132004.7031,131818.1563,18946
24-07-2024,131470.1563,137876,130955.5469,137272.6563,137078.6563,22893
25-07-2024,134500.1563,139995,134500.1563,137590.0938,137590.0938,17629
26-07-2024,137890,139322.9531,136206.0469,138870.3438,138870.3438,13182
29-07-2024,138880.5,140478.2969,138500,139254.5938,139254.5938,12647
30-07-2024,139260,140500,139254.5938,139938.5,139938.5,7514
31-07-2024,139950,142497.8438,139950,142249.0469,142249.0469,11737
01-08-2024,142461.5,143849.9063,139600,140266.1563,140266.1563,8618
02-08-2024,140265,140650,138001,138360.3438,138360.3438,6267
05-08-2024,136800,137900,135275,136468.5938,136468.5938,9577
06-08-2024,136025,139000,135300,135673.2969,135673.2969,7917
07-08-2024,137500,138673.2969,134206.0469,134605.5,134605.5,6772
08-08-2024,134500,142500,132000,140391.5469,140391.5469,39876
09-08-2024,140391.5469,141249.8438,135400,136911.7031,136911.7031,17905
